"disaster_number","declaration_date","state","declaration_type","incident_type","declaration_title","incident_begin_date","incident_end_date","designated_area"
5662,"2026-08-04","CA","FM","Fire","GANN FIRE","2026-08-04","","Calaveras (County)"
4928,"2026-08-03","NE","DR","Severe Storm","SEVERE STORMS, STRAIGHT-LINE WINDS, TORNADOES, AND FLOODING","2026-05-15","2026-05-18","Fillmore (County)"
4929,"2026-08-03","MO","DR","Severe Storm","SEVERE STORMS, STRAIGHT-LINE WINDS, TORNADOES, AND FLOODING","2026-06-04","2026-06-18","Lewis (County)"
4929,"2026-08-03","MO","DR","Severe Storm","SEVERE STORMS, STRAIGHT-LINE WINDS, TORNADOES, AND FLOODING","2026-06-04","2026-06-18","Webster (County)"
3650,"2026-08-03","WA","EM","Fire","WILDFIRES","2026-08-01","","Colville Indian Reservation"
4928,"2026-08-03","NE","DR","Severe Storm","SEVERE STORMS, STRAIGHT-LINE WINDS, TORNADOES, AND FLOODING","2026-05-15","2026-05-18","Howard (County)"
3650,"2026-08-03","WA","EM","Fire","WILDFIRES","2026-08-01","","Spokane Indian Reservation"
4929,"2026-08-03","MO","DR","Severe Storm","SEVERE STORMS, STRAIGHT-LINE WINDS, TORNADOES, AND FLOODING","2026-06-04","2026-06-18","Nodaway (County)"
4930,"2026-08-03","MS","DR","Tropical Storm","TROPICAL STORM ARTHUR","2026-06-18","2026-06-20","Greene (County)"
4929,"2026-08-03","MO","DR","Severe Storm","SEVERE STORMS, STRAIGHT-LINE WINDS, TORNADOES, AND FLOODING","2026-06-04","2026-06-18","Grundy (County)"
4929,"2026-08-03","MO","DR","Severe Storm","SEVERE STORMS, STRAIGHT-LINE WINDS, TORNADOES, AND FLOODING","2026-06-04","2026-06-18","Vernon (County)"
4929,"2026-08-03","MO","DR","Severe Storm","SEVERE STORMS, STRAIGHT-LINE WINDS, TORNADOES, AND FLOODING","2026-06-04","2026-06-18","Cape Girardeau (County)"
4930,"2026-08-03","MS","DR","Tropical Storm","TROPICAL STORM ARTHUR","2026-06-18","2026-06-20","Wayne (County)"
4931,"2026-08-03","MP","DR","Typhoon","SUPER TYPHOON BAVI","2026-07-04","2026-07-12","Tinian (Municipality)"
4929,"2026-08-03","MO","DR","Severe Storm","SEVERE STORMS, STRAIGHT-LINE WINDS, TORNADOES, AND FLOODING","2026-06-04","2026-06-18","Sullivan (County)"
4932,"2026-08-03","WV","DR","Flood","SEVERE STORM, STRAIGHT-LINE WINDS, TORNADOES, FLOODING, LANDSLIDES, AND MUDSLIDES","2026-07-21","2026-07-22","Pleasants (County)"
4928,"2026-08-03","NE","DR","Severe Storm","SEVERE STORMS, STRAIGHT-LINE WINDS, TORNADOES, AND FLOODING","2026-05-15","2026-05-18","Gage (County)"
3650,"2026-08-03","WA","EM","Fire","WILDFIRES","2026-08-01","","Chelan (County)"
4929,"2026-08-03","MO","DR","Severe Storm","SEVERE STORMS, STRAIGHT-LINE WINDS, TORNADOES, AND FLOODING","2026-06-04","2026-06-18","Mercer (County)"
4930,"2026-08-03","MS","DR","Tropical Storm","TROPICAL STORM ARTHUR","2026-06-18","2026-06-20","Harrison (County)"
4931,"2026-08-03","MP","DR","Typhoon","SUPER TYPHOON BAVI","2026-07-04","2026-07-12","Rota (Municipality)"
4929,"2026-08-03","MO","DR","Severe Storm","SEVERE STORMS, STRAIGHT-LINE WINDS, TORNADOES, AND FLOODING","2026-06-04","2026-06-18","Holt (County)"
4929,"2026-08-03","MO","DR","Severe Storm","SEVERE STORMS, STRAIGHT-LINE WINDS, TORNADOES, AND FLOODING","2026-06-04","2026-06-18","Jasper (County)"
4929,"2026-08-03","MO","DR","Severe Storm","SEVERE STORMS, STRAIGHT-LINE WINDS, TORNADOES, AND FLOODING","2026-06-04","2026-06-18","Worth (County)"
4929,"2026-08-03","MO","DR","Severe Storm","SEVERE STORMS, STRAIGHT-LINE WINDS, TORNADOES, AND FLOODING","2026-06-04","2026-06-18","Dade (County)"
4932,"2026-08-03","WV","DR","Flood","SEVERE STORM, STRAIGHT-LINE WINDS, TORNADOES, FLOODING, LANDSLIDES, AND MUDSLIDES","2026-07-21","2026-07-22","Ritchie (County)"
4929,"2026-08-03","MO","DR","Severe Storm","SEVERE STORMS, STRAIGHT-LINE WINDS, TORNADOES, AND FLOODING","2026-06-04","2026-06-18","Moniteau (County)"
4929,"2026-08-03","MO","DR","Severe Storm","SEVERE STORMS, STRAIGHT-LINE WINDS, TORNADOES, AND FLOODING","2026-06-04","2026-06-18","Shelby (County)"
4929,"2026-08-03","MO","DR","Severe Storm","SEVERE STORMS, STRAIGHT-LINE WINDS, TORNADOES, AND FLOODING","2026-06-04","2026-06-18","Newton (County)"
4929,"2026-08-03","MO","DR","Severe Storm","SEVERE STORMS, STRAIGHT-LINE WINDS, TORNADOES, AND FLOODING","2026-06-04","2026-06-18","Knox (County)"
4931,"2026-08-03","MP","DR","Typhoon","SUPER TYPHOON BAVI","2026-07-04","2026-07-12","Saipan (Municipality)"
3650,"2026-08-03","WA","EM","Fire","WILDFIRES","2026-08-01","","Yakama Reservation"
4930,"2026-08-03","MS","DR","Tropical Storm","TROPICAL STORM ARTHUR","2026-06-18","2026-06-20","Hancock (County)"
4928,"2026-08-03","NE","DR","Severe Storm","SEVERE STORMS, STRAIGHT-LINE WINDS, TORNADOES, AND FLOODING","2026-05-15","2026-05-18","Nemaha (County)"
4930,"2026-08-03","MS","DR","Tropical Storm","TROPICAL STORM ARTHUR","2026-06-18","2026-06-20","Covington (County)"
3650,"2026-08-03","WA","EM","Fire","WILDFIRES","2026-08-01","","Spokane (County)"
4929,"2026-08-03","MO","DR","Severe Storm","SEVERE STORMS, STRAIGHT-LINE WINDS, TORNADOES, AND FLOODING","2026-06-04","2026-06-18","Miller (County)"
4929,"2026-08-03","MO","DR","Severe Storm","SEVERE STORMS, STRAIGHT-LINE WINDS, TORNADOES, AND FLOODING","2026-06-04","2026-06-18","Putnam (County)"
4929,"2026-08-03","MO","DR","Severe Storm","SEVERE STORMS, STRAIGHT-LINE WINDS, TORNADOES, AND FLOODING","2026-06-04","2026-06-18","Adair (County)"
4929,"2026-08-03","MO","DR","Severe Storm","SEVERE STORMS, STRAIGHT-LINE WINDS, TORNADOES, AND FLOODING","2026-06-04","2026-06-18","Andrew (County)"
4928,"2026-08-03","NE","DR","Severe Storm","SEVERE STORMS, STRAIGHT-LINE WINDS, TORNADOES, AND FLOODING","2026-05-15","2026-05-18","Jefferson (County)"
4928,"2026-08-03","NE","DR","Severe Storm","SEVERE STORMS, STRAIGHT-LINE WINDS, TORNADOES, AND FLOODING","2026-05-15","2026-05-18","Buffalo (County)"
4929,"2026-08-03","MO","DR","Severe Storm","SEVERE STORMS, STRAIGHT-LINE WINDS, TORNADOES, AND FLOODING","2026-06-04","2026-06-18","Macon (County)"
4929,"2026-08-03","MO","DR","Severe Storm","SEVERE STORMS, STRAIGHT-LINE WINDS, TORNADOES, AND FLOODING","2026-06-04","2026-06-18","Osage (County)"
4928,"2026-08-03","NE","DR","Severe Storm","SEVERE STORMS, STRAIGHT-LINE WINDS, TORNADOES, AND FLOODING","2026-05-15","2026-05-18","Thayer (County)"
4932,"2026-08-03","WV","DR","Flood","SEVERE STORM, STRAIGHT-LINE WINDS, TORNADOES, FLOODING, LANDSLIDES, AND MUDSLIDES","2026-07-21","2026-07-22","Lewis (County)"
4929,"2026-08-03","MO","DR","Severe Storm","SEVERE STORMS, STRAIGHT-LINE WINDS, TORNADOES, AND FLOODING","2026-06-04","2026-06-18","Daviess (County)"
4929,"2026-08-03","MO","DR","Severe Storm","SEVERE STORMS, STRAIGHT-LINE WINDS, TORNADOES, AND FLOODING","2026-06-04","2026-06-18","Hickory (County)"
4930,"2026-08-03","MS","DR","Tropical Storm","TROPICAL STORM ARTHUR","2026-06-18","2026-06-20","George (County)"
4928,"2026-08-03","NE","DR","Severe Storm","SEVERE STORMS, STRAIGHT-LINE WINDS, TORNADOES, AND FLOODING","2026-05-15","2026-05-18","Thurston (County)"
4929,"2026-08-03","MO","DR","Severe Storm","SEVERE STORMS, STRAIGHT-LINE WINDS, TORNADOES, AND FLOODING","2026-06-04","2026-06-18","Marion (County)"
4932,"2026-08-03","WV","DR","Flood","SEVERE STORM, STRAIGHT-LINE WINDS, TORNADOES, FLOODING, LANDSLIDES, AND MUDSLIDES","2026-07-21","2026-07-22","Upshur (County)"
4929,"2026-08-03","MO","DR","Severe Storm","SEVERE STORMS, STRAIGHT-LINE WINDS, TORNADOES, AND FLOODING","2026-06-04","2026-06-18","Morgan (County)"
3650,"2026-08-03","WA","EM","Fire","WILDFIRES","2026-08-01","","Stevens (County)"
4929,"2026-08-03","MO","DR","Severe Storm","SEVERE STORMS, STRAIGHT-LINE WINDS, TORNADOES, AND FLOODING","2026-06-04","2026-06-18","Polk (County)"
4929,"2026-08-03","MO","DR","Severe Storm","SEVERE STORMS, STRAIGHT-LINE WINDS, TORNADOES, AND FLOODING","2026-06-04","2026-06-18","Linn (County)"
4929,"2026-08-03","MO","DR","Severe Storm","SEVERE STORMS, STRAIGHT-LINE WINDS, TORNADOES, AND FLOODING","2026-06-04","2026-06-18","Camden (County)"
4929,"2026-08-03","MO","DR","Severe Storm","SEVERE STORMS, STRAIGHT-LINE WINDS, TORNADOES, AND FLOODING","2026-06-04","2026-06-18","Gentry (County)"
3650,"2026-08-03","WA","EM","Fire","WILDFIRES","2026-08-01","","Ferry (County)"
4929,"2026-08-03","MO","DR","Severe Storm","SEVERE STORMS, STRAIGHT-LINE WINDS, TORNADOES, AND FLOODING","2026-06-04","2026-06-18","Scott (County)"
4929,"2026-08-03","MO","DR","Severe Storm","SEVERE STORMS, STRAIGHT-LINE WINDS, TORNADOES, AND FLOODING","2026-06-04","2026-06-18","Harrison (County)"
4930,"2026-08-03","MS","DR","Tropical Storm","TROPICAL STORM ARTHUR","2026-06-18","2026-06-20","Stone (County)"
4929,"2026-08-03","MO","DR","Severe Storm","SEVERE STORMS, STRAIGHT-LINE WINDS, TORNADOES, AND FLOODING","2026-06-04","2026-06-18","Callaway (County)"
3650,"2026-08-03","WA","EM","Fire","WILDFIRES","2026-08-01","","Yakima (County)"
4930,"2026-08-03","MS","DR","Tropical Storm","TROPICAL STORM ARTHUR","2026-06-18","2026-06-20","Pearl River (County)"
4929,"2026-08-03","MO","DR","Severe Storm","SEVERE STORMS, STRAIGHT-LINE WINDS, TORNADOES, AND FLOODING","2026-06-04","2026-06-18","Gasconade (County)"
3650,"2026-08-03","WA","EM","Fire","WILDFIRES","2026-08-01","","Okanogan (County)"
5659,"2026-08-02","WA","FM","Fire","AUTUMN LANE FIRE","2026-08-01","","Stevens (County)"
5659,"2026-08-02","WA","FM","Fire","AUTUMN LANE FIRE","2026-08-01","","Spokane (County)"
5658,"2026-08-02","WA","FM","Fire","FAIRVIEW FIRE","2026-08-01","","Spokane (County)"
5660,"2026-08-02","ID","FM","Fire","TARTAR FIRE","2026-08-02","","Washington (County)"
5661,"2026-08-02","UT","FM","Fire","WIDEMOUTH 2 FIRE","2026-08-02","","Millard (County)"
5657,"2026-08-01","WA","FM","Fire","SINLAHEKIN FIRE","2026-08-01","","Okanogan (County)"
5656,"2026-08-01","WA","FM","Fire","OLD TRAILS FIRE","2026-08-01","","Spokane (County)"
5655,"2026-07-31","OR","FM","Fire","ROWE CREEK FIRE COMPLEX","2026-07-31","","Jefferson (County)"
5654,"2026-07-31","OR","FM","Fire","FOX FIRE","2026-07-31","","Baker (County)"
5655,"2026-07-31","OR","FM","Fire","ROWE CREEK FIRE COMPLEX","2026-07-31","","Crook (County)"
5653,"2026-07-30","WA","FM","Fire","MODRITE FIRE","2026-07-30","","Ferry (County)"
5653,"2026-07-30","WA","FM","Fire","MODRITE FIRE","2026-07-30","","Colville Indian Reservation"
5650,"2026-07-26","HI","FM","Fire","KAWAIHAE ROAD FIRE","2026-07-26","","Hawaii (County)"
5652,"2026-07-26","CA","FM","Fire","DOVE FIRE","2026-07-26","","Tuolumne (County)"
5651,"2026-07-26","WA","FM","Fire","RANSIER FIRE","2026-07-26","","Yakama Reservation"
5651,"2026-07-26","WA","FM","Fire","RANSIER FIRE","2026-07-26","","Yakima (County)"
5649,"2026-07-26","WA","FM","Fire","SIGNAL PEAK FIRE","2026-07-25","","Yakima (County)"
5649,"2026-07-26","WA","FM","Fire","SIGNAL PEAK FIRE","2026-07-25","","Yakama Reservation"
5648,"2026-07-25","OR","FM","Fire","GRASSHOPPER FIRE","2026-07-23","","Wasco (County)"
5647,"2026-07-23","OR","FM","Fire","AKAWA BUTTE FIRE","2026-07-23","","Deschutes (County)"
5647,"2026-07-23","OR","FM","Fire","AKAWA BUTTE FIRE","2026-07-23","","Warm Springs Indian Reservation"
5647,"2026-07-23","OR","FM","Fire","AKAWA BUTTE FIRE","2026-07-23","","Jefferson (County)"
3649,"2026-07-18","TX","EM","Flood","FLOODING","2026-07-12","","Kimble (County)"
3649,"2026-07-18","TX","EM","Flood","FLOODING","2026-07-12","","Blanco (County)"
3649,"2026-07-18","TX","EM","Flood","FLOODING","2026-07-12","","Medina (County)"
3649,"2026-07-18","TX","EM","Flood","FLOODING","2026-07-12","","Wilson (County)"
3649,"2026-07-18","TX","EM","Flood","FLOODING","2026-07-12","","Pecos (County)"
3649,"2026-07-18","TX","EM","Flood","FLOODING","2026-07-12","","Kendall (County)"
3649,"2026-07-18","TX","EM","Flood","FLOODING","2026-07-12","","Bexar (County)"
3649,"2026-07-18","TX","EM","Flood","FLOODING","2026-07-12","","Webb (County)"
3649,"2026-07-18","TX","EM","Flood","FLOODING","2026-07-12","","Real (County)"
3649,"2026-07-18","TX","EM","Flood","FLOODING","2026-07-12","","Menard (County)"
3649,"2026-07-18","TX","EM","Flood","FLOODING","2026-07-12","","Atascosa (County)"
3649,"2026-07-18","TX","EM","Flood","FLOODING","2026-07-12","","Schleicher (County)"
3649,"2026-07-18","TX","EM","Flood","FLOODING","2026-07-12","","Frio (County)"
3649,"2026-07-18","TX","EM","Flood","FLOODING","2026-07-12","","Terrell (County)"
3649,"2026-07-18","TX","EM","Flood","FLOODING","2026-07-12","","Edwards (County)"
3649,"2026-07-18","TX","EM","Flood","FLOODING","2026-07-12","","Val Verde (County)"
3649,"2026-07-18","TX","EM","Flood","FLOODING","2026-07-12","","Uvalde (County)"
3649,"2026-07-18","TX","EM","Flood","FLOODING","2026-07-12","","La Salle (County)"
3649,"2026-07-18","TX","EM","Flood","FLOODING","2026-07-12","","Kinney (County)"
3649,"2026-07-18","TX","EM","Flood","FLOODING","2026-07-12","","Live Oak (County)"
3649,"2026-07-18","TX","EM","Flood","FLOODING","2026-07-12","","Kerr (County)"
3649,"2026-07-18","TX","EM","Flood","FLOODING","2026-07-12","","Jim Wells (County)"
3649,"2026-07-18","TX","EM","Flood","FLOODING","2026-07-12","","Mason (County)"
3649,"2026-07-18","TX","EM","Flood","FLOODING","2026-07-12","","Bandera (County)"
3649,"2026-07-18","TX","EM","Flood","FLOODING","2026-07-12","","Zavala (County)"
3649,"2026-07-18","TX","EM","Flood","FLOODING","2026-07-12","","Dimmit (County)"
3649,"2026-07-18","TX","EM","Flood","FLOODING","2026-07-12","","Sutton (County)"
3649,"2026-07-18","TX","EM","Flood","FLOODING","2026-07-12","","Gillespie (County)"
3649,"2026-07-18","TX","EM","Flood","FLOODING","2026-07-12","","Comal (County)"
3649,"2026-07-18","TX","EM","Flood","FLOODING","2026-07-12","","Duval (County)"
3649,"2026-07-18","TX","EM","Flood","FLOODING","2026-07-12","","Maverick (County)"
3649,"2026-07-18","TX","EM","Flood","FLOODING","2026-07-12","","Brewster (County)"
3649,"2026-07-18","TX","EM","Flood","FLOODING","2026-07-12","","Crockett (County)"
5646,"2026-07-17","WA","FM","Fire","KAISER CANYON FIRE","2026-07-16","","Colville Indian Reservation"
5646,"2026-07-17","WA","FM","Fire","KAISER CANYON FIRE","2026-07-16","","Okanogan (County)"
5645,"2026-07-16","OR","FM","Fire","LOWER DRY CREEK FIRE ","2026-07-15","","Umatilla (County)"
5644,"2026-07-05","CO","FM","Fire","WILLOW FIRE","2026-07-05","","Lake (County)"
3647,"2026-07-03","MP","EM","Tropical Storm","TYPHOON BAVI","2026-07-02","","Northern Islands (Municipality)"
3647,"2026-07-03","MP","EM","Tropical Storm","TYPHOON BAVI","2026-07-02","","Northern Mariana Islands (County-equivalent)"
3647,"2026-07-03","MP","EM","Tropical Storm","TYPHOON BAVI","2026-07-02","","Saipan (Municipality)"
3648,"2026-07-03","GU","EM","Typhoon","TYPHOON BAVI","2026-07-02","","Guam (County-equivalent)"
3647,"2026-07-03","MP","EM","Tropical Storm","TYPHOON BAVI","2026-07-02","","Rota (Municipality)"
3647,"2026-07-03","MP","EM","Tropical Storm","TYPHOON BAVI","2026-07-02","","Tinian (Municipality)"
5643,"2026-06-30","CO","FM","Fire","GOLD MOUNTAIN FIRE","2026-06-30","","Ouray (County)"
4923,"2026-06-30","WI","DR","Flood","SEVERE STORMS, TORNADOES, AND FLOODING","2026-04-13","2026-04-23","Outagamie (County)"
4917,"2026-06-30","ID","DR","Severe Storm","SEVERE STORMS, STRAIGHT-LINE WINDS, FLOODING, LANDSLIDES, AND MUDSLIDES","2026-03-11","2026-03-15","Latah (County)"
4927,"2026-06-30","LA","DR","Tropical Storm","TROPICAL STORM ARTHUR","2026-06-17","2026-06-24","Winn (Parish)"
4923,"2026-06-30","WI","DR","Flood","SEVERE STORMS, TORNADOES, AND FLOODING","2026-04-13","2026-04-23","Winnebago (County)"
4923,"2026-06-30","WI","DR","Flood","SEVERE STORMS, TORNADOES, AND FLOODING","2026-04-13","2026-04-23","Milwaukee (County)"
4923,"2026-06-30","WI","DR","Flood","SEVERE STORMS, TORNADOES, AND FLOODING","2026-04-13","2026-04-23","Buffalo (County)"
4917,"2026-06-30","ID","DR","Severe Storm","SEVERE STORMS, STRAIGHT-LINE WINDS, FLOODING, LANDSLIDES, AND MUDSLIDES","2026-03-11","2026-03-15","Kootenai (County)"
4925,"2026-06-30","MI","DR","Flood","SEVERE STORMS, TORNADOES, AND FLOODING","2026-04-10","2026-04-21","Washtenaw (County)"
4925,"2026-06-30","MI","DR","Flood","SEVERE STORMS, TORNADOES, AND FLOODING","2026-04-10","2026-04-21","Crawford (County)"
4925,"2026-06-30","MI","DR","Flood","SEVERE STORMS, TORNADOES, AND FLOODING","2026-04-10","2026-04-21","Saginaw (County)"
4927,"2026-06-30","LA","DR","Tropical Storm","TROPICAL STORM ARTHUR","2026-06-17","2026-06-24","Lafourche (Parish)"
4923,"2026-06-30","WI","DR","Flood","SEVERE STORMS, TORNADOES, AND FLOODING","2026-04-13","2026-04-23","Vernon (County)"
4926,"2026-06-30","KS","DR","Severe Storm","SEVERE STORMS, STRAIGHT-LINE WINDS, TORNADOES, AND FLOODING","2026-04-26","2026-04-27","Cherokee (County)"
4925,"2026-06-30","MI","DR","Flood","SEVERE STORMS, TORNADOES, AND FLOODING","2026-04-10","2026-04-21","Montcalm (County)"
4920,"2026-06-30","NE","DR","Fire","WILDFIRES","2026-03-12","2026-04-02","Lincoln (County)"
4923,"2026-06-30","WI","DR","Flood","SEVERE STORMS, TORNADOES, AND FLOODING","2026-04-13","2026-04-23","Rock (County)"
4919,"2026-06-30","MA","DR","Winter Storm","SEVERE WINTER STORM AND SNOWSTORM","2026-02-22","2026-02-23","Mashpee Wampanoag Tribe"
4918,"2026-06-30","NM","DR","Severe Storm","SEVERE STORMS AND FLOODING","2025-09-28","2025-09-29","Pueblo of Acoma"
4925,"2026-06-30","MI","DR","Flood","SEVERE STORMS, TORNADOES, AND FLOODING","2026-04-10","2026-04-21","Iron (County)"
4925,"2026-06-30","MI","DR","Flood","SEVERE STORMS, TORNADOES, AND FLOODING","2026-04-10","2026-04-21","Roscommon (County)"
4925,"2026-06-30","MI","DR","Flood","SEVERE STORMS, TORNADOES, AND FLOODING","2026-04-10","2026-04-21","Charlevoix (County)"
4925,"2026-06-30","MI","DR","Flood","SEVERE STORMS, TORNADOES, AND FLOODING","2026-04-10","2026-04-21","Grand Traverse (County)"
4927,"2026-06-30","LA","DR","Tropical Storm","TROPICAL STORM ARTHUR","2026-06-17","2026-06-24","St. Tammany (Parish)"
4921,"2026-06-30","GU","DR","Typhoon","SUPER TYPHOON SINLAKU","2026-04-11","2026-04-18","Guam (County-equivalent)"
4923,"2026-06-30","WI","DR","Flood","SEVERE STORMS, TORNADOES, AND FLOODING","2026-04-13","2026-04-23","Jackson (County)"
4923,"2026-06-30","WI","DR","Flood","SEVERE STORMS, TORNADOES, AND FLOODING","2026-04-13","2026-04-23","Jefferson (County)"
4923,"2026-06-30","WI","DR","Flood","SEVERE STORMS, TORNADOES, AND FLOODING","2026-04-13","2026-04-23","Manitowoc (County)"
4925,"2026-06-30","MI","DR","Flood","SEVERE STORMS, TORNADOES, AND FLOODING","2026-04-10","2026-04-21","Montmorency (County)"
4925,"2026-06-30","MI","DR","Flood","SEVERE STORMS, TORNADOES, AND FLOODING","2026-04-10","2026-04-21","Iosco (County)"
4925,"2026-06-30","MI","DR","Flood","SEVERE STORMS, TORNADOES, AND FLOODING","2026-04-10","2026-04-21","Cheboygan (County)"
4922,"2026-06-30","MS","DR","Severe Storm","SEVERE STORMS, STRAIGHT-LINE WINDS, TORNADOES, AND FLOODING","2026-05-06","2026-05-07","Lawrence (County)"
4925,"2026-06-30","MI","DR","Flood","SEVERE STORMS, TORNADOES, AND FLOODING","2026-04-10","2026-04-21","Emmet (County)"
4925,"2026-06-30","MI","DR","Flood","SEVERE STORMS, TORNADOES, AND FLOODING","2026-04-10","2026-04-21","Missaukee (County)"
4925,"2026-06-30","MI","DR","Flood","SEVERE STORMS, TORNADOES, AND FLOODING","2026-04-10","2026-04-21","Oceana (County)"
4923,"2026-06-30","WI","DR","Flood","SEVERE STORMS, TORNADOES, AND FLOODING","2026-04-13","2026-04-23","Oneida Indian Reservation"
4925,"2026-06-30","MI","DR","Flood","SEVERE STORMS, TORNADOES, AND FLOODING","2026-04-10","2026-04-21","Barry (County)"
4923,"2026-06-30","WI","DR","Flood","SEVERE STORMS, TORNADOES, AND FLOODING","2026-04-13","2026-04-23","Juneau (County)"
4917,"2026-06-30","ID","DR","Severe Storm","SEVERE STORMS, STRAIGHT-LINE WINDS, FLOODING, LANDSLIDES, AND MUDSLIDES","2026-03-11","2026-03-15","Nez Perce (County)"
4925,"2026-06-30","MI","DR","Flood","SEVERE STORMS, TORNADOES, AND FLOODING","2026-04-10","2026-04-21","Alpena (County)"
4923,"2026-06-30","WI","DR","Flood","SEVERE STORMS, TORNADOES, AND FLOODING","2026-04-13","2026-04-23","Kenosha (County)"
4924,"2026-06-30","MO","DR","Severe Storm","SEVERE STORMS, TORNADOES, AND FLOODING","2026-04-23","2026-04-28","Carroll (County)"
4923,"2026-06-30","WI","DR","Flood","SEVERE STORMS, TORNADOES, AND FLOODING","2026-04-13","2026-04-23","Marathon (County)"
4925,"2026-06-30","MI","DR","Flood","SEVERE STORMS, TORNADOES, AND FLOODING","2026-04-10","2026-04-21","Wexford (County)"
4923,"2026-06-30","WI","DR","Flood","SEVERE STORMS, TORNADOES, AND FLOODING","2026-04-13","2026-04-23","Washington (County)"
4925,"2026-06-30","MI","DR","Flood","SEVERE STORMS, TORNADOES, AND FLOODING","2026-04-10","2026-04-21","Manistee (County)"
4924,"2026-06-30","MO","DR","Severe Storm","SEVERE STORMS, TORNADOES, AND FLOODING","2026-04-23","2026-04-28","St. Francois (County)"
4927,"2026-06-30","LA","DR","Tropical Storm","TROPICAL STORM ARTHUR","2026-06-17","2026-06-24","Avoyelles (Parish)"
4920,"2026-06-30","NE","DR","Fire","WILDFIRES","2026-03-12","2026-04-02","Arthur (County)"
4925,"2026-06-30","MI","DR","Flood","SEVERE STORMS, TORNADOES, AND FLOODING","2026-04-10","2026-04-21","Presque Isle (County)"
4923,"2026-06-30","WI","DR","Flood","SEVERE STORMS, TORNADOES, AND FLOODING","2026-04-13","2026-04-23","Sauk (County)"
4923,"2026-06-30","WI","DR","Flood","SEVERE STORMS, TORNADOES, AND FLOODING","2026-04-13","2026-04-23","Waukesha (County)"
4925,"2026-06-30","MI","DR","Flood","SEVERE STORMS, TORNADOES, AND FLOODING","2026-04-10","2026-04-21","Eaton (County)"
4924,"2026-06-30","MO","DR","Severe Storm","SEVERE STORMS, TORNADOES, AND FLOODING","2026-04-23","2026-04-28","Saline (County)"
4924,"2026-06-30","MO","DR","Severe Storm","SEVERE STORMS, TORNADOES, AND FLOODING","2026-04-23","2026-04-28","Randolph (County)"
4924,"2026-06-30","MO","DR","Severe Storm","SEVERE STORMS, TORNADOES, AND FLOODING","2026-04-23","2026-04-28","Ripley (County)"
4927,"2026-06-30","LA","DR","Tropical Storm","TROPICAL STORM ARTHUR","2026-06-17","2026-06-24","Pointe Coupee (Parish)"
4917,"2026-06-30","ID","DR","Severe Storm","SEVERE STORMS, STRAIGHT-LINE WINDS, FLOODING, LANDSLIDES, AND MUDSLIDES","2026-03-11","2026-03-15","Clearwater (County)"
4925,"2026-06-30","MI","DR","Flood","SEVERE STORMS, TORNADOES, AND FLOODING","2026-04-10","2026-04-21","Allegan (County)"
4917,"2026-06-30","ID","DR","Severe Storm","SEVERE STORMS, STRAIGHT-LINE WINDS, FLOODING, LANDSLIDES, AND MUDSLIDES","2026-03-11","2026-03-15","Benewah (County)"
4925,"2026-06-30","MI","DR","Flood","SEVERE STORMS, TORNADOES, AND FLOODING","2026-04-10","2026-04-21","Antrim (County)"
4924,"2026-06-30","MO","DR","Severe Storm","SEVERE STORMS, TORNADOES, AND FLOODING","2026-04-23","2026-04-28","Holt (County)"
4917,"2026-06-30","ID","DR","Severe Storm","SEVERE STORMS, STRAIGHT-LINE WINDS, FLOODING, LANDSLIDES, AND MUDSLIDES","2026-03-11","2026-03-15","Bonner (County)"
4923,"2026-06-30","WI","DR","Flood","SEVERE STORMS, TORNADOES, AND FLOODING","2026-04-13","2026-04-23","Kewaunee (County)"
4923,"2026-06-30","WI","DR","Flood","SEVERE STORMS, TORNADOES, AND FLOODING","2026-04-13","2026-04-23","Brown (County)"
4922,"2026-06-30","MS","DR","Severe Storm","SEVERE STORMS, STRAIGHT-LINE WINDS, TORNADOES, AND FLOODING","2026-05-06","2026-05-07","Franklin (County)"
4925,"2026-06-30","MI","DR","Flood","SEVERE STORMS, TORNADOES, AND FLOODING","2026-04-10","2026-04-21","Ogemaw (County)"
4923,"2026-06-30","WI","DR","Flood","SEVERE STORMS, TORNADOES, AND FLOODING","2026-04-13","2026-04-23","Iowa (County)"
4920,"2026-06-30","NE","DR","Fire","WILDFIRES","2026-03-12","2026-04-02","Grant (County)"
4924,"2026-06-30","MO","DR","Severe Storm","SEVERE STORMS, TORNADOES, AND FLOODING","2026-04-23","2026-04-28","Chariton (County)"
4925,"2026-06-30","MI","DR","Flood","SEVERE STORMS, TORNADOES, AND FLOODING","2026-04-10","2026-04-21","Lake (County)"
4925,"2026-06-30","MI","DR","Flood","SEVERE STORMS, TORNADOES, AND FLOODING","2026-04-10","2026-04-21","Muskegon (County)"
4925,"2026-06-30","MI","DR","Flood","SEVERE STORMS, TORNADOES, AND FLOODING","2026-04-10","2026-04-21","Marquette (County)"
4926,"2026-06-30","KS","DR","Severe Storm","SEVERE STORMS, STRAIGHT-LINE WINDS, TORNADOES, AND FLOODING","2026-04-26","2026-04-27","Wabaunsee (County)"
4925,"2026-06-30","MI","DR","Flood","SEVERE STORMS, TORNADOES, AND FLOODING","2026-04-10","2026-04-21","Tuscola (County)"
4926,"2026-06-30","KS","DR","Severe Storm","SEVERE STORMS, STRAIGHT-LINE WINDS, TORNADOES, AND FLOODING","2026-04-26","2026-04-27","Osage (County)"
4924,"2026-06-30","MO","DR","Severe Storm","SEVERE STORMS, TORNADOES, AND FLOODING","2026-04-23","2026-04-28","Greene (County)"
4922,"2026-06-30","MS","DR","Severe Storm","SEVERE STORMS, STRAIGHT-LINE WINDS, TORNADOES, AND FLOODING","2026-05-06","2026-05-07","Lamar (County)"
4925,"2026-06-30","MI","DR","Flood","SEVERE STORMS, TORNADOES, AND FLOODING","2026-04-10","2026-04-21","Alcona (County)"
4925,"2026-06-30","MI","DR","Flood","SEVERE STORMS, TORNADOES, AND FLOODING","2026-04-10","2026-04-21","Oscoda (County)"
4923,"2026-06-30","WI","DR","Flood","SEVERE STORMS, TORNADOES, AND FLOODING","2026-04-13","2026-04-23","Bayfield (County)"
4927,"2026-06-30","LA","DR","Tropical Storm","TROPICAL STORM ARTHUR","2026-06-17","2026-06-24","East Feliciana (Parish)"
4925,"2026-06-30","MI","DR","Flood","SEVERE STORMS, TORNADOES, AND FLOODING","2026-04-10","2026-04-21","Kalamazoo (County)"
4925,"2026-06-30","MI","DR","Flood","SEVERE STORMS, TORNADOES, AND FLOODING","2026-04-10","2026-04-21","Mecosta (County)"
4922,"2026-06-30","MS","DR","Severe Storm","SEVERE STORMS, STRAIGHT-LINE WINDS, TORNADOES, AND FLOODING","2026-05-06","2026-05-07","Lincoln (County)"
4925,"2026-06-30","MI","DR","Flood","SEVERE STORMS, TORNADOES, AND FLOODING","2026-04-10","2026-04-21","Newaygo (County)"
4925,"2026-06-30","MI","DR","Flood","SEVERE STORMS, TORNADOES, AND FLOODING","2026-04-10","2026-04-21","Osceola (County)"
4922,"2026-06-30","MS","DR","Severe Storm","SEVERE STORMS, STRAIGHT-LINE WINDS, TORNADOES, AND FLOODING","2026-05-06","2026-05-07","Wilkinson (County)"
4925,"2026-06-30","MI","DR","Flood","SEVERE STORMS, TORNADOES, AND FLOODING","2026-04-10","2026-04-21","Benzie (County)"
4926,"2026-06-30","KS","DR","Severe Storm","SEVERE STORMS, STRAIGHT-LINE WINDS, TORNADOES, AND FLOODING","2026-04-26","2026-04-27","Saline (County)"
4924,"2026-06-30","MO","DR","Severe Storm","SEVERE STORMS, TORNADOES, AND FLOODING","2026-04-23","2026-04-28","Monroe (County)"
4924,"2026-06-30","MO","DR","Severe Storm","SEVERE STORMS, TORNADOES, AND FLOODING","2026-04-23","2026-04-28","Howard (County)"
4926,"2026-06-30","KS","DR","Severe Storm","SEVERE STORMS, STRAIGHT-LINE WINDS, TORNADOES, AND FLOODING","2026-04-26","2026-04-27","Morris (County)"
4923,"2026-06-30","WI","DR","Flood","SEVERE STORMS, TORNADOES, AND FLOODING","2026-04-13","2026-04-23","Racine (County)"
4927,"2026-06-30","LA","DR","Tropical Storm","TROPICAL STORM ARTHUR","2026-06-17","2026-06-24","Terrebonne (Parish)"
4923,"2026-06-30","WI","DR","Flood","SEVERE STORMS, TORNADOES, AND FLOODING","2026-04-13","2026-04-23","Waupaca (County)"
4925,"2026-06-30","MI","DR","Flood","SEVERE STORMS, TORNADOES, AND FLOODING","2026-04-10","2026-04-21","Menominee (County)"
4925,"2026-06-30","MI","DR","Flood","SEVERE STORMS, TORNADOES, AND FLOODING","2026-04-10","2026-04-21","Gratiot (County)"
4920,"2026-06-30","NE","DR","Fire","WILDFIRES","2026-03-12","2026-04-02","Garden (County)"
4925,"2026-06-30","MI","DR","Flood","SEVERE STORMS, TORNADOES, AND FLOODING","2026-04-10","2026-04-21","Kalkaska (County)"
4927,"2026-06-30","LA","DR","Tropical Storm","TROPICAL STORM ARTHUR","2026-06-17","2026-06-24","St. Charles (Parish)"
4927,"2026-06-30","LA","DR","Tropical Storm","TROPICAL STORM ARTHUR","2026-06-17","2026-06-24","St. Landry (Parish)"
4920,"2026-06-30","NE","DR","Fire","WILDFIRES","2026-03-12","2026-04-02","Morrill (County)"
5642,"2026-06-29","CO","FM","Fire","ASPEN ACRES FIRE","2026-06-29","","Custer (County)"
5642,"2026-06-29","CO","FM","Fire","ASPEN ACRES FIRE","2026-06-29","","Pueblo (County)"
5641,"2026-06-27","UT","FM","Fire","CHERRY FIRE","2026-06-27","","Tooele (County)"
5641,"2026-06-27","UT","FM","Fire","CHERRY FIRE","2026-06-27","","Juab (County)"
5640,"2026-06-23","UT","FM","Fire","COTTONWOOD FIRE","2026-06-22","","Beaver (County)"
5639,"2026-06-21","UT","FM","Fire","IRON FIRE","2026-06-19","","Utah (County)"
5639,"2026-06-21","UT","FM","Fire","IRON FIRE","2026-06-19","","Tooele (County)"
5639,"2026-06-21","UT","FM","Fire","IRON FIRE","2026-06-19","","Juab (County)"
5638,"2026-06-16","WA","FM","Fire","UPRIVER FIRE","2026-06-16","","Spokane (County)"
5637,"2026-06-10","NE","FM","Fire","SOUTH FORK FIRE","2026-06-09","2026-06-21","Dawes (County)"
5637,"2026-06-10","NE","FM","Fire","SOUTH FORK FIRE","2026-06-09","2026-06-21","Sioux (County)"
4914,"2026-05-29","MT","DR","Winter Storm","SEVERE WINTER STORM AND STRAIGHT-LINE WINDS","2025-12-17","2025-12-18","Fort Peck Indian Reservation"
4913,"2026-05-29","KY","DR","Winter Storm","SEVERE WINTER STORM","2026-01-23","2026-01-27","Metcalfe (County)"
4913,"2026-05-29","KY","DR","Winter Storm","SEVERE WINTER STORM","2026-01-23","2026-01-27","Whitley (County)"
4913,"2026-05-29","KY","DR","Winter Storm","SEVERE WINTER STORM","2026-01-23","2026-01-27","Wayne (County)"
4913,"2026-05-29","KY","DR","Winter Storm","SEVERE WINTER STORM","2026-01-23","2026-01-27","Adair (County)"
4913,"2026-05-29","KY","DR","Winter Storm","SEVERE WINTER STORM","2026-01-23","2026-01-27","McCreary (County)"
4913,"2026-05-29","KY","DR","Winter Storm","SEVERE WINTER STORM","2026-01-23","2026-01-27","Perry (County)"
4913,"2026-05-29","KY","DR","Winter Storm","SEVERE WINTER STORM","2026-01-23","2026-01-27","Lee (County)"
4913,"2026-05-29","KY","DR","Winter Storm","SEVERE WINTER STORM","2026-01-23","2026-01-27","Menifee (County)"
4913,"2026-05-29","KY","DR","Winter Storm","SEVERE WINTER STORM","2026-01-23","2026-01-27","Barren (County)"
4913,"2026-05-29","KY","DR","Winter Storm","SEVERE WINTER STORM","2026-01-23","2026-01-27","Pulaski (County)"
4913,"2026-05-29","KY","DR","Winter Storm","SEVERE WINTER STORM","2026-01-23","2026-01-27","Clay (County)"
4913,"2026-05-29","KY","DR","Winter Storm","SEVERE WINTER STORM","2026-01-23","2026-01-27","Clinton (County)"
4913,"2026-05-29","KY","DR","Winter Storm","SEVERE WINTER STORM","2026-01-23","2026-01-27","Russell (County)"
4913,"2026-05-29","KY","DR","Winter Storm","SEVERE WINTER STORM","2026-01-23","2026-01-27","Monroe (County)"
4916,"2026-05-29","DE","DR","Winter Storm","SEVERE WINTER STORM","2026-02-22","2026-02-23","Sussex (County)"
4913,"2026-05-29","KY","DR","Winter Storm","SEVERE WINTER STORM","2026-01-23","2026-01-27","Rockcastle (County)"
4913,"2026-05-29","KY","DR","Winter Storm","SEVERE WINTER STORM","2026-01-23","2026-01-27","Laurel (County)"
4912,"2026-05-29","AK","DR","Flood","SEVERE STORMS, FLOODING, AND REMNANTS OF TYPHOON HALONG","2025-10-08","2025-10-13","Kipnuk (ANV/ANVSA)"
4916,"2026-05-29","DE","DR","Winter Storm","SEVERE WINTER STORM","2026-02-22","2026-02-23","Kent (County)"
4913,"2026-05-29","KY","DR","Winter Storm","SEVERE WINTER STORM","2026-01-23","2026-01-27","Cumberland (County)"
4913,"2026-05-29","KY","DR","Winter Storm","SEVERE WINTER STORM","2026-01-23","2026-01-27","Casey (County)"
4913,"2026-05-29","KY","DR","Winter Storm","SEVERE WINTER STORM","2026-01-23","2026-01-27","Allen (County)"
4913,"2026-05-29","KY","DR","Winter Storm","SEVERE WINTER STORM","2026-01-23","2026-01-27","Owsley (County)"
4911,"2026-05-29","AZ","DR","Severe Storm","SEVERE STORMS AND FLOODING","2025-10-10","2025-10-13","San Carlos Indian Reservation"
4915,"2026-05-29","MT","DR","Straight-Line Winds","SEVERE WINTER STORM AND STRAIGHT-LINE WINDS","2025-12-17","2025-12-19","Crow Indian Reservation"
4913,"2026-05-29","KY","DR","Winter Storm","SEVERE WINTER STORM","2026-01-23","2026-01-27","Jackson (County)"
3646,"2026-05-25","CA","EM","Chemical","CHEMICAL RELEASE","2026-05-21","2026-05-29","Orange (County)"
5636,"2026-05-20","CA","FM","Fire","BAIN FIRE","2026-05-19","","Riverside (County)"
5634,"2026-05-18","TX","FM","Fire","STINKY FIRE","2026-05-18","2026-05-21","Potter (County)"
5635,"2026-05-18","CA","FM","Fire","SANDY FIRE","2026-05-18","","Ventura (County)"
5633,"2026-05-14","TX","FM","Fire","HUNGGATE FIRE","2026-05-14","2026-05-19","Randall (County)"
4910,"2026-04-23","MP","DR","Hurricane","SUPER TYPHOON SINLAKU","2026-04-11","2026-04-18","Saipan (Municipality)"
4910,"2026-04-23","MP","DR","Hurricane","SUPER TYPHOON SINLAKU","2026-04-11","2026-04-18","Tinian (Municipality)"
4910,"2026-04-23","MP","DR","Hurricane","SUPER TYPHOON SINLAKU","2026-04-11","2026-04-18","Rota (Municipality)"
4910,"2026-04-23","MP","DR","Hurricane","SUPER TYPHOON SINLAKU","2026-04-11","2026-04-18","Northern Islands (Municipality)"
5632,"2026-04-23","FL","FM","Fire","COW CREEK FIRE","2026-04-21","","Levy (County)"
4910,"2026-04-23","MP","DR","Hurricane","SUPER TYPHOON SINLAKU","2026-04-11","2026-04-18","Northern Mariana Islands (County-equivalent)"
5630,"2026-04-22","GA","FM","Fire","HIGHWAY 82 FIRE","2026-04-20","","Brantley (County)"
5631,"2026-04-22","FL","FM","Fire","RAILROAD COMPLEX FIRE","2026-04-19","","Putnam (County)"
5631,"2026-04-22","FL","FM","Fire","RAILROAD COMPLEX FIRE","2026-04-19","","Clay (County)"
5629,"2026-04-21","GA","FM","Fire","PINELAND ROAD FIRE","2026-04-18","","Clinch (County)"
5629,"2026-04-21","GA","FM","Fire","PINELAND ROAD FIRE","2026-04-18","","Echols (County)"
3645,"2026-04-11","MP","EM","Tropical Storm","TYPHOON SINLAKU","2026-04-11","2026-04-18","Saipan (Municipality)"
3645,"2026-04-11","MP","EM","Tropical Storm","TYPHOON SINLAKU","2026-04-11","2026-04-18","Rota (Municipality)"
3645,"2026-04-11","MP","EM","Tropical Storm","TYPHOON SINLAKU","2026-04-11","2026-04-18","Tinian (Municipality)"
3645,"2026-04-11","MP","EM","Tropical Storm","TYPHOON SINLAKU","2026-04-11","2026-04-18","Northern Islands (Municipality)"
3645,"2026-04-11","MP","EM","Tropical Storm","TYPHOON SINLAKU","2026-04-11","2026-04-18","Northern Mariana Islands (County-equivalent)"
3644,"2026-04-11","GU","EM","Tropical Storm","TYPHOON SINLAKU","2026-04-11","2026-04-18","Guam (County-equivalent)"
4906,"2026-04-07","WA","DR","Flood","SEVERE STORMS, STRAIGHT-LINE WINDS, FLOODING, LANDSLIDES, AND MUDSLIDES","2025-12-05","2025-12-19","Puyallup Indian Reservation"
4902,"2026-04-07","MT","DR","Straight-Line Winds","SEVERE WINTER STORM AND STRAIGHT-LINE WINDS","2025-12-17","2025-12-18","Phillips (County)"
4906,"2026-04-07","WA","DR","Flood","SEVERE STORMS, STRAIGHT-LINE WINDS, FLOODING, LANDSLIDES, AND MUDSLIDES","2025-12-05","2025-12-19","Whatcom (County)"
4906,"2026-04-07","WA","DR","Flood","SEVERE STORMS, STRAIGHT-LINE WINDS, FLOODING, LANDSLIDES, AND MUDSLIDES","2025-12-05","2025-12-19","Kalispel Indian Reservation"
4908,"2026-04-07","SC","DR","Winter Storm","SEVERE WINTER STORM","2026-01-21","2026-01-27","Greenville (County)"
4902,"2026-04-07","MT","DR","Straight-Line Winds","SEVERE WINTER STORM AND STRAIGHT-LINE WINDS","2025-12-17","2025-12-18","Powder River (County)"
4902,"2026-04-07","MT","DR","Straight-Line Winds","SEVERE WINTER STORM AND STRAIGHT-LINE WINDS","2025-12-17","2025-12-18","Garfield (County)"
4903,"2026-04-07","SD","DR","Straight-Line Winds","STRAIGHT-LINE WINDS","2025-12-17","2025-12-18","Fall River (County)"
4902,"2026-04-07","MT","DR","Straight-Line Winds","SEVERE WINTER STORM AND STRAIGHT-LINE WINDS","2025-12-17","2025-12-18","McCone (County)"
4902,"2026-04-07","MT","DR","Straight-Line Winds","SEVERE WINTER STORM AND STRAIGHT-LINE WINDS","2025-12-17","2025-12-18","Ravalli (County)"
4906,"2026-04-07","WA","DR","Flood","SEVERE STORMS, STRAIGHT-LINE WINDS, FLOODING, LANDSLIDES, AND MUDSLIDES","2025-12-05","2025-12-19","Squaxin Island Indian Reservation"
4906,"2026-04-07","WA","DR","Flood","SEVERE STORMS, STRAIGHT-LINE WINDS, FLOODING, LANDSLIDES, AND MUDSLIDES","2025-12-05","2025-12-19","Swinomish Indian Reservation"
4906,"2026-04-07","WA","DR","Flood","SEVERE STORMS, STRAIGHT-LINE WINDS, FLOODING, LANDSLIDES, AND MUDSLIDES","2025-12-05","2025-12-19","Pierce (County)"
4905,"2026-04-07","ID","DR","Straight-Line Winds","STRAIGHT-LINE WINDS","2025-12-16","2025-12-18","Nez Perce (County)"
4905,"2026-04-07","ID","DR","Straight-Line Winds","STRAIGHT-LINE WINDS","2025-12-16","2025-12-18","Benewah (County)"
4906,"2026-04-07","WA","DR","Flood","SEVERE STORMS, STRAIGHT-LINE WINDS, FLOODING, LANDSLIDES, AND MUDSLIDES","2025-12-05","2025-12-19","Lummi Indian Reservation"
4906,"2026-04-07","WA","DR","Flood","SEVERE STORMS, STRAIGHT-LINE WINDS, FLOODING, LANDSLIDES, AND MUDSLIDES","2025-12-05","2025-12-19","Nisqually Indian Reservation"
4906,"2026-04-07","WA","DR","Flood","SEVERE STORMS, STRAIGHT-LINE WINDS, FLOODING, LANDSLIDES, AND MUDSLIDES","2025-12-05","2025-12-19","Yakima (County)"
4903,"2026-04-07","SD","DR","Straight-Line Winds","STRAIGHT-LINE WINDS","2025-12-17","2025-12-18","Pennington (County)"
4905,"2026-04-07","ID","DR","Straight-Line Winds","STRAIGHT-LINE WINDS","2025-12-16","2025-12-18","Kootenai (County)"
4906,"2026-04-07","WA","DR","Flood","SEVERE STORMS, STRAIGHT-LINE WINDS, FLOODING, LANDSLIDES, AND MUDSLIDES","2025-12-05","2025-12-19","Sauk-Suiattle Indian Reservation"
4902,"2026-04-07","MT","DR","Straight-Line Winds","SEVERE WINTER STORM AND STRAIGHT-LINE WINDS","2025-12-17","2025-12-18","Rosebud (County)"
4906,"2026-04-07","WA","DR","Flood","SEVERE STORMS, STRAIGHT-LINE WINDS, FLOODING, LANDSLIDES, AND MUDSLIDES","2025-12-05","2025-12-19","Skokomish Indian Reservation"
4902,"2026-04-07","MT","DR","Straight-Line Winds","SEVERE WINTER STORM AND STRAIGHT-LINE WINDS","2025-12-17","2025-12-18","Lake (County)"
4907,"2026-04-07","OR","DR","Severe Storm","SEVERE STORMS, STRAIGHT-LINE WINDS, FLOODING, LANDSLIDES, AND MUDSLIDES","2025-12-15","2025-12-21","Clatsop (County)"
4902,"2026-04-07","MT","DR","Straight-Line Winds","SEVERE WINTER STORM AND STRAIGHT-LINE WINDS","2025-12-17","2025-12-18","Broadwater (County)"
4902,"2026-04-07","MT","DR","Straight-Line Winds","SEVERE WINTER STORM AND STRAIGHT-LINE WINDS","2025-12-17","2025-12-18","Sanders (County)"
4902,"2026-04-07","MT","DR","Straight-Line Winds","SEVERE WINTER STORM AND STRAIGHT-LINE WINDS","2025-12-17","2025-12-18","Glacier (County)"
4906,"2026-04-07","WA","DR","Flood","SEVERE STORMS, STRAIGHT-LINE WINDS, FLOODING, LANDSLIDES, AND MUDSLIDES","2025-12-05","2025-12-19","Snohomish (County)"
4908,"2026-04-07","SC","DR","Winter Storm","SEVERE WINTER STORM","2026-01-21","2026-01-27","Pickens (County)"
4905,"2026-04-07","ID","DR","Straight-Line Winds","STRAIGHT-LINE WINDS","2025-12-16","2025-12-18","Clearwater (County)"
4905,"2026-04-07","ID","DR","Straight-Line Winds","STRAIGHT-LINE WINDS","2025-12-16","2025-12-18","Bonner (County)"
4906,"2026-04-07","WA","DR","Flood","SEVERE STORMS, STRAIGHT-LINE WINDS, FLOODING, LANDSLIDES, AND MUDSLIDES","2025-12-05","2025-12-19","Cowlitz Reservation"
4909,"2026-04-07","HI","DR","Flood","SEVERE STORMS, FLOODING, LANDSLIDES, AND MUDSLIDES","2026-03-10","2026-03-24","Maui (County)"
4906,"2026-04-07","WA","DR","Flood","SEVERE STORMS, STRAIGHT-LINE WINDS, FLOODING, LANDSLIDES, AND MUDSLIDES","2025-12-05","2025-12-19","Skagit (County)"
4908,"2026-04-07","SC","DR","Winter Storm","SEVERE WINTER STORM","2026-01-21","2026-01-27","Oconee (County)"
4905,"2026-04-07","ID","DR","Straight-Line Winds","STRAIGHT-LINE WINDS","2025-12-16","2025-12-18","Latah (County)"
4902,"2026-04-07","MT","DR","Straight-Line Winds","SEVERE WINTER STORM AND STRAIGHT-LINE WINDS","2025-12-17","2025-12-18","Powell (County)"
4906,"2026-04-07","WA","DR","Flood","SEVERE STORMS, STRAIGHT-LINE WINDS, FLOODING, LANDSLIDES, AND MUDSLIDES","2025-12-05","2025-12-19","Chehalis Indian Reservation"
4904,"2026-04-07","AK","DR","Winter Storm","SEVERE STORM","2025-12-06","2025-12-09","Matanuska-Susitna (Borough)"
4902,"2026-04-07","MT","DR","Straight-Line Winds","SEVERE WINTER STORM AND STRAIGHT-LINE WINDS","2025-12-17","2025-12-18","Stillwater (County)"
4905,"2026-04-07","ID","DR","Straight-Line Winds","STRAIGHT-LINE WINDS","2025-12-16","2025-12-18","Idaho (County)"
4906,"2026-04-07","WA","DR","Flood","SEVERE STORMS, STRAIGHT-LINE WINDS, FLOODING, LANDSLIDES, AND MUDSLIDES","2025-12-05","2025-12-19","King (County)"
4906,"2026-04-07","WA","DR","Flood","SEVERE STORMS, STRAIGHT-LINE WINDS, FLOODING, LANDSLIDES, AND MUDSLIDES","2025-12-05","2025-12-19","Quinault Indian Reservation"
4902,"2026-04-07","MT","DR","Straight-Line Winds","SEVERE WINTER STORM AND STRAIGHT-LINE WINDS","2025-12-17","2025-12-18","Carbon (County)"
4906,"2026-04-07","WA","DR","Flood","SEVERE STORMS, STRAIGHT-LINE WINDS, FLOODING, LANDSLIDES, AND MUDSLIDES","2025-12-05","2025-12-19","Grays Harbor (County)"
4906,"2026-04-07","WA","DR","Flood","SEVERE STORMS, STRAIGHT-LINE WINDS, FLOODING, LANDSLIDES, AND MUDSLIDES","2025-12-05","2025-12-19","Lower Elwha Indian Reservation"
4902,"2026-04-07","MT","DR","Straight-Line Winds","SEVERE WINTER STORM AND STRAIGHT-LINE WINDS","2025-12-17","2025-12-18","Sweet Grass (County)"
4906,"2026-04-07","WA","DR","Flood","SEVERE STORMS, STRAIGHT-LINE WINDS, FLOODING, LANDSLIDES, AND MUDSLIDES","2025-12-05","2025-12-19","Nooksack Indian Reservation"
4907,"2026-04-07","OR","DR","Severe Storm","SEVERE STORMS, STRAIGHT-LINE WINDS, FLOODING, LANDSLIDES, AND MUDSLIDES","2025-12-15","2025-12-21","Lincoln (County)"
4906,"2026-04-07","WA","DR","Flood","SEVERE STORMS, STRAIGHT-LINE WINDS, FLOODING, LANDSLIDES, AND MUDSLIDES","2025-12-05","2025-12-19","Samish (TDSA)"
4906,"2026-04-07","WA","DR","Flood","SEVERE STORMS, STRAIGHT-LINE WINDS, FLOODING, LANDSLIDES, AND MUDSLIDES","2025-12-05","2025-12-19","Shoalwater Bay Reservation"
4906,"2026-04-07","WA","DR","Flood","SEVERE STORMS, STRAIGHT-LINE WINDS, FLOODING, LANDSLIDES, AND MUDSLIDES","2025-12-05","2025-12-19","Island (County)"
4906,"2026-04-07","WA","DR","Flood","SEVERE STORMS, STRAIGHT-LINE WINDS, FLOODING, LANDSLIDES, AND MUDSLIDES","2025-12-05","2025-12-19","Jefferson (County)"
4906,"2026-04-07","WA","DR","Flood","SEVERE STORMS, STRAIGHT-LINE WINDS, FLOODING, LANDSLIDES, AND MUDSLIDES","2025-12-05","2025-12-19","Snoqualmie Indian Reservation"
4906,"2026-04-07","WA","DR","Flood","SEVERE STORMS, STRAIGHT-LINE WINDS, FLOODING, LANDSLIDES, AND MUDSLIDES","2025-12-05","2025-12-19","Jamestown Reservation"
4906,"2026-04-07","WA","DR","Flood","SEVERE STORMS, STRAIGHT-LINE WINDS, FLOODING, LANDSLIDES, AND MUDSLIDES","2025-12-05","2025-12-19","Stillaguamish Indian Reservation"
4906,"2026-04-07","WA","DR","Flood","SEVERE STORMS, STRAIGHT-LINE WINDS, FLOODING, LANDSLIDES, AND MUDSLIDES","2025-12-05","2025-12-19","Quileute Indian Reservation"
4902,"2026-04-07","MT","DR","Straight-Line Winds","SEVERE WINTER STORM AND STRAIGHT-LINE WINDS","2025-12-17","2025-12-18","Teton (County)"
4902,"2026-04-07","MT","DR","Straight-Line Winds","SEVERE WINTER STORM AND STRAIGHT-LINE WINDS","2025-12-17","2025-12-18","Mineral (County)"
4907,"2026-04-07","OR","DR","Severe Storm","SEVERE STORMS, STRAIGHT-LINE WINDS, FLOODING, LANDSLIDES, AND MUDSLIDES","2025-12-15","2025-12-21","Yamhill (County)"
4906,"2026-04-07","WA","DR","Flood","SEVERE STORMS, STRAIGHT-LINE WINDS, FLOODING, LANDSLIDES, AND MUDSLIDES","2025-12-05","2025-12-19","Yakama Reservation"
4902,"2026-04-07","MT","DR","Straight-Line Winds","SEVERE WINTER STORM AND STRAIGHT-LINE WINDS","2025-12-17","2025-12-18","Pondera (County)"
4907,"2026-04-07","OR","DR","Severe Storm","SEVERE STORMS, STRAIGHT-LINE WINDS, FLOODING, LANDSLIDES, AND MUDSLIDES","2025-12-15","2025-12-21","Wasco (County)"
4906,"2026-04-07","WA","DR","Flood","SEVERE STORMS, STRAIGHT-LINE WINDS, FLOODING, LANDSLIDES, AND MUDSLIDES","2025-12-05","2025-12-19","Pacific (County)"
4906,"2026-04-07","WA","DR","Flood","SEVERE STORMS, STRAIGHT-LINE WINDS, FLOODING, LANDSLIDES, AND MUDSLIDES","2025-12-05","2025-12-19","Cowlitz (County)"
4902,"2026-04-07","MT","DR","Straight-Line Winds","SEVERE WINTER STORM AND STRAIGHT-LINE WINDS","2025-12-17","2025-12-18","Fort Belknap Indian Reservation"
4907,"2026-04-07","OR","DR","Severe Storm","SEVERE STORMS, STRAIGHT-LINE WINDS, FLOODING, LANDSLIDES, AND MUDSLIDES","2025-12-15","2025-12-21","Polk (County)"
4902,"2026-04-07","MT","DR","Straight-Line Winds","SEVERE WINTER STORM AND STRAIGHT-LINE WINDS","2025-12-17","2025-12-18","Fort Peck Indian Reservation"
4906,"2026-04-07","WA","DR","Flood","SEVERE STORMS, STRAIGHT-LINE WINDS, FLOODING, LANDSLIDES, AND MUDSLIDES","2025-12-05","2025-12-19","Pend Oreille (County)"
4907,"2026-04-07","OR","DR","Severe Storm","SEVERE STORMS, STRAIGHT-LINE WINDS, FLOODING, LANDSLIDES, AND MUDSLIDES","2025-12-15","2025-12-21","Lane (County)"
4906,"2026-04-07","WA","DR","Flood","SEVERE STORMS, STRAIGHT-LINE WINDS, FLOODING, LANDSLIDES, AND MUDSLIDES","2025-12-05","2025-12-19","Klickitat (County)"
4905,"2026-04-07","ID","DR","Straight-Line Winds","STRAIGHT-LINE WINDS","2025-12-16","2025-12-18","Lewis (County)"
4902,"2026-04-07","MT","DR","Straight-Line Winds","SEVERE WINTER STORM AND STRAIGHT-LINE WINDS","2025-12-17","2025-12-18","Valley (County)"
4906,"2026-04-07","WA","DR","Flood","SEVERE STORMS, STRAIGHT-LINE WINDS, FLOODING, LANDSLIDES, AND MUDSLIDES","2025-12-05","2025-12-19","Asotin (County)"
4906,"2026-04-07","WA","DR","Flood","SEVERE STORMS, STRAIGHT-LINE WINDS, FLOODING, LANDSLIDES, AND MUDSLIDES","2025-12-05","2025-12-19","Tulalip Indian Reservation"
4902,"2026-04-07","MT","DR","Straight-Line Winds","SEVERE WINTER STORM AND STRAIGHT-LINE WINDS","2025-12-17","2025-12-18","Lincoln (County)"
4907,"2026-04-07","OR","DR","Severe Storm","SEVERE STORMS, STRAIGHT-LINE WINDS, FLOODING, LANDSLIDES, AND MUDSLIDES","2025-12-15","2025-12-21","Tillamook (County)"
4907,"2026-04-07","OR","DR","Severe Storm","SEVERE STORMS, STRAIGHT-LINE WINDS, FLOODING, LANDSLIDES, AND MUDSLIDES","2025-12-15","2025-12-21","Clackamas (County)"
4906,"2026-04-07","WA","DR","Flood","SEVERE STORMS, STRAIGHT-LINE WINDS, FLOODING, LANDSLIDES, AND MUDSLIDES","2025-12-05","2025-12-19","Makah Indian Reservation"
4902,"2026-04-07","MT","DR","Straight-Line Winds","SEVERE WINTER STORM AND STRAIGHT-LINE WINDS","2025-12-17","2025-12-18","Missoula (County)"
4906,"2026-04-07","WA","DR","Flood","SEVERE STORMS, STRAIGHT-LINE WINDS, FLOODING, LANDSLIDES, AND MUDSLIDES","2025-12-05","2025-12-19","Mason (County)"
4906,"2026-04-07","WA","DR","Flood","SEVERE STORMS, STRAIGHT-LINE WINDS, FLOODING, LANDSLIDES, AND MUDSLIDES","2025-12-05","2025-12-19","Thurston (County)"
4906,"2026-04-07","WA","DR","Flood","SEVERE STORMS, STRAIGHT-LINE WINDS, FLOODING, LANDSLIDES, AND MUDSLIDES","2025-12-05","2025-12-19","Clark (County)"
4906,"2026-04-07","WA","DR","Flood","SEVERE STORMS, STRAIGHT-LINE WINDS, FLOODING, LANDSLIDES, AND MUDSLIDES","2025-12-05","2025-12-19","Hoh Indian Reservation"
4905,"2026-04-07","ID","DR","Straight-Line Winds","STRAIGHT-LINE WINDS","2025-12-16","2025-12-18","Boundary (County)"
4902,"2026-04-07","MT","DR","Straight-Line Winds","SEVERE WINTER STORM AND STRAIGHT-LINE WINDS","2025-12-17","2025-12-18","Judith Basin (County)"
4906,"2026-04-07","WA","DR","Flood","SEVERE STORMS, STRAIGHT-LINE WINDS, FLOODING, LANDSLIDES, AND MUDSLIDES","2025-12-05","2025-12-19","Upper Skagit Indian Reservation"
4909,"2026-04-07","HI","DR","Flood","SEVERE STORMS, FLOODING, LANDSLIDES, AND MUDSLIDES","2026-03-10","2026-03-24","Hawaii (County)"
4902,"2026-04-07","MT","DR","Straight-Line Winds","SEVERE WINTER STORM AND STRAIGHT-LINE WINDS","2025-12-17","2025-12-18","Park (County)"
4902,"2026-04-07","MT","DR","Straight-Line Winds","SEVERE WINTER STORM AND STRAIGHT-LINE WINDS","2025-12-17","2025-12-18","Dawson (County)"
4906,"2026-04-07","WA","DR","Flood","SEVERE STORMS, STRAIGHT-LINE WINDS, FLOODING, LANDSLIDES, AND MUDSLIDES","2025-12-05","2025-12-19","Chelan (County)"
4906,"2026-04-07","WA","DR","Flood","SEVERE STORMS, STRAIGHT-LINE WINDS, FLOODING, LANDSLIDES, AND MUDSLIDES","2025-12-05","2025-12-19","Skamania (County)"
4906,"2026-04-07","WA","DR","Flood","SEVERE STORMS, STRAIGHT-LINE WINDS, FLOODING, LANDSLIDES, AND MUDSLIDES","2025-12-05","2025-12-19","Wahkiakum (County)"
4902,"2026-04-07","MT","DR","Straight-Line Winds","SEVERE WINTER STORM AND STRAIGHT-LINE WINDS","2025-12-17","2025-12-18","Blaine (County)"
4906,"2026-04-07","WA","DR","Flood","SEVERE STORMS, STRAIGHT-LINE WINDS, FLOODING, LANDSLIDES, AND MUDSLIDES","2025-12-05","2025-12-19","Lewis (County)"
4906,"2026-04-07","WA","DR","Flood","SEVERE STORMS, STRAIGHT-LINE WINDS, FLOODING, LANDSLIDES, AND MUDSLIDES","2025-12-05","2025-12-19","Clallam (County)"
4901,"2026-04-07","MT","DR","Flood","SEVERE STORMS AND FLOODING","2025-12-09","2025-12-11","Lincoln (County)"
4902,"2026-04-07","MT","DR","Straight-Line Winds","SEVERE WINTER STORM AND STRAIGHT-LINE WINDS","2025-12-17","2025-12-18","Northern Cheyenne Indian Reservation"
4902,"2026-04-07","MT","DR","Straight-Line Winds","SEVERE WINTER STORM AND STRAIGHT-LINE WINDS","2025-12-17","2025-12-18","Wheatland (County)"
4909,"2026-04-07","HI","DR","Flood","SEVERE STORMS, FLOODING, LANDSLIDES, AND MUDSLIDES","2026-03-10","2026-03-24","Honolulu (County)"
4905,"2026-04-07","ID","DR","Straight-Line Winds","STRAIGHT-LINE WINDS","2025-12-16","2025-12-18","Shoshone (County)"
4902,"2026-04-07","MT","DR","Straight-Line Winds","SEVERE WINTER STORM AND STRAIGHT-LINE WINDS","2025-12-17","2025-12-18","Golden Valley (County)"
4902,"2026-04-07","MT","DR","Straight-Line Winds","SEVERE WINTER STORM AND STRAIGHT-LINE WINDS","2025-12-17","2025-12-18","Blackfeet Indian Reservation"
4906,"2026-04-07","WA","DR","Flood","SEVERE STORMS, STRAIGHT-LINE WINDS, FLOODING, LANDSLIDES, AND MUDSLIDES","2025-12-05","2025-12-19","Kittitas (County)"
4902,"2026-04-07","MT","DR","Straight-Line Winds","SEVERE WINTER STORM AND STRAIGHT-LINE WINDS","2025-12-17","2025-12-18","Flathead (County)"
4906,"2026-04-07","WA","DR","Flood","SEVERE STORMS, STRAIGHT-LINE WINDS, FLOODING, LANDSLIDES, AND MUDSLIDES","2025-12-05","2025-12-19","Garfield (County)"
4903,"2026-04-07","SD","DR","Straight-Line Winds","STRAIGHT-LINE WINDS","2025-12-17","2025-12-18","Custer (County)"
4907,"2026-04-07","OR","DR","Severe Storm","SEVERE STORMS, STRAIGHT-LINE WINDS, FLOODING, LANDSLIDES, AND MUDSLIDES","2025-12-15","2025-12-21","Linn (County)"
4906,"2026-04-07","WA","DR","Flood","SEVERE STORMS, STRAIGHT-LINE WINDS, FLOODING, LANDSLIDES, AND MUDSLIDES","2025-12-05","2025-12-19","Muckleshoot Indian Reservation"
4902,"2026-04-07","MT","DR","Straight-Line Winds","SEVERE WINTER STORM AND STRAIGHT-LINE WINDS","2025-12-17","2025-12-18","Big Horn (County)"
4907,"2026-04-07","OR","DR","Severe Storm","SEVERE STORMS, STRAIGHT-LINE WINDS, FLOODING, LANDSLIDES, AND MUDSLIDES","2025-12-15","2025-12-21","Hood River (County)"
4907,"2026-04-07","OR","DR","Severe Storm","SEVERE STORMS, STRAIGHT-LINE WINDS, FLOODING, LANDSLIDES, AND MUDSLIDES","2025-12-15","2025-12-21","Union (County)"
5628,"2026-03-22","OK","FM","Fire","JUMPING JUNIPER FIRE","2026-03-22","","Dewey (County)"
5627,"2026-03-22","OK","FM","Fire","DIBBLE CREEK FIRE","2026-03-22","","McClain (County)"
5626,"2026-03-19","OK","FM","Fire","BUCK HORN FIRE","2026-03-19","","Murray (County)"
5625,"2026-03-15","TX","FM","Fire","CORNER POCKET FIRE","2026-03-15","","Donley (County)"
5624,"2026-03-15","OK","FM","Fire","1170 ROAD FIRE","2026-03-15","2026-03-16","Beckham (County)"
5623,"2026-03-13","NE","FM","Fire","MORRILL-COTTONWOOD FIRE","2026-03-12","2026-03-27","Keith (County)"
5622,"2026-03-13","SD","FM","Fire","QURY FIRE","2026-03-12","","Custer (County)"
5623,"2026-03-13","NE","FM","Fire","MORRILL-COTTONWOOD FIRE","2026-03-12","2026-03-27","Grant (County)"
5623,"2026-03-13","NE","FM","Fire","MORRILL-COTTONWOOD FIRE","2026-03-12","2026-03-27","Morrill (County)"
5623,"2026-03-13","NE","FM","Fire","MORRILL-COTTONWOOD FIRE","2026-03-12","2026-03-27","Dawson (County)"
5623,"2026-03-13","NE","FM","Fire","MORRILL-COTTONWOOD FIRE","2026-03-12","2026-03-27","Garden (County)"
5623,"2026-03-13","NE","FM","Fire","MORRILL-COTTONWOOD FIRE","2026-03-12","2026-03-27","Lincoln (County)"
5623,"2026-03-13","NE","FM","Fire","MORRILL-COTTONWOOD FIRE","2026-03-12","2026-03-27","Arthur (County)"
3643,"2026-02-20","DC","EM","Other","SEWER LINE COLLAPSE ","2026-01-19","2026-03-14","District of Columbia (County-equivalent)"
5621,"2026-02-19","OK","FM","Fire","RATTLESNAKE FIRE","2026-02-19","2026-02-26","Washington (County)"
5620,"2026-02-19","OK","FM","Fire","HOSPITAL ROAD FIRE","2026-02-19","2026-02-22","Carter (County)"
5621,"2026-02-19","OK","FM","Fire","RATTLESNAKE FIRE","2026-02-19","2026-02-26","Osage (County)"
4900,"2026-02-18","LA","DR","Winter Storm","SEVERE WINTER STORM","2026-01-23","2026-01-27","Tensas (Parish)"
4900,"2026-02-18","LA","DR","Winter Storm","SEVERE WINTER STORM","2026-01-23","2026-01-27","De Soto (Parish)"
4900,"2026-02-18","LA","DR","Winter Storm","SEVERE WINTER STORM","2026-01-23","2026-01-27","Jackson (Parish)"
4900,"2026-02-18","LA","DR","Winter Storm","SEVERE WINTER STORM","2026-01-23","2026-01-27","Franklin (Parish)"
4900,"2026-02-18","LA","DR","Winter Storm","SEVERE WINTER STORM","2026-01-23","2026-01-27","Richland (Parish)"
4900,"2026-02-18","LA","DR","Winter Storm","SEVERE WINTER STORM","2026-01-23","2026-01-27","West Carroll (Parish)"
5619,"2026-02-18","TX","FM","Fire","8 BALL FIRE","2026-02-17","","Armstrong (County)"
5619,"2026-02-18","TX","FM","Fire","8 BALL FIRE","2026-02-17","","Donley (County)"
4900,"2026-02-18","LA","DR","Winter Storm","SEVERE WINTER STORM","2026-01-23","2026-01-27","East Carroll (Parish)"
4900,"2026-02-18","LA","DR","Winter Storm","SEVERE WINTER STORM","2026-01-23","2026-01-27","Catahoula (Parish)"
4900,"2026-02-18","LA","DR","Winter Storm","SEVERE WINTER STORM","2026-01-23","2026-01-27","Webster (Parish)"
4900,"2026-02-18","LA","DR","Winter Storm","SEVERE WINTER STORM","2026-01-23","2026-01-27","Caldwell (Parish)"
4900,"2026-02-18","LA","DR","Winter Storm","SEVERE WINTER STORM","2026-01-23","2026-01-27","Red River (Parish)"
4900,"2026-02-18","LA","DR","Winter Storm","SEVERE WINTER STORM","2026-01-23","2026-01-27","Lincoln (Parish)"
4900,"2026-02-18","LA","DR","Winter Storm","SEVERE WINTER STORM","2026-01-23","2026-01-27","Morehouse (Parish)"
4900,"2026-02-18","LA","DR","Winter Storm","SEVERE WINTER STORM","2026-01-23","2026-01-27","Ouachita (Parish)"
4900,"2026-02-18","LA","DR","Winter Storm","SEVERE WINTER STORM","2026-01-23","2026-01-27","Union (Parish)"
4900,"2026-02-18","LA","DR","Winter Storm","SEVERE WINTER STORM","2026-01-23","2026-01-27","Winn (Parish)"
4900,"2026-02-18","LA","DR","Winter Storm","SEVERE WINTER STORM","2026-01-23","2026-01-27","Bienville (Parish)"
4900,"2026-02-18","LA","DR","Winter Storm","SEVERE WINTER STORM","2026-01-23","2026-01-27","Madison (Parish)"
5618,"2026-02-17","OK","FM","Fire","43 FIRE","2026-02-17","2026-02-22","Woodward (County)"
5616,"2026-02-17","OK","FM","Fire","STEVENS FIRE","2026-02-17","2026-02-23","Beaver (County)"
5617,"2026-02-17","OK","FM","Fire","RANGER ROAD FIRE","2026-02-17","2026-02-24","Beaver (County)"
5616,"2026-02-17","OK","FM","Fire","STEVENS FIRE","2026-02-17","2026-02-23","Texas (County)"
4898,"2026-02-06","TN","DR","Winter Storm","SEVERE WINTER STORM","2026-01-22","2026-01-27","DeKalb (County)"
4899,"2026-02-06","MS","DR","Winter Storm","SEVERE WINTER STORM","2026-01-23","2026-01-27","Lafayette (County)"
4898,"2026-02-06","TN","DR","Winter Storm","SEVERE WINTER STORM","2026-01-22","2026-01-27","Van Buren (County)"
4898,"2026-02-06","TN","DR","Winter Storm","SEVERE WINTER STORM","2026-01-22","2026-01-27","Cocke (County)"
4899,"2026-02-06","MS","DR","Winter Storm","SEVERE WINTER STORM","2026-01-23","2026-01-27","Holmes (County)"
4899,"2026-02-06","MS","DR","Winter Storm","SEVERE WINTER STORM","2026-01-23","2026-01-27","Prentiss (County)"
4899,"2026-02-06","MS","DR","Winter Storm","SEVERE WINTER STORM","2026-01-23","2026-01-27","Pike (County)"
4898,"2026-02-06","TN","DR","Winter Storm","SEVERE WINTER STORM","2026-01-22","2026-01-27","Humphreys (County)"
4898,"2026-02-06","TN","DR","Winter Storm","SEVERE WINTER STORM","2026-01-22","2026-01-27","Scott (County)"
4898,"2026-02-06","TN","DR","Winter Storm","SEVERE WINTER STORM","2026-01-22","2026-01-27","Claiborne (County)"
4898,"2026-02-06","TN","DR","Winter Storm","SEVERE WINTER STORM","2026-01-22","2026-01-27","Warren (County)"
4898,"2026-02-06","TN","DR","Winter Storm","SEVERE WINTER STORM","2026-01-22","2026-01-27","Montgomery (County)"
4898,"2026-02-06","TN","DR","Winter Storm","SEVERE WINTER STORM","2026-01-22","2026-01-27","Sumner (County)"
4899,"2026-02-06","MS","DR","Winter Storm","SEVERE WINTER STORM","2026-01-23","2026-01-27","Bolivar (County)"
4899,"2026-02-06","MS","DR","Winter Storm","SEVERE WINTER STORM","2026-01-23","2026-01-27","Perry (County)"
4898,"2026-02-06","TN","DR","Winter Storm","SEVERE WINTER STORM","2026-01-22","2026-01-27","Madison (County)"
4899,"2026-02-06","MS","DR","Winter Storm","SEVERE WINTER STORM","2026-01-23","2026-01-27","Franklin (County)"
4898,"2026-02-06","TN","DR","Winter Storm","SEVERE WINTER STORM","2026-01-22","2026-01-27","Chester (County)"
4898,"2026-02-06","TN","DR","Winter Storm","SEVERE WINTER STORM","2026-01-22","2026-01-27","Lake (County)"
4899,"2026-02-06","MS","DR","Winter Storm","SEVERE WINTER STORM","2026-01-23","2026-01-27","Oktibbeha (County)"
4898,"2026-02-06","TN","DR","Winter Storm","SEVERE WINTER STORM","2026-01-22","2026-01-27","Putnam (County)"
4899,"2026-02-06","MS","DR","Winter Storm","SEVERE WINTER STORM","2026-01-23","2026-01-27","Amite (County)"
4898,"2026-02-06","TN","DR","Winter Storm","SEVERE WINTER STORM","2026-01-22","2026-01-27","Tipton (County)"
4899,"2026-02-06","MS","DR","Winter Storm","SEVERE WINTER STORM","2026-01-23","2026-01-27","Benton (County)"
4898,"2026-02-06","TN","DR","Winter Storm","SEVERE WINTER STORM","2026-01-22","2026-01-27","Houston (County)"
4899,"2026-02-06","MS","DR","Winter Storm","SEVERE WINTER STORM","2026-01-23","2026-01-27","Mississippi Choctaw Indian Reservation"
4898,"2026-02-06","TN","DR","Winter Storm","SEVERE WINTER STORM","2026-01-22","2026-01-27","Lauderdale (County)"
4899,"2026-02-06","MS","DR","Winter Storm","SEVERE WINTER STORM","2026-01-23","2026-01-27","Sunflower (County)"
4898,"2026-02-06","TN","DR","Winter Storm","SEVERE WINTER STORM","2026-01-22","2026-01-27","Sequatchie (County)"
4899,"2026-02-06","MS","DR","Winter Storm","SEVERE WINTER STORM","2026-01-23","2026-01-27","Warren (County)"
4899,"2026-02-06","MS","DR","Winter Storm","SEVERE WINTER STORM","2026-01-23","2026-01-27","Covington (County)"
4899,"2026-02-06","MS","DR","Winter Storm","SEVERE WINTER STORM","2026-01-23","2026-01-27","Hancock (County)"
4899,"2026-02-06","MS","DR","Winter Storm","SEVERE WINTER STORM","2026-01-23","2026-01-27","Jefferson Davis (County)"
4899,"2026-02-06","MS","DR","Winter Storm","SEVERE WINTER STORM","2026-01-23","2026-01-27","Lee (County)"
4898,"2026-02-06","TN","DR","Winter Storm","SEVERE WINTER STORM","2026-01-22","2026-01-27","Knox (County)"
4899,"2026-02-06","MS","DR","Winter Storm","SEVERE WINTER STORM","2026-01-23","2026-01-27","Scott (County)"
4898,"2026-02-06","TN","DR","Winter Storm","SEVERE WINTER STORM","2026-01-22","2026-01-27","Robertson (County)"
4898,"2026-02-06","TN","DR","Winter Storm","SEVERE WINTER STORM","2026-01-22","2026-01-27","Lawrence (County)"
4898,"2026-02-06","TN","DR","Winter Storm","SEVERE WINTER STORM","2026-01-22","2026-01-27","Rutherford (County)"
4899,"2026-02-06","MS","DR","Winter Storm","SEVERE WINTER STORM","2026-01-23","2026-01-27","Jasper (County)"
4899,"2026-02-06","MS","DR","Winter Storm","SEVERE WINTER STORM","2026-01-23","2026-01-27","Itawamba (County)"
4898,"2026-02-06","TN","DR","Winter Storm","SEVERE WINTER STORM","2026-01-22","2026-01-27","Hamblen (County)"
4898,"2026-02-06","TN","DR","Winter Storm","SEVERE WINTER STORM","2026-01-22","2026-01-27","Hawkins (County)"
4899,"2026-02-06","MS","DR","Winter Storm","SEVERE WINTER STORM","2026-01-23","2026-01-27","Hinds (County)"
4898,"2026-02-06","TN","DR","Winter Storm","SEVERE WINTER STORM","2026-01-22","2026-01-27","Lewis (County)"
4898,"2026-02-06","TN","DR","Winter Storm","SEVERE WINTER STORM","2026-01-22","2026-01-27","Hancock (County)"
4898,"2026-02-06","TN","DR","Winter Storm","SEVERE WINTER STORM","2026-01-22","2026-01-27","Macon (County)"
4899,"2026-02-06","MS","DR","Winter Storm","SEVERE WINTER STORM","2026-01-23","2026-01-27","Choctaw (County)"
4898,"2026-02-06","TN","DR","Winter Storm","SEVERE WINTER STORM","2026-01-22","2026-01-27","Johnson (County)"
4898,"2026-02-06","TN","DR","Winter Storm","SEVERE WINTER STORM","2026-01-22","2026-01-27","Williamson (County)"
4899,"2026-02-06","MS","DR","Winter Storm","SEVERE WINTER STORM","2026-01-23","2026-01-27","Tallahatchie (County)"
4898,"2026-02-06","TN","DR","Winter Storm","SEVERE WINTER STORM","2026-01-22","2026-01-27","Bledsoe (County)"
4898,"2026-02-06","TN","DR","Winter Storm","SEVERE WINTER STORM","2026-01-22","2026-01-27","Bradley (County)"
4898,"2026-02-06","TN","DR","Winter Storm","SEVERE WINTER STORM","2026-01-22","2026-01-27","Trousdale (County)"
4898,"2026-02-06","TN","DR","Winter Storm","SEVERE WINTER STORM","2026-01-22","2026-01-27","Roane (County)"
4899,"2026-02-06","MS","DR","Winter Storm","SEVERE WINTER STORM","2026-01-23","2026-01-27","Calhoun (County)"
4898,"2026-02-06","TN","DR","Winter Storm","SEVERE WINTER STORM","2026-01-22","2026-01-27","Cannon (County)"
4899,"2026-02-06","MS","DR","Winter Storm","SEVERE WINTER STORM","2026-01-23","2026-01-27","DeSoto (County)"
4899,"2026-02-06","MS","DR","Winter Storm","SEVERE WINTER STORM","2026-01-23","2026-01-27","Claiborne (County)"
4899,"2026-02-06","MS","DR","Winter Storm","SEVERE WINTER STORM","2026-01-23","2026-01-27","Tippah (County)"
4899,"2026-02-06","MS","DR","Winter Storm","SEVERE WINTER STORM","2026-01-23","2026-01-27","Panola (County)"
4898,"2026-02-06","TN","DR","Winter Storm","SEVERE WINTER STORM","2026-01-22","2026-01-27","McNairy (County)"
4899,"2026-02-06","MS","DR","Winter Storm","SEVERE WINTER STORM","2026-01-23","2026-01-27","Grenada (County)"
4899,"2026-02-06","MS","DR","Winter Storm","SEVERE WINTER STORM","2026-01-23","2026-01-27","Tate (County)"
4899,"2026-02-06","MS","DR","Winter Storm","SEVERE WINTER STORM","2026-01-23","2026-01-27","Sharkey (County)"
4898,"2026-02-06","TN","DR","Winter Storm","SEVERE WINTER STORM","2026-01-22","2026-01-27","Carroll (County)"
4899,"2026-02-06","MS","DR","Winter Storm","SEVERE WINTER STORM","2026-01-23","2026-01-27","Adams (County)"
4899,"2026-02-06","MS","DR","Winter Storm","SEVERE WINTER STORM","2026-01-23","2026-01-27","Tunica (County)"
4898,"2026-02-06","TN","DR","Winter Storm","SEVERE WINTER STORM","2026-01-22","2026-01-27","Greene (County)"
4899,"2026-02-06","MS","DR","Winter Storm","SEVERE WINTER STORM","2026-01-23","2026-01-27","Walthall (County)"
4898,"2026-02-06","TN","DR","Winter Storm","SEVERE WINTER STORM","2026-01-22","2026-01-27","Weakley (County)"
4898,"2026-02-06","TN","DR","Winter Storm","SEVERE WINTER STORM","2026-01-22","2026-01-27","Crockett (County)"
4899,"2026-02-06","MS","DR","Winter Storm","SEVERE WINTER STORM","2026-01-23","2026-01-27","Jefferson (County)"
4899,"2026-02-06","MS","DR","Winter Storm","SEVERE WINTER STORM","2026-01-23","2026-01-27","George (County)"
4899,"2026-02-06","MS","DR","Winter Storm","SEVERE WINTER STORM","2026-01-23","2026-01-27","Newton (County)"
4899,"2026-02-06","MS","DR","Winter Storm","SEVERE WINTER STORM","2026-01-23","2026-01-27","Smith (County)"
4898,"2026-02-06","TN","DR","Winter Storm","SEVERE WINTER STORM","2026-01-22","2026-01-27","Shelby (County)"
4899,"2026-02-06","MS","DR","Winter Storm","SEVERE WINTER STORM","2026-01-23","2026-01-27","Webster (County)"
4899,"2026-02-06","MS","DR","Winter Storm","SEVERE WINTER STORM","2026-01-23","2026-01-27","Forrest (County)"
4899,"2026-02-06","MS","DR","Winter Storm","SEVERE WINTER STORM","2026-01-23","2026-01-27","Monroe (County)"
4898,"2026-02-06","TN","DR","Winter Storm","SEVERE WINTER STORM","2026-01-22","2026-01-27","Cheatham (County)"
4898,"2026-02-06","TN","DR","Winter Storm","SEVERE WINTER STORM","2026-01-22","2026-01-27","Maury (County)"
4899,"2026-02-06","MS","DR","Winter Storm","SEVERE WINTER STORM","2026-01-23","2026-01-27","Quitman (County)"
4899,"2026-02-06","MS","DR","Winter Storm","SEVERE WINTER STORM","2026-01-23","2026-01-27","Copiah (County)"
4899,"2026-02-06","MS","DR","Winter Storm","SEVERE WINTER STORM","2026-01-23","2026-01-27","Pearl River (County)"
4898,"2026-02-06","TN","DR","Winter Storm","SEVERE WINTER STORM","2026-01-22","2026-01-27","McMinn (County)"
4899,"2026-02-06","MS","DR","Winter Storm","SEVERE WINTER STORM","2026-01-23","2026-01-27","Lamar (County)"
4899,"2026-02-06","MS","DR","Winter Storm","SEVERE WINTER STORM","2026-01-23","2026-01-27","Montgomery (County)"
4899,"2026-02-06","MS","DR","Winter Storm","SEVERE WINTER STORM","2026-01-23","2026-01-27","Lincoln (County)"
4898,"2026-02-06","TN","DR","Winter Storm","SEVERE WINTER STORM","2026-01-22","2026-01-27","Campbell (County)"
4898,"2026-02-06","TN","DR","Winter Storm","SEVERE WINTER STORM","2026-01-22","2026-01-27","Washington (County)"
4899,"2026-02-06","MS","DR","Winter Storm","SEVERE WINTER STORM","2026-01-23","2026-01-27","Wayne (County)"
4898,"2026-02-06","TN","DR","Winter Storm","SEVERE WINTER STORM","2026-01-22","2026-01-27","Wilson (County)"
4898,"2026-02-06","TN","DR","Winter Storm","SEVERE WINTER STORM","2026-01-22","2026-01-27","Cumberland (County)"
4898,"2026-02-06","TN","DR","Winter Storm","SEVERE WINTER STORM","2026-01-22","2026-01-27","Franklin (County)"
4898,"2026-02-06","TN","DR","Winter Storm","SEVERE WINTER STORM","2026-01-22","2026-01-27","Sullivan (County)"
4898,"2026-02-06","TN","DR","Winter Storm","SEVERE WINTER STORM","2026-01-22","2026-01-27","Obion (County)"
4898,"2026-02-06","TN","DR","Winter Storm","SEVERE WINTER STORM","2026-01-22","2026-01-27","Wayne (County)"
4899,"2026-02-06","MS","DR","Winter Storm","SEVERE WINTER STORM","2026-01-23","2026-01-27","Greene (County)"
4898,"2026-02-06","TN","DR","Winter Storm","SEVERE WINTER STORM","2026-01-22","2026-01-27","Clay (County)"
4898,"2026-02-06","TN","DR","Winter Storm","SEVERE WINTER STORM","2026-01-22","2026-01-27","Overton (County)"
4898,"2026-02-06","TN","DR","Winter Storm","SEVERE WINTER STORM","2026-01-22","2026-01-27","Marshall (County)"
4898,"2026-02-06","TN","DR","Winter Storm","SEVERE WINTER STORM","2026-01-22","2026-01-27","Anderson (County)"
4898,"2026-02-06","TN","DR","Winter Storm","SEVERE WINTER STORM","2026-01-22","2026-01-27","Sevier (County)"
4899,"2026-02-06","MS","DR","Winter Storm","SEVERE WINTER STORM","2026-01-23","2026-01-27","Lawrence (County)"
4899,"2026-02-06","MS","DR","Winter Storm","SEVERE WINTER STORM","2026-01-23","2026-01-27","Attala (County)"
4899,"2026-02-06","MS","DR","Winter Storm","SEVERE WINTER STORM","2026-01-23","2026-01-27","Marion (County)"
4899,"2026-02-06","MS","DR","Winter Storm","SEVERE WINTER STORM","2026-01-23","2026-01-27","Marshall (County)"
4899,"2026-02-06","MS","DR","Winter Storm","SEVERE WINTER STORM","2026-01-23","2026-01-27","Noxubee (County)"
4898,"2026-02-06","TN","DR","Winter Storm","SEVERE WINTER STORM","2026-01-22","2026-01-27","Hardin (County)"
4899,"2026-02-06","MS","DR","Winter Storm","SEVERE WINTER STORM","2026-01-23","2026-01-27","Rankin (County)"
4898,"2026-02-06","TN","DR","Winter Storm","SEVERE WINTER STORM","2026-01-22","2026-01-27","Davidson (County)"
4898,"2026-02-06","TN","DR","Winter Storm","SEVERE WINTER STORM","2026-01-22","2026-01-27","Fayette (County)"
4899,"2026-02-06","MS","DR","Winter Storm","SEVERE WINTER STORM","2026-01-23","2026-01-27","Humphreys (County)"
4898,"2026-02-06","TN","DR","Winter Storm","SEVERE WINTER STORM","2026-01-22","2026-01-27","Morgan (County)"
4898,"2026-02-06","TN","DR","Winter Storm","SEVERE WINTER STORM","2026-01-22","2026-01-27","Meigs (County)"
4899,"2026-02-06","MS","DR","Winter Storm","SEVERE WINTER STORM","2026-01-23","2026-01-27","Washington (County)"
4898,"2026-02-06","TN","DR","Winter Storm","SEVERE WINTER STORM","2026-01-22","2026-01-27","Bedford (County)"
4898,"2026-02-06","TN","DR","Winter Storm","SEVERE WINTER STORM","2026-01-22","2026-01-27","Jackson (County)"
4898,"2026-02-06","TN","DR","Winter Storm","SEVERE WINTER STORM","2026-01-22","2026-01-27","Unicoi (County)"
4899,"2026-02-06","MS","DR","Winter Storm","SEVERE WINTER STORM","2026-01-23","2026-01-27","Leflore (County)"
4898,"2026-02-06","TN","DR","Winter Storm","SEVERE WINTER STORM","2026-01-22","2026-01-27","Dickson (County)"
4898,"2026-02-06","TN","DR","Winter Storm","SEVERE WINTER STORM","2026-01-22","2026-01-27","Hamilton (County)"
4899,"2026-02-06","MS","DR","Winter Storm","SEVERE WINTER STORM","2026-01-23","2026-01-27","Kemper (County)"
4898,"2026-02-06","TN","DR","Winter Storm","SEVERE WINTER STORM","2026-01-22","2026-01-27","Monroe (County)"
4898,"2026-02-06","TN","DR","Winter Storm","SEVERE WINTER STORM","2026-01-22","2026-01-27","Decatur (County)"
4898,"2026-02-06","TN","DR","Winter Storm","SEVERE WINTER STORM","2026-01-22","2026-01-27","Hardeman (County)"
4898,"2026-02-06","TN","DR","Winter Storm","SEVERE WINTER STORM","2026-01-22","2026-01-27","Benton (County)"
4899,"2026-02-06","MS","DR","Winter Storm","SEVERE WINTER STORM","2026-01-23","2026-01-27","Tishomingo (County)"
4899,"2026-02-06","MS","DR","Winter Storm","SEVERE WINTER STORM","2026-01-23","2026-01-27","Issaquena (County)"
4898,"2026-02-06","TN","DR","Winter Storm","SEVERE WINTER STORM","2026-01-22","2026-01-27","Dyer (County)"
4899,"2026-02-06","MS","DR","Winter Storm","SEVERE WINTER STORM","2026-01-23","2026-01-27","Carroll (County)"
4898,"2026-02-06","TN","DR","Winter Storm","SEVERE WINTER STORM","2026-01-22","2026-01-27","Coffee (County)"
4899,"2026-02-06","MS","DR","Winter Storm","SEVERE WINTER STORM","2026-01-23","2026-01-27","Union (County)"
4898,"2026-02-06","TN","DR","Winter Storm","SEVERE WINTER STORM","2026-01-22","2026-01-27","Perry (County)"
4899,"2026-02-06","MS","DR","Winter Storm","SEVERE WINTER STORM","2026-01-23","2026-01-27","Alcorn (County)"
4898,"2026-02-06","TN","DR","Winter Storm","SEVERE WINTER STORM","2026-01-22","2026-01-27","Smith (County)"
4898,"2026-02-06","TN","DR","Winter Storm","SEVERE WINTER STORM","2026-01-22","2026-01-27","Union (County)"
4898,"2026-02-06","TN","DR","Winter Storm","SEVERE WINTER STORM","2026-01-22","2026-01-27","Jefferson (County)"
4898,"2026-02-06","TN","DR","Winter Storm","SEVERE WINTER STORM","2026-01-22","2026-01-27","Henry (County)"
4898,"2026-02-06","TN","DR","Winter Storm","SEVERE WINTER STORM","2026-01-22","2026-01-27","Giles (County)"
4898,"2026-02-06","TN","DR","Winter Storm","SEVERE WINTER STORM","2026-01-22","2026-01-27","Gibson (County)"
4898,"2026-02-06","TN","DR","Winter Storm","SEVERE WINTER STORM","2026-01-22","2026-01-27","Stewart (County)"
4899,"2026-02-06","MS","DR","Winter Storm","SEVERE WINTER STORM","2026-01-23","2026-01-27","Stone (County)"
4898,"2026-02-06","TN","DR","Winter Storm","SEVERE WINTER STORM","2026-01-22","2026-01-27","Polk (County)"
4898,"2026-02-06","TN","DR","Winter Storm","SEVERE WINTER STORM","2026-01-22","2026-01-27","Rhea (County)"
4898,"2026-02-06","TN","DR","Winter Storm","SEVERE WINTER STORM","2026-01-22","2026-01-27","Henderson (County)"
4899,"2026-02-06","MS","DR","Winter Storm","SEVERE WINTER STORM","2026-01-23","2026-01-27","Neshoba (County)"
4899,"2026-02-06","MS","DR","Winter Storm","SEVERE WINTER STORM","2026-01-23","2026-01-27","Wilkinson (County)"
4898,"2026-02-06","TN","DR","Winter Storm","SEVERE WINTER STORM","2026-01-22","2026-01-27","Moore (County)"
4898,"2026-02-06","TN","DR","Winter Storm","SEVERE WINTER STORM","2026-01-22","2026-01-27","Marion (County)"
4899,"2026-02-06","MS","DR","Winter Storm","SEVERE WINTER STORM","2026-01-23","2026-01-27","Yazoo (County)"
4899,"2026-02-06","MS","DR","Winter Storm","SEVERE WINTER STORM","2026-01-23","2026-01-27","Lowndes (County)"
4899,"2026-02-06","MS","DR","Winter Storm","SEVERE WINTER STORM","2026-01-23","2026-01-27","Pontotoc (County)"
4899,"2026-02-06","MS","DR","Winter Storm","SEVERE WINTER STORM","2026-01-23","2026-01-27","Coahoma (County)"
4899,"2026-02-06","MS","DR","Winter Storm","SEVERE WINTER STORM","2026-01-23","2026-01-27","Simpson (County)"
4898,"2026-02-06","TN","DR","Winter Storm","SEVERE WINTER STORM","2026-01-22","2026-01-27","Pickett (County)"
4899,"2026-02-06","MS","DR","Winter Storm","SEVERE WINTER STORM","2026-01-23","2026-01-27","Jackson (County)"
4898,"2026-02-06","TN","DR","Winter Storm","SEVERE WINTER STORM","2026-01-22","2026-01-27","Lincoln (County)"
4899,"2026-02-06","MS","DR","Winter Storm","SEVERE WINTER STORM","2026-01-23","2026-01-27","Chickasaw (County)"
4899,"2026-02-06","MS","DR","Winter Storm","SEVERE WINTER STORM","2026-01-23","2026-01-27","Harrison (County)"
4899,"2026-02-06","MS","DR","Winter Storm","SEVERE WINTER STORM","2026-01-23","2026-01-27","Clarke (County)"
4898,"2026-02-06","TN","DR","Winter Storm","SEVERE WINTER STORM","2026-01-22","2026-01-27","White (County)"
4898,"2026-02-06","TN","DR","Winter Storm","SEVERE WINTER STORM","2026-01-22","2026-01-27","Fentress (County)"
4898,"2026-02-06","TN","DR","Winter Storm","SEVERE WINTER STORM","2026-01-22","2026-01-27","Haywood (County)"
4898,"2026-02-06","TN","DR","Winter Storm","SEVERE WINTER STORM","2026-01-22","2026-01-27","Loudon (County)"
4899,"2026-02-06","MS","DR","Winter Storm","SEVERE WINTER STORM","2026-01-23","2026-01-27","Yalobusha (County)"
4898,"2026-02-06","TN","DR","Winter Storm","SEVERE WINTER STORM","2026-01-22","2026-01-27","Grainger (County)"
4899,"2026-02-06","MS","DR","Winter Storm","SEVERE WINTER STORM","2026-01-23","2026-01-27","Winston (County)"
4899,"2026-02-06","MS","DR","Winter Storm","SEVERE WINTER STORM","2026-01-23","2026-01-27","Jones (County)"
4898,"2026-02-06","TN","DR","Winter Storm","SEVERE WINTER STORM","2026-01-22","2026-01-27","Hickman (County)"
4898,"2026-02-06","TN","DR","Winter Storm","SEVERE WINTER STORM","2026-01-22","2026-01-27","Carter (County)"
4898,"2026-02-06","TN","DR","Winter Storm","SEVERE WINTER STORM","2026-01-22","2026-01-27","Blount (County)"
4899,"2026-02-06","MS","DR","Winter Storm","SEVERE WINTER STORM","2026-01-23","2026-01-27","Lauderdale (County)"
4899,"2026-02-06","MS","DR","Winter Storm","SEVERE WINTER STORM","2026-01-23","2026-01-27","Madison (County)"
4898,"2026-02-06","TN","DR","Winter Storm","SEVERE WINTER STORM","2026-01-22","2026-01-27","Grundy (County)"
4899,"2026-02-06","MS","DR","Winter Storm","SEVERE WINTER STORM","2026-01-23","2026-01-27","Leake (County)"
4899,"2026-02-06","MS","DR","Winter Storm","SEVERE WINTER STORM","2026-01-23","2026-01-27","Clay (County)"
3642,"2026-01-24","GA","EM","Winter Storm","SEVERE WINTER STORM","2026-01-22","2026-01-27","Macon (County)"
3642,"2026-01-24","GA","EM","Winter Storm","SEVERE WINTER STORM","2026-01-22","2026-01-27","Jones (County)"
3636,"2026-01-24","AR","EM","Winter Storm","SEVERE WINTER STORM","2026-01-23","2026-01-27","Scott (County)"
3634,"2026-01-24","MD","EM","Winter Storm","SEVERE WINTER STORM","2026-01-23","2026-01-27","Kent (County)"
3639,"2026-01-24","WV","EM","Winter Storm","SEVERE WINTER STORM","2026-01-23","2026-01-27","Calhoun (County)"
3642,"2026-01-24","GA","EM","Winter Storm","SEVERE WINTER STORM","2026-01-22","2026-01-27","Monroe (County)"
3640,"2026-01-24","MS","EM","Winter Storm","SEVERE WINTER STORM ","2026-01-23","2026-01-27","Lee (County)"
3635,"2026-01-24","TN","EM","Winter Storm","SEVERE WINTER STORM","2026-01-22","2026-01-27","Union (County)"
3634,"2026-01-24","MD","EM","Winter Storm","SEVERE WINTER STORM","2026-01-23","2026-01-27","St. Mary's (County)"
3642,"2026-01-24","GA","EM","Winter Storm","SEVERE WINTER STORM","2026-01-22","2026-01-27","DeKalb (County)"
3642,"2026-01-24","GA","EM","Winter Storm","SEVERE WINTER STORM","2026-01-22","2026-01-27","Jenkins (County)"
3642,"2026-01-24","GA","EM","Winter Storm","SEVERE WINTER STORM","2026-01-22","2026-01-27","Twiggs (County)"
3635,"2026-01-24","TN","EM","Winter Storm","SEVERE WINTER STORM","2026-01-22","2026-01-27","White (County)"
3638,"2026-01-24","LA","EM","Winter Storm","SEVERE WINTER STORM","2026-01-23","2026-01-27","St. Martin (Parish)"
3633,"2026-01-24","KY","EM","Winter Storm","SEVERE WINTER STORM","2026-01-23","2026-01-27","Monroe (County)"
3633,"2026-01-24","KY","EM","Winter Storm","SEVERE WINTER STORM","2026-01-23","2026-01-27","Clark (County)"
3639,"2026-01-24","WV","EM","Winter Storm","SEVERE WINTER STORM","2026-01-23","2026-01-27","Berkeley (County)"
3637,"2026-01-24","NC","EM","Winter Storm","SEVERE WINTER STORM","2026-01-21","2026-01-27","Brunswick (County)"
3639,"2026-01-24","WV","EM","Winter Storm","SEVERE WINTER STORM","2026-01-23","2026-01-27","Wirt (County)"
3639,"2026-01-24","WV","EM","Winter Storm","SEVERE WINTER STORM","2026-01-23","2026-01-27","Jackson (County)"
3636,"2026-01-24","AR","EM","Winter Storm","SEVERE WINTER STORM","2026-01-23","2026-01-27","Columbia (County)"
3642,"2026-01-24","GA","EM","Winter Storm","SEVERE WINTER STORM","2026-01-22","2026-01-27","Paulding (County)"
3636,"2026-01-24","AR","EM","Winter Storm","SEVERE WINTER STORM","2026-01-23","2026-01-27","Sevier (County)"
3636,"2026-01-24","AR","EM","Winter Storm","SEVERE WINTER STORM","2026-01-23","2026-01-27","Independence (County)"
3640,"2026-01-24","MS","EM","Winter Storm","SEVERE WINTER STORM ","2026-01-23","2026-01-27","Harrison (County)"
3635,"2026-01-24","TN","EM","Winter Storm","SEVERE WINTER STORM","2026-01-22","2026-01-27","Meigs (County)"
3640,"2026-01-24","MS","EM","Winter Storm","SEVERE WINTER STORM ","2026-01-23","2026-01-27","Grenada (County)"
3633,"2026-01-24","KY","EM","Winter Storm","SEVERE WINTER STORM","2026-01-23","2026-01-27","Owen (County)"
3633,"2026-01-24","KY","EM","Winter Storm","SEVERE WINTER STORM","2026-01-23","2026-01-27","Ohio (County)"
3637,"2026-01-24","NC","EM","Winter Storm","SEVERE WINTER STORM","2026-01-21","2026-01-27","Hoke (County)"
3633,"2026-01-24","KY","EM","Winter Storm","SEVERE WINTER STORM","2026-01-23","2026-01-27","Boyle (County)"
3633,"2026-01-24","KY","EM","Winter Storm","SEVERE WINTER STORM","2026-01-23","2026-01-27","Christian (County)"
3637,"2026-01-24","NC","EM","Winter Storm","SEVERE WINTER STORM","2026-01-21","2026-01-27","Edgecombe (County)"
3635,"2026-01-24","TN","EM","Winter Storm","SEVERE WINTER STORM","2026-01-22","2026-01-27","Trousdale (County)"
3640,"2026-01-24","MS","EM","Winter Storm","SEVERE WINTER STORM ","2026-01-23","2026-01-27","Marion (County)"
3635,"2026-01-24","TN","EM","Winter Storm","SEVERE WINTER STORM","2026-01-22","2026-01-27","Weakley (County)"
3637,"2026-01-24","NC","EM","Winter Storm","SEVERE WINTER STORM","2026-01-21","2026-01-27","Hyde (County)"
3642,"2026-01-24","GA","EM","Winter Storm","SEVERE WINTER STORM","2026-01-22","2026-01-27","Muscogee (County)"
3635,"2026-01-24","TN","EM","Winter Storm","SEVERE WINTER STORM","2026-01-22","2026-01-27","Van Buren (County)"
3637,"2026-01-24","NC","EM","Winter Storm","SEVERE WINTER STORM","2026-01-21","2026-01-27","Henderson (County)"
3633,"2026-01-24","KY","EM","Winter Storm","SEVERE WINTER STORM","2026-01-23","2026-01-27","Union (County)"
3636,"2026-01-24","AR","EM","Winter Storm","SEVERE WINTER STORM","2026-01-23","2026-01-27","Chicot (County)"
3633,"2026-01-24","KY","EM","Winter Storm","SEVERE WINTER STORM","2026-01-23","2026-01-27","Casey (County)"
3635,"2026-01-24","TN","EM","Winter Storm","SEVERE WINTER STORM","2026-01-22","2026-01-27","Lake (County)"
3633,"2026-01-24","KY","EM","Winter Storm","SEVERE WINTER STORM","2026-01-23","2026-01-27","Nelson (County)"
3636,"2026-01-24","AR","EM","Winter Storm","SEVERE WINTER STORM","2026-01-23","2026-01-27","Ouachita (County)"
3636,"2026-01-24","AR","EM","Winter Storm","SEVERE WINTER STORM","2026-01-23","2026-01-27","Van Buren (County)"
3640,"2026-01-24","MS","EM","Winter Storm","SEVERE WINTER STORM ","2026-01-23","2026-01-27","Montgomery (County)"
3642,"2026-01-24","GA","EM","Winter Storm","SEVERE WINTER STORM","2026-01-22","2026-01-27","Morgan (County)"
3633,"2026-01-24","KY","EM","Winter Storm","SEVERE WINTER STORM","2026-01-23","2026-01-27","Trimble (County)"
3636,"2026-01-24","AR","EM","Winter Storm","SEVERE WINTER STORM","2026-01-23","2026-01-27","St. Francis (County)"
3642,"2026-01-24","GA","EM","Winter Storm","SEVERE WINTER STORM","2026-01-22","2026-01-27","Montgomery (County)"
3636,"2026-01-24","AR","EM","Winter Storm","SEVERE WINTER STORM","2026-01-23","2026-01-27","Lafayette (County)"
3636,"2026-01-24","AR","EM","Winter Storm","SEVERE WINTER STORM","2026-01-23","2026-01-27","Searcy (County)"
3638,"2026-01-24","LA","EM","Winter Storm","SEVERE WINTER STORM","2026-01-23","2026-01-27","Allen (Parish)"
3642,"2026-01-24","GA","EM","Winter Storm","SEVERE WINTER STORM","2026-01-22","2026-01-27","Dade (County)"
3642,"2026-01-24","GA","EM","Winter Storm","SEVERE WINTER STORM","2026-01-22","2026-01-27","Treutlen (County)"
3640,"2026-01-24","MS","EM","Winter Storm","SEVERE WINTER STORM ","2026-01-23","2026-01-27","Greene (County)"
3639,"2026-01-24","WV","EM","Winter Storm","SEVERE WINTER STORM","2026-01-23","2026-01-27","Tyler (County)"
3640,"2026-01-24","MS","EM","Winter Storm","SEVERE WINTER STORM ","2026-01-23","2026-01-27","Marshall (County)"
3642,"2026-01-24","GA","EM","Winter Storm","SEVERE WINTER STORM","2026-01-22","2026-01-27","Rabun (County)"
3642,"2026-01-24","GA","EM","Winter Storm","SEVERE WINTER STORM","2026-01-22","2026-01-27","Jefferson (County)"
3640,"2026-01-24","MS","EM","Winter Storm","SEVERE WINTER STORM ","2026-01-23","2026-01-27","Jackson (County)"
3638,"2026-01-24","LA","EM","Winter Storm","SEVERE WINTER STORM","2026-01-23","2026-01-27","Ascension (Parish)"
3638,"2026-01-24","LA","EM","Winter Storm","SEVERE WINTER STORM","2026-01-23","2026-01-27","Jefferson Davis (Parish)"
3642,"2026-01-24","GA","EM","Winter Storm","SEVERE WINTER STORM","2026-01-22","2026-01-27","Newton (County)"
3635,"2026-01-24","TN","EM","Winter Storm","SEVERE WINTER STORM","2026-01-22","2026-01-27","Haywood (County)"
3642,"2026-01-24","GA","EM","Winter Storm","SEVERE WINTER STORM","2026-01-22","2026-01-27","Lamar (County)"
3642,"2026-01-24","GA","EM","Winter Storm","SEVERE WINTER STORM","2026-01-22","2026-01-27","Johnson (County)"
3637,"2026-01-24","NC","EM","Winter Storm","SEVERE WINTER STORM","2026-01-21","2026-01-27","Yadkin (County)"
3642,"2026-01-24","GA","EM","Winter Storm","SEVERE WINTER STORM","2026-01-22","2026-01-27","Walker (County)"
3635,"2026-01-24","TN","EM","Winter Storm","SEVERE WINTER STORM","2026-01-22","2026-01-27","Johnson (County)"
3633,"2026-01-24","KY","EM","Winter Storm","SEVERE WINTER STORM","2026-01-23","2026-01-27","Montgomery (County)"
3640,"2026-01-24","MS","EM","Winter Storm","SEVERE WINTER STORM ","2026-01-23","2026-01-27","Rankin (County)"
3638,"2026-01-24","LA","EM","Winter Storm","SEVERE WINTER STORM","2026-01-23","2026-01-27","Madison (Parish)"
3633,"2026-01-24","KY","EM","Winter Storm","SEVERE WINTER STORM","2026-01-23","2026-01-27","Laurel (County)"
3637,"2026-01-24","NC","EM","Winter Storm","SEVERE WINTER STORM","2026-01-21","2026-01-27","Yancey (County)"
3639,"2026-01-24","WV","EM","Winter Storm","SEVERE WINTER STORM","2026-01-23","2026-01-27","Randolph (County)"
3639,"2026-01-24","WV","EM","Winter Storm","SEVERE WINTER STORM","2026-01-23","2026-01-27","Barbour (County)"
3638,"2026-01-24","LA","EM","Winter Storm","SEVERE WINTER STORM","2026-01-23","2026-01-27","Ouachita (Parish)"
3636,"2026-01-24","AR","EM","Winter Storm","SEVERE WINTER STORM","2026-01-23","2026-01-27","Lonoke (County)"
3642,"2026-01-24","GA","EM","Winter Storm","SEVERE WINTER STORM","2026-01-22","2026-01-27","Fayette (County)"
3633,"2026-01-24","KY","EM","Winter Storm","SEVERE WINTER STORM","2026-01-23","2026-01-27","McCracken (County)"
3633,"2026-01-24","KY","EM","Winter Storm","SEVERE WINTER STORM","2026-01-23","2026-01-27","Logan (County)"
3641,"2026-01-24","IN","EM","Winter Storm","SEVERE WINTER STORM","2026-01-23","2026-01-27","Monroe (County)"
3633,"2026-01-24","KY","EM","Winter Storm","SEVERE WINTER STORM","2026-01-23","2026-01-27","Rowan (County)"
3638,"2026-01-24","LA","EM","Winter Storm","SEVERE WINTER STORM","2026-01-23","2026-01-27","Grant (Parish)"
3642,"2026-01-24","GA","EM","Winter Storm","SEVERE WINTER STORM","2026-01-22","2026-01-27","Clayton (County)"
3642,"2026-01-24","GA","EM","Winter Storm","SEVERE WINTER STORM","2026-01-22","2026-01-27","Columbia (County)"
3633,"2026-01-24","KY","EM","Winter Storm","SEVERE WINTER STORM","2026-01-23","2026-01-27","Lee (County)"
3640,"2026-01-24","MS","EM","Winter Storm","SEVERE WINTER STORM ","2026-01-23","2026-01-27","Jefferson (County)"
3633,"2026-01-24","KY","EM","Winter Storm","SEVERE WINTER STORM","2026-01-23","2026-01-27","Russell (County)"
3637,"2026-01-24","NC","EM","Winter Storm","SEVERE WINTER STORM","2026-01-21","2026-01-27","Wayne (County)"
3637,"2026-01-24","NC","EM","Winter Storm","SEVERE WINTER STORM","2026-01-21","2026-01-27","Vance (County)"
3633,"2026-01-24","KY","EM","Winter Storm","SEVERE WINTER STORM","2026-01-23","2026-01-27","Kenton (County)"
3639,"2026-01-24","WV","EM","Winter Storm","SEVERE WINTER STORM","2026-01-23","2026-01-27","Wyoming (County)"
3637,"2026-01-24","NC","EM","Winter Storm","SEVERE WINTER STORM","2026-01-21","2026-01-27","Macon (County)"
3642,"2026-01-24","GA","EM","Winter Storm","SEVERE WINTER STORM","2026-01-22","2026-01-27","Bartow (County)"
3641,"2026-01-24","IN","EM","Winter Storm","SEVERE WINTER STORM","2026-01-23","2026-01-27","Vermillion (County)"
3642,"2026-01-24","GA","EM","Winter Storm","SEVERE WINTER STORM","2026-01-22","2026-01-27","Burke (County)"
3642,"2026-01-24","GA","EM","Winter Storm","SEVERE WINTER STORM","2026-01-22","2026-01-27","Bulloch (County)"
3642,"2026-01-24","GA","EM","Winter Storm","SEVERE WINTER STORM","2026-01-22","2026-01-27","Clarke (County)"
3639,"2026-01-24","WV","EM","Winter Storm","SEVERE WINTER STORM","2026-01-23","2026-01-27","Wood (County)"
3635,"2026-01-24","TN","EM","Winter Storm","SEVERE WINTER STORM","2026-01-22","2026-01-27","Hamilton (County)"
3634,"2026-01-24","MD","EM","Winter Storm","SEVERE WINTER STORM","2026-01-23","2026-01-27","Queen Anne's (County)"
3640,"2026-01-24","MS","EM","Winter Storm","SEVERE WINTER STORM ","2026-01-23","2026-01-27","Clarke (County)"
3635,"2026-01-24","TN","EM","Winter Storm","SEVERE WINTER STORM","2026-01-22","2026-01-27","Coffee (County)"
3635,"2026-01-24","TN","EM","Winter Storm","SEVERE WINTER STORM","2026-01-22","2026-01-27","Hancock (County)"
3642,"2026-01-24","GA","EM","Winter Storm","SEVERE WINTER STORM","2026-01-22","2026-01-27","Pulaski (County)"
3637,"2026-01-24","NC","EM","Winter Storm","SEVERE WINTER STORM","2026-01-21","2026-01-27","Union (County)"
3635,"2026-01-24","TN","EM","Winter Storm","SEVERE WINTER STORM","2026-01-22","2026-01-27","Hardeman (County)"
3642,"2026-01-24","GA","EM","Winter Storm","SEVERE WINTER STORM","2026-01-22","2026-01-27","Dodge (County)"
3636,"2026-01-24","AR","EM","Winter Storm","SEVERE WINTER STORM","2026-01-23","2026-01-27","Hempstead (County)"
3633,"2026-01-24","KY","EM","Winter Storm","SEVERE WINTER STORM","2026-01-23","2026-01-27","Taylor (County)"
3633,"2026-01-24","KY","EM","Winter Storm","SEVERE WINTER STORM","2026-01-23","2026-01-27","Allen (County)"
3637,"2026-01-24","NC","EM","Winter Storm","SEVERE WINTER STORM","2026-01-21","2026-01-27","Eastern Band of Cherokee Indians"
3641,"2026-01-24","IN","EM","Winter Storm","SEVERE WINTER STORM","2026-01-23","2026-01-27","LaPorte (County)"
3637,"2026-01-24","NC","EM","Winter Storm","SEVERE WINTER STORM","2026-01-21","2026-01-27","Camden (County)"
3640,"2026-01-24","MS","EM","Winter Storm","SEVERE WINTER STORM ","2026-01-23","2026-01-27","Clay (County)"
3642,"2026-01-24","GA","EM","Winter Storm","SEVERE WINTER STORM","2026-01-22","2026-01-27","Banks (County)"
3642,"2026-01-24","GA","EM","Winter Storm","SEVERE WINTER STORM","2026-01-22","2026-01-27","Baldwin (County)"
3642,"2026-01-24","GA","EM","Winter Storm","SEVERE WINTER STORM","2026-01-22","2026-01-27","Madison (County)"
3633,"2026-01-24","KY","EM","Winter Storm","SEVERE WINTER STORM","2026-01-23","2026-01-27","Hopkins (County)"
3641,"2026-01-24","IN","EM","Winter Storm","SEVERE WINTER STORM","2026-01-23","2026-01-27","Marion (County)"
3633,"2026-01-24","KY","EM","Winter Storm","SEVERE WINTER STORM","2026-01-23","2026-01-27","Ballard (County)"
3637,"2026-01-24","NC","EM","Winter Storm","SEVERE WINTER STORM","2026-01-21","2026-01-27","Johnston (County)"
3635,"2026-01-24","TN","EM","Winter Storm","SEVERE WINTER STORM","2026-01-22","2026-01-27","Knox (County)"
3641,"2026-01-24","IN","EM","Winter Storm","SEVERE WINTER STORM","2026-01-23","2026-01-27","Pike (County)"
3637,"2026-01-24","NC","EM","Winter Storm","SEVERE WINTER STORM","2026-01-21","2026-01-27","Lincoln (County)"
3633,"2026-01-24","KY","EM","Winter Storm","SEVERE WINTER STORM","2026-01-23","2026-01-27","Knott (County)"
3637,"2026-01-24","NC","EM","Winter Storm","SEVERE WINTER STORM","2026-01-21","2026-01-27","Harnett (County)"
3638,"2026-01-24","LA","EM","Winter Storm","SEVERE WINTER STORM","2026-01-23","2026-01-27","Livingston (Parish)"
3641,"2026-01-24","IN","EM","Winter Storm","SEVERE WINTER STORM","2026-01-23","2026-01-27","Clay (County)"
3640,"2026-01-24","MS","EM","Winter Storm","SEVERE WINTER STORM ","2026-01-23","2026-01-27","Forrest (County)"
3637,"2026-01-24","NC","EM","Winter Storm","SEVERE WINTER STORM","2026-01-21","2026-01-27","Hertford (County)"
3638,"2026-01-24","LA","EM","Winter Storm","SEVERE WINTER STORM","2026-01-23","2026-01-27","Lafourche (Parish)"
3637,"2026-01-24","NC","EM","Winter Storm","SEVERE WINTER STORM","2026-01-21","2026-01-27","Greene (County)"
3639,"2026-01-24","WV","EM","Winter Storm","SEVERE WINTER STORM","2026-01-23","2026-01-27","Cabell (County)"
3640,"2026-01-24","MS","EM","Winter Storm","SEVERE WINTER STORM ","2026-01-23","2026-01-27","Jefferson Davis (County)"
3633,"2026-01-24","KY","EM","Winter Storm","SEVERE WINTER STORM","2026-01-23","2026-01-27","Adair (County)"
3642,"2026-01-24","GA","EM","Winter Storm","SEVERE WINTER STORM","2026-01-22","2026-01-27","Upson (County)"
3641,"2026-01-24","IN","EM","Winter Storm","SEVERE WINTER STORM","2026-01-23","2026-01-27","Posey (County)"
3637,"2026-01-24","NC","EM","Winter Storm","SEVERE WINTER STORM","2026-01-21","2026-01-27","Robeson (County)"
3637,"2026-01-24","NC","EM","Winter Storm","SEVERE WINTER STORM","2026-01-21","2026-01-27","Person (County)"
3641,"2026-01-24","IN","EM","Winter Storm","SEVERE WINTER STORM","2026-01-23","2026-01-27","Carroll (County)"
3640,"2026-01-24","MS","EM","Winter Storm","SEVERE WINTER STORM ","2026-01-23","2026-01-27","Lowndes (County)"
3641,"2026-01-24","IN","EM","Winter Storm","SEVERE WINTER STORM","2026-01-23","2026-01-27","Montgomery (County)"
3640,"2026-01-24","MS","EM","Winter Storm","SEVERE WINTER STORM ","2026-01-23","2026-01-27","Pontotoc (County)"
3641,"2026-01-24","IN","EM","Winter Storm","SEVERE WINTER STORM","2026-01-23","2026-01-27","Union (County)"
3640,"2026-01-24","MS","EM","Winter Storm","SEVERE WINTER STORM ","2026-01-23","2026-01-27","Lincoln (County)"
3642,"2026-01-24","GA","EM","Winter Storm","SEVERE WINTER STORM","2026-01-22","2026-01-27","Lumpkin (County)"
3639,"2026-01-24","WV","EM","Winter Storm","SEVERE WINTER STORM","2026-01-23","2026-01-27","Brooke (County)"
3633,"2026-01-24","KY","EM","Winter Storm","SEVERE WINTER STORM","2026-01-23","2026-01-27","Bourbon (County)"
3639,"2026-01-24","WV","EM","Winter Storm","SEVERE WINTER STORM","2026-01-23","2026-01-27","Webster (County)"
3639,"2026-01-24","WV","EM","Winter Storm","SEVERE WINTER STORM","2026-01-23","2026-01-27","Taylor (County)"
3639,"2026-01-24","WV","EM","Winter Storm","SEVERE WINTER STORM","2026-01-23","2026-01-27","Lincoln (County)"
3633,"2026-01-24","KY","EM","Winter Storm","SEVERE WINTER STORM","2026-01-23","2026-01-27","Calloway (County)"
3640,"2026-01-24","MS","EM","Winter Storm","SEVERE WINTER STORM ","2026-01-23","2026-01-27","Simpson (County)"
3640,"2026-01-24","MS","EM","Winter Storm","SEVERE WINTER STORM ","2026-01-23","2026-01-27","Prentiss (County)"
3642,"2026-01-24","GA","EM","Winter Storm","SEVERE WINTER STORM","2026-01-22","2026-01-27","Forsyth (County)"
3635,"2026-01-24","TN","EM","Winter Storm","SEVERE WINTER STORM","2026-01-22","2026-01-27","Gibson (County)"
3636,"2026-01-24","AR","EM","Winter Storm","SEVERE WINTER STORM","2026-01-23","2026-01-27","Arkansas (County)"
3633,"2026-01-24","KY","EM","Winter Storm","SEVERE WINTER STORM","2026-01-23","2026-01-27","Breckinridge (County)"
3637,"2026-01-24","NC","EM","Winter Storm","SEVERE WINTER STORM","2026-01-21","2026-01-27","Sampson (County)"
3642,"2026-01-24","GA","EM","Winter Storm","SEVERE WINTER STORM","2026-01-22","2026-01-27","Harris (County)"
3642,"2026-01-24","GA","EM","Winter Storm","SEVERE WINTER STORM","2026-01-22","2026-01-27","Peach (County)"
3633,"2026-01-24","KY","EM","Winter Storm","SEVERE WINTER STORM","2026-01-23","2026-01-27","Henry (County)"
3637,"2026-01-24","NC","EM","Winter Storm","SEVERE WINTER STORM","2026-01-21","2026-01-27","Davidson (County)"
3636,"2026-01-24","AR","EM","Winter Storm","SEVERE WINTER STORM","2026-01-23","2026-01-27","Monroe (County)"
3633,"2026-01-24","KY","EM","Winter Storm","SEVERE WINTER STORM","2026-01-23","2026-01-27","Caldwell (County)"
3640,"2026-01-24","MS","EM","Winter Storm","SEVERE WINTER STORM ","2026-01-23","2026-01-27","Chickasaw (County)"
3637,"2026-01-24","NC","EM","Winter Storm","SEVERE WINTER STORM","2026-01-21","2026-01-27","Cumberland (County)"
3633,"2026-01-24","KY","EM","Winter Storm","SEVERE WINTER STORM","2026-01-23","2026-01-27","Wayne (County)"
3636,"2026-01-24","AR","EM","Winter Storm","SEVERE WINTER STORM","2026-01-23","2026-01-27","Boone (County)"
3635,"2026-01-24","TN","EM","Winter Storm","SEVERE WINTER STORM","2026-01-22","2026-01-27","Overton (County)"
3636,"2026-01-24","AR","EM","Winter Storm","SEVERE WINTER STORM","2026-01-23","2026-01-27","Union (County)"
3635,"2026-01-24","TN","EM","Winter Storm","SEVERE WINTER STORM","2026-01-22","2026-01-27","Wilson (County)"
3634,"2026-01-24","MD","EM","Winter Storm","SEVERE WINTER STORM","2026-01-23","2026-01-27","Montgomery (County)"
3641,"2026-01-24","IN","EM","Winter Storm","SEVERE WINTER STORM","2026-01-23","2026-01-27","Blackford (County)"
3633,"2026-01-24","KY","EM","Winter Storm","SEVERE WINTER STORM","2026-01-23","2026-01-27","Menifee (County)"
3640,"2026-01-24","MS","EM","Winter Storm","SEVERE WINTER STORM ","2026-01-23","2026-01-27","Union (County)"
3635,"2026-01-24","TN","EM","Winter Storm","SEVERE WINTER STORM","2026-01-22","2026-01-27","Sullivan (County)"
3633,"2026-01-24","KY","EM","Winter Storm","SEVERE WINTER STORM","2026-01-23","2026-01-27","Rockcastle (County)"
3633,"2026-01-24","KY","EM","Winter Storm","SEVERE WINTER STORM","2026-01-23","2026-01-27","Henderson (County)"
3636,"2026-01-24","AR","EM","Winter Storm","SEVERE WINTER STORM","2026-01-23","2026-01-27","White (County)"
3642,"2026-01-24","GA","EM","Winter Storm","SEVERE WINTER STORM","2026-01-22","2026-01-27","Stewart (County)"
3633,"2026-01-24","KY","EM","Winter Storm","SEVERE WINTER STORM","2026-01-23","2026-01-27","Mason (County)"
3640,"2026-01-24","MS","EM","Winter Storm","SEVERE WINTER STORM ","2026-01-23","2026-01-27","Stone (County)"
3633,"2026-01-24","KY","EM","Winter Storm","SEVERE WINTER STORM","2026-01-23","2026-01-27","Washington (County)"
3636,"2026-01-24","AR","EM","Winter Storm","SEVERE WINTER STORM","2026-01-23","2026-01-27","Johnson (County)"
3636,"2026-01-24","AR","EM","Winter Storm","SEVERE WINTER STORM","2026-01-23","2026-01-27","Randolph (County)"
3639,"2026-01-24","WV","EM","Winter Storm","SEVERE WINTER STORM","2026-01-23","2026-01-27","Raleigh (County)"
3639,"2026-01-24","WV","EM","Winter Storm","SEVERE WINTER STORM","2026-01-23","2026-01-27","Ritchie (County)"
3637,"2026-01-24","NC","EM","Winter Storm","SEVERE WINTER STORM","2026-01-21","2026-01-27","Bertie (County)"
3642,"2026-01-24","GA","EM","Winter Storm","SEVERE WINTER STORM","2026-01-22","2026-01-27","Screven (County)"
3637,"2026-01-24","NC","EM","Winter Storm","SEVERE WINTER STORM","2026-01-21","2026-01-27","Scotland (County)"
3637,"2026-01-24","NC","EM","Winter Storm","SEVERE WINTER STORM","2026-01-21","2026-01-27","Cherokee (County)"
3641,"2026-01-24","IN","EM","Winter Storm","SEVERE WINTER STORM","2026-01-23","2026-01-27","Starke (County)"
3642,"2026-01-24","GA","EM","Winter Storm","SEVERE WINTER STORM","2026-01-22","2026-01-27","Douglas (County)"
3639,"2026-01-24","WV","EM","Winter Storm","SEVERE WINTER STORM","2026-01-23","2026-01-27","Tucker (County)"
3641,"2026-01-24","IN","EM","Winter Storm","SEVERE WINTER STORM","2026-01-23","2026-01-27","Martin (County)"
3635,"2026-01-24","TN","EM","Winter Storm","SEVERE WINTER STORM","2026-01-22","2026-01-27","Fentress (County)"
3639,"2026-01-24","WV","EM","Winter Storm","SEVERE WINTER STORM","2026-01-23","2026-01-27","Marion (County)"
3633,"2026-01-24","KY","EM","Winter Storm","SEVERE WINTER STORM","2026-01-23","2026-01-27","Warren (County)"
3636,"2026-01-24","AR","EM","Winter Storm","SEVERE WINTER STORM","2026-01-23","2026-01-27","Lawrence (County)"
3636,"2026-01-24","AR","EM","Winter Storm","SEVERE WINTER STORM","2026-01-23","2026-01-27","Saline (County)"
3641,"2026-01-24","IN","EM","Winter Storm","SEVERE WINTER STORM","2026-01-23","2026-01-27","Randolph (County)"
3635,"2026-01-24","TN","EM","Winter Storm","SEVERE WINTER STORM","2026-01-22","2026-01-27","Crockett (County)"
3635,"2026-01-24","TN","EM","Winter Storm","SEVERE WINTER STORM","2026-01-22","2026-01-27","Greene (County)"
3637,"2026-01-24","NC","EM","Winter Storm","SEVERE WINTER STORM","2026-01-21","2026-01-27","Pitt (County)"
3642,"2026-01-24","GA","EM","Winter Storm","SEVERE WINTER STORM","2026-01-22","2026-01-27","Washington (County)"
3633,"2026-01-24","KY","EM","Winter Storm","SEVERE WINTER STORM","2026-01-23","2026-01-27","Garrard (County)"
3640,"2026-01-24","MS","EM","Winter Storm","SEVERE WINTER STORM ","2026-01-23","2026-01-27","Choctaw (County)"
3635,"2026-01-24","TN","EM","Winter Storm","SEVERE WINTER STORM","2026-01-22","2026-01-27","Dyer (County)"
3639,"2026-01-24","WV","EM","Winter Storm","SEVERE WINTER STORM","2026-01-23","2026-01-27","Logan (County)"
3642,"2026-01-24","GA","EM","Winter Storm","SEVERE WINTER STORM","2026-01-22","2026-01-27","Gwinnett (County)"
3637,"2026-01-24","NC","EM","Winter Storm","SEVERE WINTER STORM","2026-01-21","2026-01-27","Durham (County)"
3642,"2026-01-24","GA","EM","Winter Storm","SEVERE WINTER STORM","2026-01-22","2026-01-27","Lincoln (County)"
3637,"2026-01-24","NC","EM","Winter Storm","SEVERE WINTER STORM","2026-01-21","2026-01-27","Jones (County)"
3638,"2026-01-24","LA","EM","Winter Storm","SEVERE WINTER STORM","2026-01-23","2026-01-27","Vernon (Parish)"
3639,"2026-01-24","WV","EM","Winter Storm","SEVERE WINTER STORM","2026-01-23","2026-01-27","Hancock (County)"
3638,"2026-01-24","LA","EM","Winter Storm","SEVERE WINTER STORM","2026-01-23","2026-01-27","Union (Parish)"
3633,"2026-01-24","KY","EM","Winter Storm","SEVERE WINTER STORM","2026-01-23","2026-01-27","Grant (County)"
3640,"2026-01-24","MS","EM","Winter Storm","SEVERE WINTER STORM ","2026-01-23","2026-01-27","Lawrence (County)"
3635,"2026-01-24","TN","EM","Winter Storm","SEVERE WINTER STORM","2026-01-22","2026-01-27","Obion (County)"
3640,"2026-01-24","MS","EM","Winter Storm","SEVERE WINTER STORM ","2026-01-23","2026-01-27","Pearl River (County)"
3637,"2026-01-24","NC","EM","Winter Storm","SEVERE WINTER STORM","2026-01-21","2026-01-27","Cleveland (County)"
3636,"2026-01-24","AR","EM","Winter Storm","SEVERE WINTER STORM","2026-01-23","2026-01-27","Pulaski (County)"
3640,"2026-01-24","MS","EM","Winter Storm","SEVERE WINTER STORM ","2026-01-23","2026-01-27","Oktibbeha (County)"
3641,"2026-01-24","IN","EM","Winter Storm","SEVERE WINTER STORM","2026-01-23","2026-01-27","Daviess (County)"
3640,"2026-01-24","MS","EM","Winter Storm","SEVERE WINTER STORM ","2026-01-23","2026-01-27","Yalobusha (County)"
3633,"2026-01-24","KY","EM","Winter Storm","SEVERE WINTER STORM","2026-01-23","2026-01-27","Pike (County)"
3640,"2026-01-24","MS","EM","Winter Storm","SEVERE WINTER STORM ","2026-01-23","2026-01-27","Wilkinson (County)"
3638,"2026-01-24","LA","EM","Winter Storm","SEVERE WINTER STORM","2026-01-23","2026-01-27","West Carroll (Parish)"
3633,"2026-01-24","KY","EM","Winter Storm","SEVERE WINTER STORM","2026-01-23","2026-01-27","Floyd (County)"
3633,"2026-01-24","KY","EM","Winter Storm","SEVERE WINTER STORM","2026-01-23","2026-01-27","Fleming (County)"
3633,"2026-01-24","KY","EM","Winter Storm","SEVERE WINTER STORM","2026-01-23","2026-01-27","Fayette (County)"
3636,"2026-01-24","AR","EM","Winter Storm","SEVERE WINTER STORM","2026-01-23","2026-01-27","Pike (County)"
3635,"2026-01-24","TN","EM","Winter Storm","SEVERE WINTER STORM","2026-01-22","2026-01-27","Jackson (County)"
3636,"2026-01-24","AR","EM","Winter Storm","SEVERE WINTER STORM","2026-01-23","2026-01-27","Desha (County)"
3633,"2026-01-24","KY","EM","Winter Storm","SEVERE WINTER STORM","2026-01-23","2026-01-27","Gallatin (County)"
3640,"2026-01-24","MS","EM","Winter Storm","SEVERE WINTER STORM ","2026-01-23","2026-01-27","Claiborne (County)"
3635,"2026-01-24","TN","EM","Winter Storm","SEVERE WINTER STORM","2026-01-22","2026-01-27","Macon (County)"
3642,"2026-01-24","GA","EM","Winter Storm","SEVERE WINTER STORM","2026-01-22","2026-01-27","Union (County)"
3642,"2026-01-24","GA","EM","Winter Storm","SEVERE WINTER STORM","2026-01-22","2026-01-27","Towns (County)"
3634,"2026-01-24","MD","EM","Winter Storm","SEVERE WINTER STORM","2026-01-23","2026-01-27","Carroll (County)"
3639,"2026-01-24","WV","EM","Winter Storm","SEVERE WINTER STORM","2026-01-23","2026-01-27","Wayne (County)"
3635,"2026-01-24","TN","EM","Winter Storm","SEVERE WINTER STORM","2026-01-22","2026-01-27","Hardin (County)"
3642,"2026-01-24","GA","EM","Winter Storm","SEVERE WINTER STORM","2026-01-22","2026-01-27","Dawson (County)"
3635,"2026-01-24","TN","EM","Winter Storm","SEVERE WINTER STORM","2026-01-22","2026-01-27","Stewart (County)"
3638,"2026-01-24","LA","EM","Winter Storm","SEVERE WINTER STORM","2026-01-23","2026-01-27","Morehouse (Parish)"
3635,"2026-01-24","TN","EM","Winter Storm","SEVERE WINTER STORM","2026-01-22","2026-01-27","Cocke (County)"
3637,"2026-01-24","NC","EM","Winter Storm","SEVERE WINTER STORM","2026-01-21","2026-01-27","Jackson (County)"
3636,"2026-01-24","AR","EM","Winter Storm","SEVERE WINTER STORM","2026-01-23","2026-01-27","Polk (County)"
3633,"2026-01-24","KY","EM","Winter Storm","SEVERE WINTER STORM","2026-01-23","2026-01-27","Harrison (County)"
3642,"2026-01-24","GA","EM","Winter Storm","SEVERE WINTER STORM","2026-01-22","2026-01-27","Emanuel (County)"
3642,"2026-01-24","GA","EM","Winter Storm","SEVERE WINTER STORM","2026-01-22","2026-01-27","Chattooga (County)"
3642,"2026-01-24","GA","EM","Winter Storm","SEVERE WINTER STORM","2026-01-22","2026-01-27","Butts (County)"
3636,"2026-01-24","AR","EM","Winter Storm","SEVERE WINTER STORM","2026-01-23","2026-01-27","Faulkner (County)"
3635,"2026-01-24","TN","EM","Winter Storm","SEVERE WINTER STORM","2026-01-22","2026-01-27","Sequatchie (County)"
3633,"2026-01-24","KY","EM","Winter Storm","SEVERE WINTER STORM","2026-01-23","2026-01-27","Trigg (County)"
3633,"2026-01-24","KY","EM","Winter Storm","SEVERE WINTER STORM","2026-01-23","2026-01-27","Carter (County)"
3633,"2026-01-24","KY","EM","Winter Storm","SEVERE WINTER STORM","2026-01-23","2026-01-27","Pulaski (County)"
3639,"2026-01-24","WV","EM","Winter Storm","SEVERE WINTER STORM","2026-01-23","2026-01-27","Grant (County)"
3633,"2026-01-24","KY","EM","Winter Storm","SEVERE WINTER STORM","2026-01-23","2026-01-27","Hart (County)"
3635,"2026-01-24","TN","EM","Winter Storm","SEVERE WINTER STORM","2026-01-22","2026-01-27","Monroe (County)"
3637,"2026-01-24","NC","EM","Winter Storm","SEVERE WINTER STORM","2026-01-21","2026-01-27","Avery (County)"
3635,"2026-01-24","TN","EM","Winter Storm","SEVERE WINTER STORM","2026-01-22","2026-01-27","Montgomery (County)"
3640,"2026-01-24","MS","EM","Winter Storm","SEVERE WINTER STORM ","2026-01-23","2026-01-27","Benton (County)"
3640,"2026-01-24","MS","EM","Winter Storm","SEVERE WINTER STORM ","2026-01-23","2026-01-27","Perry (County)"
3640,"2026-01-24","MS","EM","Winter Storm","SEVERE WINTER STORM ","2026-01-23","2026-01-27","Smith (County)"
3633,"2026-01-24","KY","EM","Winter Storm","SEVERE WINTER STORM","2026-01-23","2026-01-27","Todd (County)"
3642,"2026-01-24","GA","EM","Winter Storm","SEVERE WINTER STORM","2026-01-22","2026-01-27","Cobb (County)"
3642,"2026-01-24","GA","EM","Winter Storm","SEVERE WINTER STORM","2026-01-22","2026-01-27","Coweta (County)"
3635,"2026-01-24","TN","EM","Winter Storm","SEVERE WINTER STORM","2026-01-22","2026-01-27","Hickman (County)"
3633,"2026-01-24","KY","EM","Winter Storm","SEVERE WINTER STORM","2026-01-23","2026-01-27","Johnson (County)"
3637,"2026-01-24","NC","EM","Winter Storm","SEVERE WINTER STORM","2026-01-21","2026-01-27","Tyrrell (County)"
3637,"2026-01-24","NC","EM","Winter Storm","SEVERE WINTER STORM","2026-01-21","2026-01-27","Pamlico (County)"
3640,"2026-01-24","MS","EM","Winter Storm","SEVERE WINTER STORM ","2026-01-23","2026-01-27","Lauderdale (County)"
3639,"2026-01-24","WV","EM","Winter Storm","SEVERE WINTER STORM","2026-01-23","2026-01-27","Lewis (County)"
3642,"2026-01-24","GA","EM","Winter Storm","SEVERE WINTER STORM","2026-01-22","2026-01-27","Bibb (County)"
3635,"2026-01-24","TN","EM","Winter Storm","SEVERE WINTER STORM","2026-01-22","2026-01-27","Perry (County)"
3641,"2026-01-24","IN","EM","Winter Storm","SEVERE WINTER STORM","2026-01-23","2026-01-27","DeKalb (County)"
3633,"2026-01-24","KY","EM","Winter Storm","SEVERE WINTER STORM","2026-01-23","2026-01-27","Bullitt (County)"
3635,"2026-01-24","TN","EM","Winter Storm","SEVERE WINTER STORM","2026-01-22","2026-01-27","Sumner (County)"
3636,"2026-01-24","AR","EM","Winter Storm","SEVERE WINTER STORM","2026-01-23","2026-01-27","Greene (County)"
3633,"2026-01-24","KY","EM","Winter Storm","SEVERE WINTER STORM","2026-01-23","2026-01-27","Larue (County)"
3634,"2026-01-24","MD","EM","Winter Storm","SEVERE WINTER STORM","2026-01-23","2026-01-27","Caroline (County)"
3633,"2026-01-24","KY","EM","Winter Storm","SEVERE WINTER STORM","2026-01-23","2026-01-27","Hickman (County)"
3633,"2026-01-24","KY","EM","Winter Storm","SEVERE WINTER STORM","2026-01-23","2026-01-27","Breathitt (County)"
3642,"2026-01-24","GA","EM","Winter Storm","SEVERE WINTER STORM","2026-01-22","2026-01-27","Haralson (County)"
3638,"2026-01-24","LA","EM","Winter Storm","SEVERE WINTER STORM","2026-01-23","2026-01-27","Catahoula (Parish)"
3637,"2026-01-24","NC","EM","Winter Storm","SEVERE WINTER STORM","2026-01-21","2026-01-27","Wake (County)"
3638,"2026-01-24","LA","EM","Winter Storm","SEVERE WINTER STORM","2026-01-23","2026-01-27","East Feliciana (Parish)"
3642,"2026-01-24","GA","EM","Winter Storm","SEVERE WINTER STORM","2026-01-22","2026-01-27","Crawford (County)"
3637,"2026-01-24","NC","EM","Winter Storm","SEVERE WINTER STORM","2026-01-21","2026-01-27","Warren (County)"
3633,"2026-01-24","KY","EM","Winter Storm","SEVERE WINTER STORM","2026-01-23","2026-01-27","Lyon (County)"
3641,"2026-01-24","IN","EM","Winter Storm","SEVERE WINTER STORM","2026-01-23","2026-01-27","Dubois (County)"
3633,"2026-01-24","KY","EM","Winter Storm","SEVERE WINTER STORM","2026-01-23","2026-01-27","McCreary (County)"
3633,"2026-01-24","KY","EM","Winter Storm","SEVERE WINTER STORM","2026-01-23","2026-01-27","Bracken (County)"
3639,"2026-01-24","WV","EM","Winter Storm","SEVERE WINTER STORM","2026-01-23","2026-01-27","Jefferson (County)"
3634,"2026-01-24","MD","EM","Winter Storm","SEVERE WINTER STORM","2026-01-23","2026-01-27","Baltimore (County)"
3633,"2026-01-24","KY","EM","Winter Storm","SEVERE WINTER STORM","2026-01-23","2026-01-27","Franklin (County)"
3633,"2026-01-24","KY","EM","Winter Storm","SEVERE WINTER STORM","2026-01-23","2026-01-27","Marshall (County)"
3639,"2026-01-24","WV","EM","Winter Storm","SEVERE WINTER STORM","2026-01-23","2026-01-27","McDowell (County)"
3635,"2026-01-24","TN","EM","Winter Storm","SEVERE WINTER STORM","2026-01-22","2026-01-27","Warren (County)"
3635,"2026-01-24","TN","EM","Winter Storm","SEVERE WINTER STORM","2026-01-22","2026-01-27","Houston (County)"
3640,"2026-01-24","MS","EM","Winter Storm","SEVERE WINTER STORM ","2026-01-23","2026-01-27","Leake (County)"
3635,"2026-01-24","TN","EM","Winter Storm","SEVERE WINTER STORM","2026-01-22","2026-01-27","Loudon (County)"
3642,"2026-01-24","GA","EM","Winter Storm","SEVERE WINTER STORM","2026-01-22","2026-01-27","Hart (County)"
3638,"2026-01-24","LA","EM","Winter Storm","SEVERE WINTER STORM","2026-01-23","2026-01-27","Jackson (Parish)"
3633,"2026-01-24","KY","EM","Winter Storm","SEVERE WINTER STORM","2026-01-23","2026-01-27","Boyd (County)"
3640,"2026-01-24","MS","EM","Winter Storm","SEVERE WINTER STORM ","2026-01-23","2026-01-27","Hancock (County)"
3635,"2026-01-24","TN","EM","Winter Storm","SEVERE WINTER STORM","2026-01-22","2026-01-27","Scott (County)"
3635,"2026-01-24","TN","EM","Winter Storm","SEVERE WINTER STORM","2026-01-22","2026-01-27","Rhea (County)"
3642,"2026-01-24","GA","EM","Winter Storm","SEVERE WINTER STORM","2026-01-22","2026-01-27","Elbert (County)"
3640,"2026-01-24","MS","EM","Winter Storm","SEVERE WINTER STORM ","2026-01-23","2026-01-27","Leflore (County)"
3633,"2026-01-24","KY","EM","Winter Storm","SEVERE WINTER STORM","2026-01-23","2026-01-27","Scott (County)"
3642,"2026-01-24","GA","EM","Winter Storm","SEVERE WINTER STORM","2026-01-22","2026-01-27","Pike (County)"
3642,"2026-01-24","GA","EM","Winter Storm","SEVERE WINTER STORM","2026-01-22","2026-01-27","Rockdale (County)"
3633,"2026-01-24","KY","EM","Winter Storm","SEVERE WINTER STORM","2026-01-23","2026-01-27","Wolfe (County)"
3642,"2026-01-24","GA","EM","Winter Storm","SEVERE WINTER STORM","2026-01-22","2026-01-27","Sumter (County)"
3642,"2026-01-24","GA","EM","Winter Storm","SEVERE WINTER STORM","2026-01-22","2026-01-27","Richmond (County)"
3636,"2026-01-24","AR","EM","Winter Storm","SEVERE WINTER STORM","2026-01-23","2026-01-27","Izard (County)"
3642,"2026-01-24","GA","EM","Winter Storm","SEVERE WINTER STORM","2026-01-22","2026-01-27","Walton (County)"
3642,"2026-01-24","GA","EM","Winter Storm","SEVERE WINTER STORM","2026-01-22","2026-01-27","Spalding (County)"
3642,"2026-01-24","GA","EM","Winter Storm","SEVERE WINTER STORM","2026-01-22","2026-01-27","Stephens (County)"
3635,"2026-01-24","TN","EM","Winter Storm","SEVERE WINTER STORM","2026-01-22","2026-01-27","Bedford (County)"
3642,"2026-01-24","GA","EM","Winter Storm","SEVERE WINTER STORM","2026-01-22","2026-01-27","Schley (County)"
3636,"2026-01-24","AR","EM","Winter Storm","SEVERE WINTER STORM","2026-01-23","2026-01-27","Fulton (County)"
3633,"2026-01-24","KY","EM","Winter Storm","SEVERE WINTER STORM","2026-01-23","2026-01-27","Graves (County)"
3635,"2026-01-24","TN","EM","Winter Storm","SEVERE WINTER STORM","2026-01-22","2026-01-27","Giles (County)"
3638,"2026-01-24","LA","EM","Winter Storm","SEVERE WINTER STORM","2026-01-23","2026-01-27","St. Tammany (Parish)"
3633,"2026-01-24","KY","EM","Winter Storm","SEVERE WINTER STORM","2026-01-23","2026-01-27","Bell (County)"
3642,"2026-01-24","GA","EM","Winter Storm","SEVERE WINTER STORM","2026-01-22","2026-01-27","Jasper (County)"
3640,"2026-01-24","MS","EM","Winter Storm","SEVERE WINTER STORM ","2026-01-23","2026-01-27","Jones (County)"
3636,"2026-01-24","AR","EM","Winter Storm","SEVERE WINTER STORM","2026-01-23","2026-01-27","Benton (County)"
3636,"2026-01-24","AR","EM","Winter Storm","SEVERE WINTER STORM","2026-01-23","2026-01-27","Perry (County)"
3635,"2026-01-24","TN","EM","Winter Storm","SEVERE WINTER STORM","2026-01-22","2026-01-27","Smith (County)"
3633,"2026-01-24","KY","EM","Winter Storm","SEVERE WINTER STORM","2026-01-23","2026-01-27","Oldham (County)"
3637,"2026-01-24","NC","EM","Winter Storm","SEVERE WINTER STORM","2026-01-21","2026-01-27","Halifax (County)"
3637,"2026-01-24","NC","EM","Winter Storm","SEVERE WINTER STORM","2026-01-21","2026-01-27","Haywood (County)"
3642,"2026-01-24","GA","EM","Winter Storm","SEVERE WINTER STORM","2026-01-22","2026-01-27","Polk (County)"
3633,"2026-01-24","KY","EM","Winter Storm","SEVERE WINTER STORM","2026-01-23","2026-01-27","Woodford (County)"
3638,"2026-01-24","LA","EM","Winter Storm","SEVERE WINTER STORM","2026-01-23","2026-01-27","Jefferson (Parish)"
3642,"2026-01-24","GA","EM","Winter Storm","SEVERE WINTER STORM","2026-01-22","2026-01-27","Oglethorpe (County)"
3637,"2026-01-24","NC","EM","Winter Storm","SEVERE WINTER STORM","2026-01-21","2026-01-27","Guilford (County)"
3642,"2026-01-24","GA","EM","Winter Storm","SEVERE WINTER STORM","2026-01-22","2026-01-27","McDuffie (County)"
3642,"2026-01-24","GA","EM","Winter Storm","SEVERE WINTER STORM","2026-01-22","2026-01-27","Taliaferro (County)"
3637,"2026-01-24","NC","EM","Winter Storm","SEVERE WINTER STORM","2026-01-21","2026-01-27","Wilkes (County)"
3642,"2026-01-24","GA","EM","Winter Storm","SEVERE WINTER STORM","2026-01-22","2026-01-27","Jackson (County)"
3642,"2026-01-24","GA","EM","Winter Storm","SEVERE WINTER STORM","2026-01-22","2026-01-27","Murray (County)"
3633,"2026-01-24","KY","EM","Winter Storm","SEVERE WINTER STORM","2026-01-23","2026-01-27","Powell (County)"
3642,"2026-01-24","GA","EM","Winter Storm","SEVERE WINTER STORM","2026-01-22","2026-01-27","Houston (County)"
3640,"2026-01-24","MS","EM","Winter Storm","SEVERE WINTER STORM ","2026-01-23","2026-01-27","Jasper (County)"
3634,"2026-01-24","MD","EM","Winter Storm","SEVERE WINTER STORM","2026-01-23","2026-01-27","Baltimore"
3638,"2026-01-24","LA","EM","Winter Storm","SEVERE WINTER STORM","2026-01-23","2026-01-27","Sabine (Parish)"
3642,"2026-01-24","GA","EM","Winter Storm","SEVERE WINTER STORM","2026-01-22","2026-01-27","Meriwether (County)"
3642,"2026-01-24","GA","EM","Winter Storm","SEVERE WINTER STORM","2026-01-22","2026-01-27","Henry (County)"
3642,"2026-01-24","GA","EM","Winter Storm","SEVERE WINTER STORM","2026-01-22","2026-01-27","Cherokee (County)"
3642,"2026-01-24","GA","EM","Winter Storm","SEVERE WINTER STORM","2026-01-22","2026-01-27","Barrow (County)"
3635,"2026-01-24","TN","EM","Winter Storm","SEVERE WINTER STORM","2026-01-22","2026-01-27","Sevier (County)"
3640,"2026-01-24","MS","EM","Winter Storm","SEVERE WINTER STORM ","2026-01-23","2026-01-27","George (County)"
3641,"2026-01-24","IN","EM","Winter Storm","SEVERE WINTER STORM","2026-01-23","2026-01-27","Fulton (County)"
3638,"2026-01-24","LA","EM","Winter Storm","SEVERE WINTER STORM","2026-01-23","2026-01-27","East Baton Rouge (Parish)"
3638,"2026-01-24","LA","EM","Winter Storm","SEVERE WINTER STORM","2026-01-23","2026-01-27","Cameron (Parish)"
3638,"2026-01-24","LA","EM","Winter Storm","SEVERE WINTER STORM","2026-01-23","2026-01-27","Franklin (Parish)"
3635,"2026-01-24","TN","EM","Winter Storm","SEVERE WINTER STORM","2026-01-22","2026-01-27","Carter (County)"
3640,"2026-01-24","MS","EM","Winter Storm","SEVERE WINTER STORM ","2026-01-23","2026-01-27","Tishomingo (County)"
3641,"2026-01-24","IN","EM","Winter Storm","SEVERE WINTER STORM","2026-01-23","2026-01-27","Fayette (County)"
3636,"2026-01-24","AR","EM","Winter Storm","SEVERE WINTER STORM","2026-01-23","2026-01-27","Jackson (County)"
3642,"2026-01-24","GA","EM","Winter Storm","SEVERE WINTER STORM","2026-01-22","2026-01-27","Carroll (County)"
3642,"2026-01-24","GA","EM","Winter Storm","SEVERE WINTER STORM","2026-01-22","2026-01-27","Hancock (County)"
3640,"2026-01-24","MS","EM","Winter Storm","SEVERE WINTER STORM ","2026-01-23","2026-01-27","Madison (County)"
3642,"2026-01-24","GA","EM","Winter Storm","SEVERE WINTER STORM","2026-01-22","2026-01-27","Candler (County)"
3633,"2026-01-24","KY","EM","Winter Storm","SEVERE WINTER STORM","2026-01-23","2026-01-27","Jackson (County)"
3635,"2026-01-24","TN","EM","Winter Storm","SEVERE WINTER STORM","2026-01-22","2026-01-27","Henderson (County)"
3641,"2026-01-24","IN","EM","Winter Storm","SEVERE WINTER STORM","2026-01-23","2026-01-27","Wayne (County)"
3636,"2026-01-24","AR","EM","Winter Storm","SEVERE WINTER STORM","2026-01-23","2026-01-27","Sebastian (County)"
3633,"2026-01-24","KY","EM","Winter Storm","SEVERE WINTER STORM","2026-01-23","2026-01-27","Simpson (County)"
3633,"2026-01-24","KY","EM","Winter Storm","SEVERE WINTER STORM","2026-01-23","2026-01-27","Lewis (County)"
3637,"2026-01-24","NC","EM","Winter Storm","SEVERE WINTER STORM","2026-01-21","2026-01-27","Alexander (County)"
3642,"2026-01-24","GA","EM","Winter Storm","SEVERE WINTER STORM","2026-01-22","2026-01-27","Oconee (County)"
3635,"2026-01-24","TN","EM","Winter Storm","SEVERE WINTER STORM","2026-01-22","2026-01-27","Hawkins (County)"
3633,"2026-01-24","KY","EM","Winter Storm","SEVERE WINTER STORM","2026-01-23","2026-01-27","Campbell (County)"
3641,"2026-01-24","IN","EM","Winter Storm","SEVERE WINTER STORM","2026-01-23","2026-01-27","Jefferson (County)"
3641,"2026-01-24","IN","EM","Winter Storm","SEVERE WINTER STORM","2026-01-23","2026-01-27","Bartholomew (County)"
3641,"2026-01-24","IN","EM","Winter Storm","SEVERE WINTER STORM","2026-01-23","2026-01-27","Washington (County)"
3641,"2026-01-24","IN","EM","Winter Storm","SEVERE WINTER STORM","2026-01-23","2026-01-27","Miami (County)"
3637,"2026-01-24","NC","EM","Winter Storm","SEVERE WINTER STORM","2026-01-21","2026-01-27","Beaufort (County)"
3639,"2026-01-24","WV","EM","Winter Storm","SEVERE WINTER STORM","2026-01-23","2026-01-27","Monroe (County)"
3633,"2026-01-24","KY","EM","Winter Storm","SEVERE WINTER STORM","2026-01-23","2026-01-27","Greenup (County)"
3642,"2026-01-24","GA","EM","Winter Storm","SEVERE WINTER STORM","2026-01-22","2026-01-27","Marion (County)"
3638,"2026-01-24","LA","EM","Winter Storm","SEVERE WINTER STORM","2026-01-23","2026-01-27","Beauregard (Parish)"
3642,"2026-01-24","GA","EM","Winter Storm","SEVERE WINTER STORM","2026-01-22","2026-01-27","Laurens (County)"
3638,"2026-01-24","LA","EM","Winter Storm","SEVERE WINTER STORM","2026-01-23","2026-01-27","Tensas (Parish)"
3641,"2026-01-24","IN","EM","Winter Storm","SEVERE WINTER STORM","2026-01-23","2026-01-27","Ohio (County)"
3639,"2026-01-24","WV","EM","Winter Storm","SEVERE WINTER STORM","2026-01-23","2026-01-27","Upshur (County)"
3633,"2026-01-24","KY","EM","Winter Storm","SEVERE WINTER STORM","2026-01-23","2026-01-27","Shelby (County)"
3640,"2026-01-24","MS","EM","Winter Storm","SEVERE WINTER STORM ","2026-01-23","2026-01-27","Alcorn (County)"
3635,"2026-01-24","TN","EM","Winter Storm","SEVERE WINTER STORM","2026-01-22","2026-01-27","Rutherford (County)"
3634,"2026-01-24","MD","EM","Winter Storm","SEVERE WINTER STORM","2026-01-23","2026-01-27","Allegany (County)"
3633,"2026-01-24","KY","EM","Winter Storm","SEVERE WINTER STORM","2026-01-23","2026-01-27","Spencer (County)"
3635,"2026-01-24","TN","EM","Winter Storm","SEVERE WINTER STORM","2026-01-22","2026-01-27","Lincoln (County)"
3637,"2026-01-24","NC","EM","Winter Storm","SEVERE WINTER STORM","2026-01-21","2026-01-27","Transylvania (County)"
3642,"2026-01-24","GA","EM","Winter Storm","SEVERE WINTER STORM","2026-01-22","2026-01-27","Putnam (County)"
3637,"2026-01-24","NC","EM","Winter Storm","SEVERE WINTER STORM","2026-01-21","2026-01-27","Caswell (County)"
3638,"2026-01-24","LA","EM","Winter Storm","SEVERE WINTER STORM","2026-01-23","2026-01-27","St. Bernard (Parish)"
3635,"2026-01-24","TN","EM","Winter Storm","SEVERE WINTER STORM","2026-01-22","2026-01-27","Hamblen (County)"
3635,"2026-01-24","TN","EM","Winter Storm","SEVERE WINTER STORM","2026-01-22","2026-01-27","DeKalb (County)"
3635,"2026-01-24","TN","EM","Winter Storm","SEVERE WINTER STORM","2026-01-22","2026-01-27","Washington (County)"
3640,"2026-01-24","MS","EM","Winter Storm","SEVERE WINTER STORM ","2026-01-23","2026-01-27","Tunica (County)"
3642,"2026-01-24","GA","EM","Winter Storm","SEVERE WINTER STORM","2026-01-22","2026-01-27","Chattahoochee (County)"
3641,"2026-01-24","IN","EM","Winter Storm","SEVERE WINTER STORM","2026-01-23","2026-01-27","Gibson (County)"
3640,"2026-01-24","MS","EM","Winter Storm","SEVERE WINTER STORM ","2026-01-23","2026-01-27","Hinds (County)"
3641,"2026-01-24","IN","EM","Winter Storm","SEVERE WINTER STORM","2026-01-23","2026-01-27","Greene (County)"
3636,"2026-01-24","AR","EM","Winter Storm","SEVERE WINTER STORM","2026-01-23","2026-01-27","Mississippi (County)"
3634,"2026-01-24","MD","EM","Winter Storm","SEVERE WINTER STORM","2026-01-23","2026-01-27","Frederick (County)"
3637,"2026-01-24","NC","EM","Winter Storm","SEVERE WINTER STORM","2026-01-21","2026-01-27","Rockingham (County)"
3637,"2026-01-24","NC","EM","Winter Storm","SEVERE WINTER STORM","2026-01-21","2026-01-27","Stokes (County)"
3642,"2026-01-24","GA","EM","Winter Storm","SEVERE WINTER STORM","2026-01-22","2026-01-27","Tattnall (County)"
3637,"2026-01-24","NC","EM","Winter Storm","SEVERE WINTER STORM","2026-01-21","2026-01-27","Chatham (County)"
3636,"2026-01-24","AR","EM","Winter Storm","SEVERE WINTER STORM","2026-01-23","2026-01-27","Crittenden (County)"
3639,"2026-01-24","WV","EM","Winter Storm","SEVERE WINTER STORM","2026-01-23","2026-01-27","Harrison (County)"
3633,"2026-01-24","KY","EM","Winter Storm","SEVERE WINTER STORM","2026-01-23","2026-01-27","Webster (County)"
3636,"2026-01-24","AR","EM","Winter Storm","SEVERE WINTER STORM","2026-01-23","2026-01-27","Miller (County)"
3633,"2026-01-24","KY","EM","Winter Storm","SEVERE WINTER STORM","2026-01-23","2026-01-27","Hardin (County)"
3633,"2026-01-24","KY","EM","Winter Storm","SEVERE WINTER STORM","2026-01-23","2026-01-27","Lincoln (County)"
3638,"2026-01-24","LA","EM","Winter Storm","SEVERE WINTER STORM","2026-01-23","2026-01-27","Caddo (Parish)"
3633,"2026-01-24","KY","EM","Winter Storm","SEVERE WINTER STORM","2026-01-23","2026-01-27","Fulton (County)"
3641,"2026-01-24","IN","EM","Winter Storm","SEVERE WINTER STORM","2026-01-23","2026-01-27","Spencer (County)"
3640,"2026-01-24","MS","EM","Winter Storm","SEVERE WINTER STORM ","2026-01-23","2026-01-27","Pike (County)"
3637,"2026-01-24","NC","EM","Winter Storm","SEVERE WINTER STORM","2026-01-21","2026-01-27","Forsyth (County)"
3639,"2026-01-24","WV","EM","Winter Storm","SEVERE WINTER STORM","2026-01-23","2026-01-27","Ohio (County)"
3640,"2026-01-24","MS","EM","Winter Storm","SEVERE WINTER STORM ","2026-01-23","2026-01-27","Sunflower (County)"
3635,"2026-01-24","TN","EM","Winter Storm","SEVERE WINTER STORM","2026-01-22","2026-01-27","Fayette (County)"
3636,"2026-01-24","AR","EM","Winter Storm","SEVERE WINTER STORM","2026-01-23","2026-01-27","Grant (County)"
3640,"2026-01-24","MS","EM","Winter Storm","SEVERE WINTER STORM ","2026-01-23","2026-01-27","Franklin (County)"
3637,"2026-01-24","NC","EM","Winter Storm","SEVERE WINTER STORM","2026-01-21","2026-01-27","Northampton (County)"
3637,"2026-01-24","NC","EM","Winter Storm","SEVERE WINTER STORM","2026-01-21","2026-01-27","Gates (County)"
3637,"2026-01-24","NC","EM","Winter Storm","SEVERE WINTER STORM","2026-01-21","2026-01-27","New Hanover (County)"
3637,"2026-01-24","NC","EM","Winter Storm","SEVERE WINTER STORM","2026-01-21","2026-01-27","Onslow (County)"
3641,"2026-01-24","IN","EM","Winter Storm","SEVERE WINTER STORM","2026-01-23","2026-01-27","Johnson (County)"
3640,"2026-01-24","MS","EM","Winter Storm","SEVERE WINTER STORM ","2026-01-23","2026-01-27","Noxubee (County)"
3638,"2026-01-24","LA","EM","Winter Storm","SEVERE WINTER STORM","2026-01-23","2026-01-27","La Salle (Parish)"
3637,"2026-01-24","NC","EM","Winter Storm","SEVERE WINTER STORM","2026-01-21","2026-01-27","Perquimans (County)"
3642,"2026-01-24","GA","EM","Winter Storm","SEVERE WINTER STORM","2026-01-22","2026-01-27","Taylor (County)"
3640,"2026-01-24","MS","EM","Winter Storm","SEVERE WINTER STORM ","2026-01-23","2026-01-27","Humphreys (County)"
3642,"2026-01-24","GA","EM","Winter Storm","SEVERE WINTER STORM","2026-01-22","2026-01-27","Toombs (County)"
3638,"2026-01-24","LA","EM","Winter Storm","SEVERE WINTER STORM","2026-01-23","2026-01-27","Assumption (Parish)"
3639,"2026-01-24","WV","EM","Winter Storm","SEVERE WINTER STORM","2026-01-23","2026-01-27","Morgan (County)"
3642,"2026-01-24","GA","EM","Winter Storm","SEVERE WINTER STORM","2026-01-22","2026-01-27","Talbot (County)"
3639,"2026-01-24","WV","EM","Winter Storm","SEVERE WINTER STORM","2026-01-23","2026-01-27","Greenbrier (County)"
3637,"2026-01-24","NC","EM","Winter Storm","SEVERE WINTER STORM","2026-01-21","2026-01-27","Catawba (County)"
3639,"2026-01-24","WV","EM","Winter Storm","SEVERE WINTER STORM","2026-01-23","2026-01-27","Mingo (County)"
3636,"2026-01-24","AR","EM","Winter Storm","SEVERE WINTER STORM","2026-01-23","2026-01-27","Marion (County)"
3639,"2026-01-24","WV","EM","Winter Storm","SEVERE WINTER STORM","2026-01-23","2026-01-27","Mercer (County)"
3633,"2026-01-24","KY","EM","Winter Storm","SEVERE WINTER STORM","2026-01-23","2026-01-27","Morgan (County)"
3636,"2026-01-24","AR","EM","Winter Storm","SEVERE WINTER STORM","2026-01-23","2026-01-27","Cleburne (County)"
3639,"2026-01-24","WV","EM","Winter Storm","SEVERE WINTER STORM","2026-01-23","2026-01-27","Pocahontas (County)"
3639,"2026-01-24","WV","EM","Winter Storm","SEVERE WINTER STORM","2026-01-23","2026-01-27","Preston (County)"
3639,"2026-01-24","WV","EM","Winter Storm","SEVERE WINTER STORM","2026-01-23","2026-01-27","Marshall (County)"
3638,"2026-01-24","LA","EM","Winter Storm","SEVERE WINTER STORM","2026-01-23","2026-01-27","Red River (Parish)"
3633,"2026-01-24","KY","EM","Winter Storm","SEVERE WINTER STORM","2026-01-23","2026-01-27","McLean (County)"
3638,"2026-01-24","LA","EM","Winter Storm","SEVERE WINTER STORM","2026-01-23","2026-01-27","Claiborne (Parish)"
3641,"2026-01-24","IN","EM","Winter Storm","SEVERE WINTER STORM","2026-01-23","2026-01-27","Hendricks (County)"
3636,"2026-01-24","AR","EM","Winter Storm","SEVERE WINTER STORM","2026-01-23","2026-01-27","Crawford (County)"
3635,"2026-01-24","TN","EM","Winter Storm","SEVERE WINTER STORM","2026-01-22","2026-01-27","Moore (County)"
3635,"2026-01-24","TN","EM","Winter Storm","SEVERE WINTER STORM","2026-01-22","2026-01-27","Wayne (County)"
3637,"2026-01-24","NC","EM","Winter Storm","SEVERE WINTER STORM","2026-01-21","2026-01-27","Watauga (County)"
3642,"2026-01-24","GA","EM","Winter Storm","SEVERE WINTER STORM","2026-01-22","2026-01-27","Pickens (County)"
3640,"2026-01-24","MS","EM","Winter Storm","SEVERE WINTER STORM ","2026-01-23","2026-01-27","Tippah (County)"
3637,"2026-01-24","NC","EM","Winter Storm","SEVERE WINTER STORM","2026-01-21","2026-01-27","Graham (County)"
3633,"2026-01-24","KY","EM","Winter Storm","SEVERE WINTER STORM","2026-01-23","2026-01-27","Green (County)"
3638,"2026-01-24","LA","EM","Winter Storm","SEVERE WINTER STORM","2026-01-23","2026-01-27","Concordia (Parish)"
3642,"2026-01-24","GA","EM","Winter Storm","SEVERE WINTER STORM","2026-01-22","2026-01-27","Fannin (County)"
3639,"2026-01-24","WV","EM","Winter Storm","SEVERE WINTER STORM","2026-01-23","2026-01-27","Braxton (County)"
3637,"2026-01-24","NC","EM","Winter Storm","SEVERE WINTER STORM","2026-01-21","2026-01-27","Ashe (County)"
3640,"2026-01-24","MS","EM","Winter Storm","SEVERE WINTER STORM ","2026-01-23","2026-01-27","Washington (County)"
3634,"2026-01-24","MD","EM","Winter Storm","SEVERE WINTER STORM","2026-01-23","2026-01-27","Howard (County)"
3641,"2026-01-24","IN","EM","Winter Storm","SEVERE WINTER STORM","2026-01-23","2026-01-27","Tippecanoe (County)"
3634,"2026-01-24","MD","EM","Winter Storm","SEVERE WINTER STORM","2026-01-23","2026-01-27","Charles (County)"
3641,"2026-01-24","IN","EM","Winter Storm","SEVERE WINTER STORM","2026-01-23","2026-01-27","Cass (County)"
3641,"2026-01-24","IN","EM","Winter Storm","SEVERE WINTER STORM","2026-01-23","2026-01-27","Scott (County)"
3635,"2026-01-24","TN","EM","Winter Storm","SEVERE WINTER STORM","2026-01-22","2026-01-27","Henry (County)"
3640,"2026-01-24","MS","EM","Winter Storm","SEVERE WINTER STORM ","2026-01-23","2026-01-27","Copiah (County)"
3640,"2026-01-24","MS","EM","Winter Storm","SEVERE WINTER STORM ","2026-01-23","2026-01-27","Webster (County)"
3637,"2026-01-24","NC","EM","Winter Storm","SEVERE WINTER STORM","2026-01-21","2026-01-27","Duplin (County)"
3641,"2026-01-24","IN","EM","Winter Storm","SEVERE WINTER STORM","2026-01-23","2026-01-27","Jasper (County)"
3640,"2026-01-24","MS","EM","Winter Storm","SEVERE WINTER STORM ","2026-01-23","2026-01-27","Sharkey (County)"
3640,"2026-01-24","MS","EM","Winter Storm","SEVERE WINTER STORM ","2026-01-23","2026-01-27","Covington (County)"
3635,"2026-01-24","TN","EM","Winter Storm","SEVERE WINTER STORM","2026-01-22","2026-01-27","Campbell (County)"
3633,"2026-01-24","KY","EM","Winter Storm","SEVERE WINTER STORM","2026-01-23","2026-01-27","Boone (County)"
3635,"2026-01-24","TN","EM","Winter Storm","SEVERE WINTER STORM","2026-01-22","2026-01-27","Unicoi (County)"
3641,"2026-01-24","IN","EM","Winter Storm","SEVERE WINTER STORM","2026-01-23","2026-01-27","Rush (County)"
3638,"2026-01-24","LA","EM","Winter Storm","SEVERE WINTER STORM","2026-01-23","2026-01-27","West Feliciana (Parish)"
3633,"2026-01-24","KY","EM","Winter Storm","SEVERE WINTER STORM","2026-01-23","2026-01-27","Hancock (County)"
3634,"2026-01-24","MD","EM","Winter Storm","SEVERE WINTER STORM","2026-01-23","2026-01-27","Washington (County)"
3640,"2026-01-24","MS","EM","Winter Storm","SEVERE WINTER STORM ","2026-01-23","2026-01-27","Walthall (County)"
3641,"2026-01-24","IN","EM","Winter Storm","SEVERE WINTER STORM","2026-01-23","2026-01-27","Vigo (County)"
3638,"2026-01-24","LA","EM","Winter Storm","SEVERE WINTER STORM","2026-01-23","2026-01-27","Avoyelles (Parish)"
3636,"2026-01-24","AR","EM","Winter Storm","SEVERE WINTER STORM","2026-01-23","2026-01-27","Stone (County)"
3638,"2026-01-24","LA","EM","Winter Storm","SEVERE WINTER STORM","2026-01-23","2026-01-27","Washington (Parish)"
3641,"2026-01-24","IN","EM","Winter Storm","SEVERE WINTER STORM","2026-01-23","2026-01-27","Huntington (County)"
3633,"2026-01-24","KY","EM","Winter Storm","SEVERE WINTER STORM","2026-01-23","2026-01-27","Whitley (County)"
3640,"2026-01-24","MS","EM","Winter Storm","SEVERE WINTER STORM ","2026-01-23","2026-01-27","Issaquena (County)"
3638,"2026-01-24","LA","EM","Winter Storm","SEVERE WINTER STORM","2026-01-23","2026-01-27","Terrebonne (Parish)"
3641,"2026-01-24","IN","EM","Winter Storm","SEVERE WINTER STORM","2026-01-23","2026-01-27","Clinton (County)"
3641,"2026-01-24","IN","EM","Winter Storm","SEVERE WINTER STORM","2026-01-23","2026-01-27","Elkhart (County)"
3641,"2026-01-24","IN","EM","Winter Storm","SEVERE WINTER STORM","2026-01-23","2026-01-27","Hancock (County)"
3640,"2026-01-24","MS","EM","Winter Storm","SEVERE WINTER STORM ","2026-01-23","2026-01-27","Tallahatchie (County)"
3633,"2026-01-24","KY","EM","Winter Storm","SEVERE WINTER STORM","2026-01-23","2026-01-27","Jessamine (County)"
3641,"2026-01-24","IN","EM","Winter Storm","SEVERE WINTER STORM","2026-01-23","2026-01-27","Fountain (County)"
3634,"2026-01-24","MD","EM","Winter Storm","SEVERE WINTER STORM","2026-01-23","2026-01-27","Wicomico (County)"
3634,"2026-01-24","MD","EM","Winter Storm","SEVERE WINTER STORM","2026-01-23","2026-01-27","Prince George's (County)"
3637,"2026-01-24","NC","EM","Winter Storm","SEVERE WINTER STORM","2026-01-21","2026-01-27","Dare (County)"
3638,"2026-01-24","LA","EM","Winter Storm","SEVERE WINTER STORM","2026-01-23","2026-01-27","Rapides (Parish)"
3641,"2026-01-24","IN","EM","Winter Storm","SEVERE WINTER STORM","2026-01-23","2026-01-27","Harrison (County)"
3638,"2026-01-24","LA","EM","Winter Storm","SEVERE WINTER STORM","2026-01-23","2026-01-27","Tangipahoa (Parish)"
3641,"2026-01-24","IN","EM","Winter Storm","SEVERE WINTER STORM","2026-01-23","2026-01-27","White (County)"
3638,"2026-01-24","LA","EM","Winter Storm","SEVERE WINTER STORM","2026-01-23","2026-01-27","Winn (Parish)"
3641,"2026-01-24","IN","EM","Winter Storm","SEVERE WINTER STORM","2026-01-23","2026-01-27","Vanderburgh (County)"
3635,"2026-01-24","TN","EM","Winter Storm","SEVERE WINTER STORM","2026-01-22","2026-01-27","Franklin (County)"
3641,"2026-01-24","IN","EM","Winter Storm","SEVERE WINTER STORM","2026-01-23","2026-01-27","Kosciusko (County)"
3636,"2026-01-24","AR","EM","Winter Storm","SEVERE WINTER STORM","2026-01-23","2026-01-27","Yell (County)"
3641,"2026-01-24","IN","EM","Winter Storm","SEVERE WINTER STORM","2026-01-23","2026-01-27","Orange (County)"
3640,"2026-01-24","MS","EM","Winter Storm","SEVERE WINTER STORM ","2026-01-23","2026-01-27","Mississippi Choctaw Indian Reservation"
3633,"2026-01-24","KY","EM","Winter Storm","SEVERE WINTER STORM","2026-01-23","2026-01-27","Leslie (County)"
3641,"2026-01-24","IN","EM","Winter Storm","SEVERE WINTER STORM","2026-01-23","2026-01-27","Porter (County)"
3637,"2026-01-24","NC","EM","Winter Storm","SEVERE WINTER STORM","2026-01-21","2026-01-27","Washington (County)"
3636,"2026-01-24","AR","EM","Winter Storm","SEVERE WINTER STORM","2026-01-23","2026-01-27","Dallas (County)"
3642,"2026-01-24","GA","EM","Winter Storm","SEVERE WINTER STORM","2026-01-22","2026-01-27","Franklin (County)"
3636,"2026-01-24","AR","EM","Winter Storm","SEVERE WINTER STORM","2026-01-23","2026-01-27","Woodruff (County)"
3641,"2026-01-24","IN","EM","Winter Storm","SEVERE WINTER STORM","2026-01-23","2026-01-27","Knox (County)"
3635,"2026-01-24","TN","EM","Winter Storm","SEVERE WINTER STORM","2026-01-22","2026-01-27","Tipton (County)"
3638,"2026-01-24","LA","EM","Winter Storm","SEVERE WINTER STORM","2026-01-23","2026-01-27","Evangeline (Parish)"
3641,"2026-01-24","IN","EM","Winter Storm","SEVERE WINTER STORM","2026-01-23","2026-01-27","Warren (County)"
3642,"2026-01-24","GA","EM","Winter Storm","SEVERE WINTER STORM","2026-01-22","2026-01-27","Catoosa (County)"
3641,"2026-01-24","IN","EM","Winter Storm","SEVERE WINTER STORM","2026-01-23","2026-01-27","Warrick (County)"
3635,"2026-01-24","TN","EM","Winter Storm","SEVERE WINTER STORM","2026-01-22","2026-01-27","Lauderdale (County)"
3641,"2026-01-24","IN","EM","Winter Storm","SEVERE WINTER STORM","2026-01-23","2026-01-27","Clark (County)"
3641,"2026-01-24","IN","EM","Winter Storm","SEVERE WINTER STORM","2026-01-23","2026-01-27","Crawford (County)"
3640,"2026-01-24","MS","EM","Winter Storm","SEVERE WINTER STORM ","2026-01-23","2026-01-27","Holmes (County)"
3633,"2026-01-24","KY","EM","Winter Storm","SEVERE WINTER STORM","2026-01-23","2026-01-27","Grayson (County)"
3635,"2026-01-24","TN","EM","Winter Storm","SEVERE WINTER STORM","2026-01-22","2026-01-27","Pickett (County)"
3637,"2026-01-24","NC","EM","Winter Storm","SEVERE WINTER STORM","2026-01-21","2026-01-27","Caldwell (County)"
3641,"2026-01-24","IN","EM","Winter Storm","SEVERE WINTER STORM","2026-01-23","2026-01-27","Noble (County)"
3638,"2026-01-24","LA","EM","Winter Storm","SEVERE WINTER STORM","2026-01-23","2026-01-27","Iberia (Parish)"
3640,"2026-01-24","MS","EM","Winter Storm","SEVERE WINTER STORM ","2026-01-23","2026-01-27","Coahoma (County)"
3633,"2026-01-24","KY","EM","Winter Storm","SEVERE WINTER STORM","2026-01-23","2026-01-27","Madison (County)"
3638,"2026-01-24","LA","EM","Winter Storm","SEVERE WINTER STORM","2026-01-23","2026-01-27","De Soto (Parish)"
3638,"2026-01-24","LA","EM","Winter Storm","SEVERE WINTER STORM","2026-01-23","2026-01-27","Lafayette (Parish)"
3641,"2026-01-24","IN","EM","Winter Storm","SEVERE WINTER STORM","2026-01-23","2026-01-27","Whitley (County)"
3635,"2026-01-24","TN","EM","Winter Storm","SEVERE WINTER STORM","2026-01-22","2026-01-27","Morgan (County)"
3642,"2026-01-24","GA","EM","Winter Storm","SEVERE WINTER STORM","2026-01-22","2026-01-27","Floyd (County)"
3633,"2026-01-24","KY","EM","Winter Storm","SEVERE WINTER STORM","2026-01-23","2026-01-27","Knox (County)"
3635,"2026-01-24","TN","EM","Winter Storm","SEVERE WINTER STORM","2026-01-22","2026-01-27","Maury (County)"
3636,"2026-01-24","AR","EM","Winter Storm","SEVERE WINTER STORM","2026-01-23","2026-01-27","Prairie (County)"
3640,"2026-01-24","MS","EM","Winter Storm","SEVERE WINTER STORM ","2026-01-23","2026-01-27","Quitman (County)"
3635,"2026-01-24","TN","EM","Winter Storm","SEVERE WINTER STORM","2026-01-22","2026-01-27","Marshall (County)"
3636,"2026-01-24","AR","EM","Winter Storm","SEVERE WINTER STORM","2026-01-23","2026-01-27","Pope (County)"
3638,"2026-01-24","LA","EM","Winter Storm","SEVERE WINTER STORM","2026-01-23","2026-01-27","Orleans (Parish)"
3636,"2026-01-24","AR","EM","Winter Storm","SEVERE WINTER STORM","2026-01-23","2026-01-27","Nevada (County)"
3636,"2026-01-24","AR","EM","Winter Storm","SEVERE WINTER STORM","2026-01-23","2026-01-27","Howard (County)"
3637,"2026-01-24","NC","EM","Winter Storm","SEVERE WINTER STORM","2026-01-21","2026-01-27","Buncombe (County)"
3642,"2026-01-24","GA","EM","Winter Storm","SEVERE WINTER STORM","2026-01-22","2026-01-27","Hall (County)"
3640,"2026-01-24","MS","EM","Winter Storm","SEVERE WINTER STORM ","2026-01-23","2026-01-27","Scott (County)"
3637,"2026-01-24","NC","EM","Winter Storm","SEVERE WINTER STORM","2026-01-21","2026-01-27","Alamance (County)"
3640,"2026-01-24","MS","EM","Winter Storm","SEVERE WINTER STORM ","2026-01-23","2026-01-27","Tate (County)"
3636,"2026-01-24","AR","EM","Winter Storm","SEVERE WINTER STORM","2026-01-23","2026-01-27","Washington (County)"
3640,"2026-01-24","MS","EM","Winter Storm","SEVERE WINTER STORM ","2026-01-23","2026-01-27","Lafayette (County)"
3641,"2026-01-24","IN","EM","Winter Storm","SEVERE WINTER STORM","2026-01-23","2026-01-27","Franklin (County)"
3640,"2026-01-24","MS","EM","Winter Storm","SEVERE WINTER STORM ","2026-01-23","2026-01-27","Attala (County)"
3637,"2026-01-24","NC","EM","Winter Storm","SEVERE WINTER STORM","2026-01-21","2026-01-27","Lee (County)"
3641,"2026-01-24","IN","EM","Winter Storm","SEVERE WINTER STORM","2026-01-23","2026-01-27","Allen (County)"
3637,"2026-01-24","NC","EM","Winter Storm","SEVERE WINTER STORM","2026-01-21","2026-01-27","Mitchell (County)"
3637,"2026-01-24","NC","EM","Winter Storm","SEVERE WINTER STORM","2026-01-21","2026-01-27","Franklin (County)"
3638,"2026-01-24","LA","EM","Winter Storm","SEVERE WINTER STORM","2026-01-23","2026-01-27","St. Charles (Parish)"
3641,"2026-01-24","IN","EM","Winter Storm","SEVERE WINTER STORM","2026-01-23","2026-01-27","Lake (County)"
3637,"2026-01-24","NC","EM","Winter Storm","SEVERE WINTER STORM","2026-01-21","2026-01-27","McDowell (County)"
3642,"2026-01-24","GA","EM","Winter Storm","SEVERE WINTER STORM","2026-01-22","2026-01-27","Habersham (County)"
3642,"2026-01-24","GA","EM","Winter Storm","SEVERE WINTER STORM","2026-01-22","2026-01-27","Greene (County)"
3642,"2026-01-24","GA","EM","Winter Storm","SEVERE WINTER STORM","2026-01-22","2026-01-27","Wilkinson (County)"
3642,"2026-01-24","GA","EM","Winter Storm","SEVERE WINTER STORM","2026-01-22","2026-01-27","Wilkes (County)"
3642,"2026-01-24","GA","EM","Winter Storm","SEVERE WINTER STORM","2026-01-22","2026-01-27","Wilcox (County)"
3641,"2026-01-24","IN","EM","Winter Storm","SEVERE WINTER STORM","2026-01-23","2026-01-27","Benton (County)"
3633,"2026-01-24","KY","EM","Winter Storm","SEVERE WINTER STORM","2026-01-23","2026-01-27","Magoffin (County)"
3642,"2026-01-24","GA","EM","Winter Storm","SEVERE WINTER STORM","2026-01-22","2026-01-27","Whitfield (County)"
3637,"2026-01-24","NC","EM","Winter Storm","SEVERE WINTER STORM","2026-01-21","2026-01-27","Chowan (County)"
3633,"2026-01-24","KY","EM","Winter Storm","SEVERE WINTER STORM","2026-01-23","2026-01-27","Carlisle (County)"
3634,"2026-01-24","MD","EM","Winter Storm","SEVERE WINTER STORM","2026-01-23","2026-01-27","Anne Arundel (County)"
3640,"2026-01-24","MS","EM","Winter Storm","SEVERE WINTER STORM ","2026-01-23","2026-01-27","Kemper (County)"
3633,"2026-01-24","KY","EM","Winter Storm","SEVERE WINTER STORM","2026-01-23","2026-01-27","Metcalfe (County)"
3635,"2026-01-24","TN","EM","Winter Storm","SEVERE WINTER STORM","2026-01-22","2026-01-27","Williamson (County)"
3636,"2026-01-24","AR","EM","Winter Storm","SEVERE WINTER STORM","2026-01-23","2026-01-27","Cross (County)"
3637,"2026-01-24","NC","EM","Winter Storm","SEVERE WINTER STORM","2026-01-21","2026-01-27","Davie (County)"
3635,"2026-01-24","TN","EM","Winter Storm","SEVERE WINTER STORM","2026-01-22","2026-01-27","Blount (County)"
3638,"2026-01-24","LA","EM","Winter Storm","SEVERE WINTER STORM","2026-01-23","2026-01-27","Natchitoches (Parish)"
3637,"2026-01-24","NC","EM","Winter Storm","SEVERE WINTER STORM","2026-01-21","2026-01-27","Surry (County)"
3639,"2026-01-24","WV","EM","Winter Storm","SEVERE WINTER STORM","2026-01-23","2026-01-27","Mineral (County)"
3635,"2026-01-24","TN","EM","Winter Storm","SEVERE WINTER STORM","2026-01-22","2026-01-27","Anderson (County)"
3641,"2026-01-24","IN","EM","Winter Storm","SEVERE WINTER STORM","2026-01-23","2026-01-27","Owen (County)"
3641,"2026-01-24","IN","EM","Winter Storm","SEVERE WINTER STORM","2026-01-23","2026-01-27","Shelby (County)"
3635,"2026-01-24","TN","EM","Winter Storm","SEVERE WINTER STORM","2026-01-22","2026-01-27","Jefferson (County)"
3640,"2026-01-24","MS","EM","Winter Storm","SEVERE WINTER STORM ","2026-01-23","2026-01-27","Neshoba (County)"
3637,"2026-01-24","NC","EM","Winter Storm","SEVERE WINTER STORM","2026-01-21","2026-01-27","Wilson (County)"
3640,"2026-01-24","MS","EM","Winter Storm","SEVERE WINTER STORM ","2026-01-23","2026-01-27","Warren (County)"
3638,"2026-01-24","LA","EM","Winter Storm","SEVERE WINTER STORM","2026-01-23","2026-01-27","Calcasieu (Parish)"
3642,"2026-01-24","GA","EM","Winter Storm","SEVERE WINTER STORM","2026-01-22","2026-01-27","Evans (County)"
3633,"2026-01-24","KY","EM","Winter Storm","SEVERE WINTER STORM","2026-01-23","2026-01-27","Livingston (County)"
3642,"2026-01-24","GA","EM","Winter Storm","SEVERE WINTER STORM","2026-01-22","2026-01-27","Dooly (County)"
3635,"2026-01-24","TN","EM","Winter Storm","SEVERE WINTER STORM","2026-01-22","2026-01-27","Bledsoe (County)"
3638,"2026-01-24","LA","EM","Winter Storm","SEVERE WINTER STORM","2026-01-23","2026-01-27","West Baton Rouge (Parish)"
3639,"2026-01-24","WV","EM","Winter Storm","SEVERE WINTER STORM","2026-01-23","2026-01-27","Kanawha (County)"
3641,"2026-01-24","IN","EM","Winter Storm","SEVERE WINTER STORM","2026-01-23","2026-01-27","Jackson (County)"
3635,"2026-01-24","TN","EM","Winter Storm","SEVERE WINTER STORM","2026-01-22","2026-01-27","Clay (County)"
3635,"2026-01-24","TN","EM","Winter Storm","SEVERE WINTER STORM","2026-01-22","2026-01-27","Humphreys (County)"
3635,"2026-01-24","TN","EM","Winter Storm","SEVERE WINTER STORM","2026-01-22","2026-01-27","Shelby (County)"
3635,"2026-01-24","TN","EM","Winter Storm","SEVERE WINTER STORM","2026-01-22","2026-01-27","Carroll (County)"
3633,"2026-01-24","KY","EM","Winter Storm","SEVERE WINTER STORM","2026-01-23","2026-01-27","Anderson (County)"
3640,"2026-01-24","MS","EM","Winter Storm","SEVERE WINTER STORM ","2026-01-23","2026-01-27","Amite (County)"
3633,"2026-01-24","KY","EM","Winter Storm","SEVERE WINTER STORM","2026-01-23","2026-01-27","Lawrence (County)"
3633,"2026-01-24","KY","EM","Winter Storm","SEVERE WINTER STORM","2026-01-23","2026-01-27","Harlan (County)"
3640,"2026-01-24","MS","EM","Winter Storm","SEVERE WINTER STORM ","2026-01-23","2026-01-27","Bolivar (County)"
3634,"2026-01-24","MD","EM","Winter Storm","SEVERE WINTER STORM","2026-01-23","2026-01-27","Calvert (County)"
3637,"2026-01-24","NC","EM","Winter Storm","SEVERE WINTER STORM","2026-01-21","2026-01-27","Burke (County)"
3641,"2026-01-24","IN","EM","Winter Storm","SEVERE WINTER STORM","2026-01-23","2026-01-27","Switzerland (County)"
3633,"2026-01-24","KY","EM","Winter Storm","SEVERE WINTER STORM","2026-01-23","2026-01-27","Barren (County)"
3633,"2026-01-24","KY","EM","Winter Storm","SEVERE WINTER STORM","2026-01-23","2026-01-27","Bath (County)"
3636,"2026-01-24","AR","EM","Winter Storm","SEVERE WINTER STORM","2026-01-23","2026-01-27","Hot Spring (County)"
3641,"2026-01-24","IN","EM","Winter Storm","SEVERE WINTER STORM","2026-01-23","2026-01-27","Jay (County)"
3640,"2026-01-24","MS","EM","Winter Storm","SEVERE WINTER STORM ","2026-01-23","2026-01-27","Calhoun (County)"
3641,"2026-01-24","IN","EM","Winter Storm","SEVERE WINTER STORM","2026-01-23","2026-01-27","Madison (County)"
3641,"2026-01-24","IN","EM","Winter Storm","SEVERE WINTER STORM","2026-01-23","2026-01-27","Brown (County)"
3641,"2026-01-24","IN","EM","Winter Storm","SEVERE WINTER STORM","2026-01-23","2026-01-27","Newton (County)"
3642,"2026-01-24","GA","EM","Winter Storm","SEVERE WINTER STORM","2026-01-22","2026-01-27","Bleckley (County)"
3638,"2026-01-24","LA","EM","Winter Storm","SEVERE WINTER STORM","2026-01-23","2026-01-27","Bossier (Parish)"
3640,"2026-01-24","MS","EM","Winter Storm","SEVERE WINTER STORM ","2026-01-23","2026-01-27","Adams (County)"
3635,"2026-01-24","TN","EM","Winter Storm","SEVERE WINTER STORM","2026-01-22","2026-01-27","McMinn (County)"
3636,"2026-01-24","AR","EM","Winter Storm","SEVERE WINTER STORM","2026-01-23","2026-01-27","Little River (County)"
3642,"2026-01-24","GA","EM","Winter Storm","SEVERE WINTER STORM","2026-01-22","2026-01-27","Fulton (County)"
3640,"2026-01-24","MS","EM","Winter Storm","SEVERE WINTER STORM ","2026-01-23","2026-01-27","Monroe (County)"
3642,"2026-01-24","GA","EM","Winter Storm","SEVERE WINTER STORM","2026-01-22","2026-01-27","Gilmer (County)"
3636,"2026-01-24","AR","EM","Winter Storm","SEVERE WINTER STORM","2026-01-23","2026-01-27","Lincoln (County)"
3636,"2026-01-24","AR","EM","Winter Storm","SEVERE WINTER STORM","2026-01-23","2026-01-27","Lee (County)"
3633,"2026-01-24","KY","EM","Winter Storm","SEVERE WINTER STORM","2026-01-23","2026-01-27","Crittenden (County)"
3636,"2026-01-24","AR","EM","Winter Storm","SEVERE WINTER STORM","2026-01-23","2026-01-27","Cleveland (County)"
3636,"2026-01-24","AR","EM","Winter Storm","SEVERE WINTER STORM","2026-01-23","2026-01-27","Conway (County)"
3633,"2026-01-24","KY","EM","Winter Storm","SEVERE WINTER STORM","2026-01-23","2026-01-27","Letcher (County)"
3638,"2026-01-24","LA","EM","Winter Storm","SEVERE WINTER STORM","2026-01-23","2026-01-27","Richland (Parish)"
3635,"2026-01-24","TN","EM","Winter Storm","SEVERE WINTER STORM","2026-01-22","2026-01-27","Grundy (County)"
3636,"2026-01-24","AR","EM","Winter Storm","SEVERE WINTER STORM","2026-01-23","2026-01-27","Franklin (County)"
3641,"2026-01-24","IN","EM","Winter Storm","SEVERE WINTER STORM","2026-01-23","2026-01-27","Adams (County)"
3636,"2026-01-24","AR","EM","Winter Storm","SEVERE WINTER STORM","2026-01-23","2026-01-27","Craighead (County)"
3638,"2026-01-24","LA","EM","Winter Storm","SEVERE WINTER STORM","2026-01-23","2026-01-27","St. Mary (Parish)"
3636,"2026-01-24","AR","EM","Winter Storm","SEVERE WINTER STORM","2026-01-23","2026-01-27","Jefferson (County)"
3641,"2026-01-24","IN","EM","Winter Storm","SEVERE WINTER STORM","2026-01-23","2026-01-27","LaGrange (County)"
3633,"2026-01-24","KY","EM","Winter Storm","SEVERE WINTER STORM","2026-01-23","2026-01-27","Butler (County)"
3642,"2026-01-24","GA","EM","Winter Storm","SEVERE WINTER STORM","2026-01-22","2026-01-27","Troup (County)"
3640,"2026-01-24","MS","EM","Winter Storm","SEVERE WINTER STORM ","2026-01-23","2026-01-27","Yazoo (County)"
3638,"2026-01-24","LA","EM","Winter Storm","SEVERE WINTER STORM","2026-01-23","2026-01-27","St. James (Parish)"
3642,"2026-01-24","GA","EM","Winter Storm","SEVERE WINTER STORM","2026-01-22","2026-01-27","Telfair (County)"
3639,"2026-01-24","WV","EM","Winter Storm","SEVERE WINTER STORM","2026-01-23","2026-01-27","Hampshire (County)"
3639,"2026-01-24","WV","EM","Winter Storm","SEVERE WINTER STORM","2026-01-23","2026-01-27","Hardy (County)"
3638,"2026-01-24","LA","EM","Winter Storm","SEVERE WINTER STORM","2026-01-23","2026-01-27","St. John the Baptist (Parish)"
3641,"2026-01-24","IN","EM","Winter Storm","SEVERE WINTER STORM","2026-01-23","2026-01-27","Jennings (County)"
3638,"2026-01-24","LA","EM","Winter Storm","SEVERE WINTER STORM","2026-01-23","2026-01-27","St. Landry (Parish)"
3640,"2026-01-24","MS","EM","Winter Storm","SEVERE WINTER STORM ","2026-01-23","2026-01-27","Lamar (County)"
3635,"2026-01-24","TN","EM","Winter Storm","SEVERE WINTER STORM","2026-01-22","2026-01-27","Lawrence (County)"
3635,"2026-01-24","TN","EM","Winter Storm","SEVERE WINTER STORM","2026-01-22","2026-01-27","Dickson (County)"
3637,"2026-01-24","NC","EM","Winter Storm","SEVERE WINTER STORM","2026-01-21","2026-01-27","Rowan (County)"
3639,"2026-01-24","WV","EM","Winter Storm","SEVERE WINTER STORM","2026-01-23","2026-01-27","Fayette (County)"
3635,"2026-01-24","TN","EM","Winter Storm","SEVERE WINTER STORM","2026-01-22","2026-01-27","Claiborne (County)"
3641,"2026-01-24","IN","EM","Winter Storm","SEVERE WINTER STORM","2026-01-23","2026-01-27","Wabash (County)"
3638,"2026-01-24","LA","EM","Winter Storm","SEVERE WINTER STORM","2026-01-23","2026-01-27","Webster (Parish)"
3635,"2026-01-24","TN","EM","Winter Storm","SEVERE WINTER STORM","2026-01-22","2026-01-27","Decatur (County)"
3635,"2026-01-24","TN","EM","Winter Storm","SEVERE WINTER STORM","2026-01-22","2026-01-27","Grainger (County)"
3641,"2026-01-24","IN","EM","Winter Storm","SEVERE WINTER STORM","2026-01-23","2026-01-27","Ripley (County)"
3640,"2026-01-24","MS","EM","Winter Storm","SEVERE WINTER STORM ","2026-01-23","2026-01-27","Winston (County)"
3641,"2026-01-24","IN","EM","Winter Storm","SEVERE WINTER STORM","2026-01-23","2026-01-27","Parke (County)"
3637,"2026-01-24","NC","EM","Winter Storm","SEVERE WINTER STORM","2026-01-21","2026-01-27","Cabarrus (County)"
3633,"2026-01-24","KY","EM","Winter Storm","SEVERE WINTER STORM","2026-01-23","2026-01-27","Pendleton (County)"
3642,"2026-01-24","GA","EM","Winter Storm","SEVERE WINTER STORM","2026-01-22","2026-01-27","White (County)"
3636,"2026-01-24","AR","EM","Winter Storm","SEVERE WINTER STORM","2026-01-23","2026-01-27","Drew (County)"
3633,"2026-01-24","KY","EM","Winter Storm","SEVERE WINTER STORM","2026-01-23","2026-01-27","Cumberland (County)"
3642,"2026-01-24","GA","EM","Winter Storm","SEVERE WINTER STORM","2026-01-22","2026-01-27","Wheeler (County)"
3642,"2026-01-24","GA","EM","Winter Storm","SEVERE WINTER STORM","2026-01-22","2026-01-27","Webster (County)"
3635,"2026-01-24","TN","EM","Winter Storm","SEVERE WINTER STORM","2026-01-22","2026-01-27","Benton (County)"
3633,"2026-01-24","KY","EM","Winter Storm","SEVERE WINTER STORM","2026-01-23","2026-01-27","Edmonson (County)"
3635,"2026-01-24","TN","EM","Winter Storm","SEVERE WINTER STORM","2026-01-22","2026-01-27","McNairy (County)"
3639,"2026-01-24","WV","EM","Winter Storm","SEVERE WINTER STORM","2026-01-23","2026-01-27","Monongalia (County)"
3641,"2026-01-24","IN","EM","Winter Storm","SEVERE WINTER STORM","2026-01-23","2026-01-27","Grant (County)"
3633,"2026-01-24","KY","EM","Winter Storm","SEVERE WINTER STORM","2026-01-23","2026-01-27","Elliott (County)"
3641,"2026-01-24","IN","EM","Winter Storm","SEVERE WINTER STORM","2026-01-23","2026-01-27","Tipton (County)"
3633,"2026-01-24","KY","EM","Winter Storm","SEVERE WINTER STORM","2026-01-23","2026-01-27","Perry (County)"
3633,"2026-01-24","KY","EM","Winter Storm","SEVERE WINTER STORM","2026-01-23","2026-01-27","Daviess (County)"
3633,"2026-01-24","KY","EM","Winter Storm","SEVERE WINTER STORM","2026-01-23","2026-01-27","Jefferson (County)"
3636,"2026-01-24","AR","EM","Winter Storm","SEVERE WINTER STORM","2026-01-23","2026-01-27","Newton (County)"
3637,"2026-01-24","NC","EM","Winter Storm","SEVERE WINTER STORM","2026-01-21","2026-01-27","Craven (County)"
3635,"2026-01-24","TN","EM","Winter Storm","SEVERE WINTER STORM","2026-01-22","2026-01-27","Bradley (County)"
3635,"2026-01-24","TN","EM","Winter Storm","SEVERE WINTER STORM","2026-01-22","2026-01-27","Robertson (County)"
3636,"2026-01-24","AR","EM","Winter Storm","SEVERE WINTER STORM","2026-01-23","2026-01-27","Montgomery (County)"
3640,"2026-01-24","MS","EM","Winter Storm","SEVERE WINTER STORM ","2026-01-23","2026-01-27","Itawamba (County)"
3636,"2026-01-24","AR","EM","Winter Storm","SEVERE WINTER STORM","2026-01-23","2026-01-27","Baxter (County)"
3637,"2026-01-24","NC","EM","Winter Storm","SEVERE WINTER STORM","2026-01-21","2026-01-27","Carteret (County)"
3639,"2026-01-24","WV","EM","Winter Storm","SEVERE WINTER STORM","2026-01-23","2026-01-27","Boone (County)"
3633,"2026-01-24","KY","EM","Winter Storm","SEVERE WINTER STORM","2026-01-23","2026-01-27","Estill (County)"
3635,"2026-01-24","TN","EM","Winter Storm","SEVERE WINTER STORM","2026-01-22","2026-01-27","Lewis (County)"
3635,"2026-01-24","TN","EM","Winter Storm","SEVERE WINTER STORM","2026-01-22","2026-01-27","Madison (County)"
3641,"2026-01-24","IN","EM","Winter Storm","SEVERE WINTER STORM","2026-01-23","2026-01-27","Marshall (County)"
3635,"2026-01-24","TN","EM","Winter Storm","SEVERE WINTER STORM","2026-01-22","2026-01-27","Cumberland (County)"
3636,"2026-01-24","AR","EM","Winter Storm","SEVERE WINTER STORM","2026-01-23","2026-01-27","Phillips (County)"
3638,"2026-01-24","LA","EM","Winter Storm","SEVERE WINTER STORM","2026-01-23","2026-01-27","Iberville (Parish)"
3633,"2026-01-24","KY","EM","Winter Storm","SEVERE WINTER STORM","2026-01-23","2026-01-27","Clinton (County)"
3639,"2026-01-24","WV","EM","Winter Storm","SEVERE WINTER STORM","2026-01-23","2026-01-27","Doddridge (County)"
3641,"2026-01-24","IN","EM","Winter Storm","SEVERE WINTER STORM","2026-01-23","2026-01-27","Henry (County)"
3636,"2026-01-24","AR","EM","Winter Storm","SEVERE WINTER STORM","2026-01-23","2026-01-27","Logan (County)"
3641,"2026-01-24","IN","EM","Winter Storm","SEVERE WINTER STORM","2026-01-23","2026-01-27","Lawrence (County)"
3634,"2026-01-24","MD","EM","Winter Storm","SEVERE WINTER STORM","2026-01-23","2026-01-27","Cecil (County)"
3641,"2026-01-24","IN","EM","Winter Storm","SEVERE WINTER STORM","2026-01-23","2026-01-27","Morgan (County)"
3638,"2026-01-24","LA","EM","Winter Storm","SEVERE WINTER STORM","2026-01-23","2026-01-27","St. Helena (Parish)"
3642,"2026-01-24","GA","EM","Winter Storm","SEVERE WINTER STORM","2026-01-22","2026-01-27","Gordon (County)"
3637,"2026-01-24","NC","EM","Winter Storm","SEVERE WINTER STORM","2026-01-21","2026-01-27","Swain (County)"
3637,"2026-01-24","NC","EM","Winter Storm","SEVERE WINTER STORM","2026-01-21","2026-01-27","Polk (County)"
3639,"2026-01-24","WV","EM","Winter Storm","SEVERE WINTER STORM","2026-01-23","2026-01-27","Clay (County)"
3636,"2026-01-24","AR","EM","Winter Storm","SEVERE WINTER STORM","2026-01-23","2026-01-27","Sharp (County)"
3638,"2026-01-24","LA","EM","Winter Storm","SEVERE WINTER STORM","2026-01-23","2026-01-27","Acadia (Parish)"
3637,"2026-01-24","NC","EM","Winter Storm","SEVERE WINTER STORM","2026-01-21","2026-01-27","Randolph (County)"
3639,"2026-01-24","WV","EM","Winter Storm","SEVERE WINTER STORM","2026-01-23","2026-01-27","Roane (County)"
3635,"2026-01-24","TN","EM","Winter Storm","SEVERE WINTER STORM","2026-01-22","2026-01-27","Polk (County)"
3640,"2026-01-24","MS","EM","Winter Storm","SEVERE WINTER STORM ","2026-01-23","2026-01-27","DeSoto (County)"
3634,"2026-01-24","MD","EM","Winter Storm","SEVERE WINTER STORM","2026-01-23","2026-01-27","Talbot (County)"
3641,"2026-01-24","IN","EM","Winter Storm","SEVERE WINTER STORM","2026-01-23","2026-01-27","Wells (County)"
3637,"2026-01-24","NC","EM","Winter Storm","SEVERE WINTER STORM","2026-01-21","2026-01-27","Montgomery (County)"
3636,"2026-01-24","AR","EM","Winter Storm","SEVERE WINTER STORM","2026-01-23","2026-01-27","Garland (County)"
3637,"2026-01-24","NC","EM","Winter Storm","SEVERE WINTER STORM","2026-01-21","2026-01-27","Stanly (County)"
3641,"2026-01-24","IN","EM","Winter Storm","SEVERE WINTER STORM","2026-01-23","2026-01-27","Putnam (County)"
3637,"2026-01-24","NC","EM","Winter Storm","SEVERE WINTER STORM","2026-01-21","2026-01-27","Pasquotank (County)"
3637,"2026-01-24","NC","EM","Winter Storm","SEVERE WINTER STORM","2026-01-21","2026-01-27","Richmond (County)"
3638,"2026-01-24","LA","EM","Winter Storm","SEVERE WINTER STORM","2026-01-23","2026-01-27","Bienville (Parish)"
3637,"2026-01-24","NC","EM","Winter Storm","SEVERE WINTER STORM","2026-01-21","2026-01-27","Mecklenburg (County)"
3637,"2026-01-24","NC","EM","Winter Storm","SEVERE WINTER STORM","2026-01-21","2026-01-27","Rutherford (County)"
3638,"2026-01-24","LA","EM","Winter Storm","SEVERE WINTER STORM","2026-01-23","2026-01-27","Pointe Coupee (Parish)"
3637,"2026-01-24","NC","EM","Winter Storm","SEVERE WINTER STORM","2026-01-21","2026-01-27","Madison (County)"
3637,"2026-01-24","NC","EM","Winter Storm","SEVERE WINTER STORM","2026-01-21","2026-01-27","Martin (County)"
3637,"2026-01-24","NC","EM","Winter Storm","SEVERE WINTER STORM","2026-01-21","2026-01-27","Lenoir (County)"
3634,"2026-01-24","MD","EM","Winter Storm","SEVERE WINTER STORM","2026-01-23","2026-01-27","Worcester (County)"
3635,"2026-01-24","TN","EM","Winter Storm","SEVERE WINTER STORM","2026-01-22","2026-01-27","Roane (County)"
3637,"2026-01-24","NC","EM","Winter Storm","SEVERE WINTER STORM","2026-01-21","2026-01-27","Orange (County)"
3635,"2026-01-24","TN","EM","Winter Storm","SEVERE WINTER STORM","2026-01-22","2026-01-27","Putnam (County)"
3638,"2026-01-24","LA","EM","Winter Storm","SEVERE WINTER STORM","2026-01-23","2026-01-27","Vermilion (Parish)"
3637,"2026-01-24","NC","EM","Winter Storm","SEVERE WINTER STORM","2026-01-21","2026-01-27","Currituck (County)"
3642,"2026-01-24","GA","EM","Winter Storm","SEVERE WINTER STORM","2026-01-22","2026-01-27","Warren (County)"
3637,"2026-01-24","NC","EM","Winter Storm","SEVERE WINTER STORM","2026-01-21","2026-01-27","Pender (County)"
3639,"2026-01-24","WV","EM","Winter Storm","SEVERE WINTER STORM","2026-01-23","2026-01-27","Summers (County)"
3633,"2026-01-24","KY","EM","Winter Storm","SEVERE WINTER STORM","2026-01-23","2026-01-27","Muhlenberg (County)"
3641,"2026-01-24","IN","EM","Winter Storm","SEVERE WINTER STORM","2026-01-23","2026-01-27","Howard (County)"
3641,"2026-01-24","IN","EM","Winter Storm","SEVERE WINTER STORM","2026-01-23","2026-01-27","Sullivan (County)"
3637,"2026-01-24","NC","EM","Winter Storm","SEVERE WINTER STORM","2026-01-21","2026-01-27","Nash (County)"
3640,"2026-01-24","MS","EM","Winter Storm","SEVERE WINTER STORM ","2026-01-23","2026-01-27","Panola (County)"
3641,"2026-01-24","IN","EM","Winter Storm","SEVERE WINTER STORM","2026-01-23","2026-01-27","Steuben (County)"
3637,"2026-01-24","NC","EM","Winter Storm","SEVERE WINTER STORM","2026-01-21","2026-01-27","Granville (County)"
3637,"2026-01-24","NC","EM","Winter Storm","SEVERE WINTER STORM","2026-01-21","2026-01-27","Lumbee (TDSA)"
3633,"2026-01-24","KY","EM","Winter Storm","SEVERE WINTER STORM","2026-01-23","2026-01-27","Robertson (County)"
3639,"2026-01-24","WV","EM","Winter Storm","SEVERE WINTER STORM","2026-01-23","2026-01-27","Pendleton (County)"
3641,"2026-01-24","IN","EM","Winter Storm","SEVERE WINTER STORM","2026-01-23","2026-01-27","St. Joseph (County)"
3638,"2026-01-24","LA","EM","Winter Storm","SEVERE WINTER STORM","2026-01-23","2026-01-27","East Carroll (Parish)"
3635,"2026-01-24","TN","EM","Winter Storm","SEVERE WINTER STORM","2026-01-22","2026-01-27","Cannon (County)"
3637,"2026-01-24","NC","EM","Winter Storm","SEVERE WINTER STORM","2026-01-21","2026-01-27","Clay (County)"
3634,"2026-01-24","MD","EM","Winter Storm","SEVERE WINTER STORM","2026-01-23","2026-01-27","Garrett (County)"
3639,"2026-01-24","WV","EM","Winter Storm","SEVERE WINTER STORM","2026-01-23","2026-01-27","Mason (County)"
3633,"2026-01-24","KY","EM","Winter Storm","SEVERE WINTER STORM","2026-01-23","2026-01-27","Carroll (County)"
3641,"2026-01-24","IN","EM","Winter Storm","SEVERE WINTER STORM","2026-01-23","2026-01-27","Hamilton (County)"
3641,"2026-01-24","IN","EM","Winter Storm","SEVERE WINTER STORM","2026-01-23","2026-01-27","Decatur (County)"
3639,"2026-01-24","WV","EM","Winter Storm","SEVERE WINTER STORM","2026-01-23","2026-01-27","Putnam (County)"
3637,"2026-01-24","NC","EM","Winter Storm","SEVERE WINTER STORM","2026-01-21","2026-01-27","Iredell (County)"
3637,"2026-01-24","NC","EM","Winter Storm","SEVERE WINTER STORM","2026-01-21","2026-01-27","Gaston (County)"
3636,"2026-01-24","AR","EM","Winter Storm","SEVERE WINTER STORM","2026-01-23","2026-01-27","Ashley (County)"
3634,"2026-01-24","MD","EM","Winter Storm","SEVERE WINTER STORM","2026-01-23","2026-01-27","Somerset (County)"
3637,"2026-01-24","NC","EM","Winter Storm","SEVERE WINTER STORM","2026-01-21","2026-01-27","Anson (County)"
3633,"2026-01-24","KY","EM","Winter Storm","SEVERE WINTER STORM","2026-01-23","2026-01-27","Marion (County)"
3639,"2026-01-24","WV","EM","Winter Storm","SEVERE WINTER STORM","2026-01-23","2026-01-27","Gilmer (County)"
3641,"2026-01-24","IN","EM","Winter Storm","SEVERE WINTER STORM","2026-01-23","2026-01-27","Perry (County)"
3635,"2026-01-24","TN","EM","Winter Storm","SEVERE WINTER STORM","2026-01-22","2026-01-27","Cheatham (County)"
3641,"2026-01-24","IN","EM","Winter Storm","SEVERE WINTER STORM","2026-01-23","2026-01-27","Pulaski (County)"
3641,"2026-01-24","IN","EM","Winter Storm","SEVERE WINTER STORM","2026-01-23","2026-01-27","Floyd (County)"
3637,"2026-01-24","NC","EM","Winter Storm","SEVERE WINTER STORM","2026-01-21","2026-01-27","Alleghany (County)"
3639,"2026-01-24","WV","EM","Winter Storm","SEVERE WINTER STORM","2026-01-23","2026-01-27","Wetzel (County)"
3637,"2026-01-24","NC","EM","Winter Storm","SEVERE WINTER STORM","2026-01-21","2026-01-27","Moore (County)"
3635,"2026-01-24","TN","EM","Winter Storm","SEVERE WINTER STORM","2026-01-22","2026-01-27","Davidson (County)"
3636,"2026-01-24","AR","EM","Winter Storm","SEVERE WINTER STORM","2026-01-23","2026-01-27","Bradley (County)"
3638,"2026-01-24","LA","EM","Winter Storm","SEVERE WINTER STORM","2026-01-23","2026-01-27","Caldwell (Parish)"
3636,"2026-01-24","AR","EM","Winter Storm","SEVERE WINTER STORM","2026-01-23","2026-01-27","Calhoun (County)"
3641,"2026-01-24","IN","EM","Winter Storm","SEVERE WINTER STORM","2026-01-23","2026-01-27","Dearborn (County)"
3639,"2026-01-24","WV","EM","Winter Storm","SEVERE WINTER STORM","2026-01-23","2026-01-27","Pleasants (County)"
3635,"2026-01-24","TN","EM","Winter Storm","SEVERE WINTER STORM","2026-01-22","2026-01-27","Marion (County)"
3641,"2026-01-24","IN","EM","Winter Storm","SEVERE WINTER STORM","2026-01-23","2026-01-27","Delaware (County)"
3636,"2026-01-24","AR","EM","Winter Storm","SEVERE WINTER STORM","2026-01-23","2026-01-27","Carroll (County)"
3638,"2026-01-24","LA","EM","Winter Storm","SEVERE WINTER STORM","2026-01-23","2026-01-27","Plaquemines (Parish)"
3635,"2026-01-24","TN","EM","Winter Storm","SEVERE WINTER STORM","2026-01-22","2026-01-27","Chester (County)"
3639,"2026-01-24","WV","EM","Winter Storm","SEVERE WINTER STORM","2026-01-23","2026-01-27","Nicholas (County)"
3634,"2026-01-24","MD","EM","Winter Storm","SEVERE WINTER STORM","2026-01-23","2026-01-27","Dorchester (County)"
3640,"2026-01-24","MS","EM","Winter Storm","SEVERE WINTER STORM ","2026-01-23","2026-01-27","Newton (County)"
3638,"2026-01-24","LA","EM","Winter Storm","SEVERE WINTER STORM","2026-01-23","2026-01-27","Lincoln (Parish)"
3633,"2026-01-24","KY","EM","Winter Storm","SEVERE WINTER STORM","2026-01-23","2026-01-27","Clay (County)"
3640,"2026-01-24","MS","EM","Winter Storm","SEVERE WINTER STORM ","2026-01-23","2026-01-27","Carroll (County)"
3633,"2026-01-24","KY","EM","Winter Storm","SEVERE WINTER STORM","2026-01-23","2026-01-27","Owsley (County)"
3633,"2026-01-24","KY","EM","Winter Storm","SEVERE WINTER STORM","2026-01-23","2026-01-27","Meade (County)"
3633,"2026-01-24","KY","EM","Winter Storm","SEVERE WINTER STORM","2026-01-23","2026-01-27","Martin (County)"
3633,"2026-01-24","KY","EM","Winter Storm","SEVERE WINTER STORM","2026-01-23","2026-01-27","Nicholas (County)"
3633,"2026-01-24","KY","EM","Winter Storm","SEVERE WINTER STORM","2026-01-23","2026-01-27","Mercer (County)"
3642,"2026-01-24","GA","EM","Winter Storm","SEVERE WINTER STORM","2026-01-22","2026-01-27","Heard (County)"
3636,"2026-01-24","AR","EM","Winter Storm","SEVERE WINTER STORM","2026-01-23","2026-01-27","Madison (County)"
3642,"2026-01-24","GA","EM","Winter Storm","SEVERE WINTER STORM","2026-01-22","2026-01-27","Glascock (County)"
3634,"2026-01-24","MD","EM","Winter Storm","SEVERE WINTER STORM","2026-01-23","2026-01-27","Harford (County)"
3636,"2026-01-24","AR","EM","Winter Storm","SEVERE WINTER STORM","2026-01-23","2026-01-27","Clark (County)"
3637,"2026-01-24","NC","EM","Winter Storm","SEVERE WINTER STORM","2026-01-21","2026-01-27","Columbus (County)"
3636,"2026-01-24","AR","EM","Winter Storm","SEVERE WINTER STORM","2026-01-23","2026-01-27","Poinsett (County)"
3641,"2026-01-24","IN","EM","Winter Storm","SEVERE WINTER STORM","2026-01-23","2026-01-27","Boone (County)"
3636,"2026-01-24","AR","EM","Winter Storm","SEVERE WINTER STORM","2026-01-23","2026-01-27","Clay (County)"
3637,"2026-01-24","NC","EM","Winter Storm","SEVERE WINTER STORM","2026-01-21","2026-01-27","Bladen (County)"
3640,"2026-01-24","MS","EM","Winter Storm","SEVERE WINTER STORM ","2026-01-23","2026-01-27","Wayne (County)"
3631,"2026-01-23","VA","EM","Winter Storm","SEVERE WINTER STORM","2026-01-22","2026-01-27","Grayson (County)"
3631,"2026-01-23","VA","EM","Winter Storm","SEVERE WINTER STORM","2026-01-22","2026-01-27","Emporia"
3631,"2026-01-23","VA","EM","Winter Storm","SEVERE WINTER STORM","2026-01-22","2026-01-27","Appomattox (County)"
3631,"2026-01-23","VA","EM","Winter Storm","SEVERE WINTER STORM","2026-01-22","2026-01-27","Harrisonburg"
3631,"2026-01-23","VA","EM","Winter Storm","SEVERE WINTER STORM","2026-01-22","2026-01-27","Powhatan (County)"
3631,"2026-01-23","VA","EM","Winter Storm","SEVERE WINTER STORM","2026-01-22","2026-01-27","Chesapeake"
3631,"2026-01-23","VA","EM","Winter Storm","SEVERE WINTER STORM","2026-01-22","2026-01-27","Buena Vista"
3631,"2026-01-23","VA","EM","Winter Storm","SEVERE WINTER STORM","2026-01-22","2026-01-27","Buchanan (County)"
3631,"2026-01-23","VA","EM","Winter Storm","SEVERE WINTER STORM","2026-01-22","2026-01-27","Floyd (County)"
3631,"2026-01-23","VA","EM","Winter Storm","SEVERE WINTER STORM","2026-01-22","2026-01-27","Albemarle (County)"
3631,"2026-01-23","VA","EM","Winter Storm","SEVERE WINTER STORM","2026-01-22","2026-01-27","Amelia (County)"
3631,"2026-01-23","VA","EM","Winter Storm","SEVERE WINTER STORM","2026-01-22","2026-01-27","Frederick (County)"
3631,"2026-01-23","VA","EM","Winter Storm","SEVERE WINTER STORM","2026-01-22","2026-01-27","Bland (County)"
3631,"2026-01-23","VA","EM","Winter Storm","SEVERE WINTER STORM","2026-01-22","2026-01-27","Pulaski (County)"
3631,"2026-01-23","VA","EM","Winter Storm","SEVERE WINTER STORM","2026-01-22","2026-01-27","Bedford (County)"
3631,"2026-01-23","VA","EM","Winter Storm","SEVERE WINTER STORM","2026-01-22","2026-01-27","Rappahannock (County)"
3631,"2026-01-23","VA","EM","Winter Storm","SEVERE WINTER STORM","2026-01-22","2026-01-27","Bath (County)"
3631,"2026-01-23","VA","EM","Winter Storm","SEVERE WINTER STORM","2026-01-22","2026-01-27","Botetourt (County)"
3631,"2026-01-23","VA","EM","Winter Storm","SEVERE WINTER STORM","2026-01-22","2026-01-27","Prince William (County)"
3631,"2026-01-23","VA","EM","Winter Storm","SEVERE WINTER STORM","2026-01-22","2026-01-27","Hanover (County)"
3631,"2026-01-23","VA","EM","Winter Storm","SEVERE WINTER STORM","2026-01-22","2026-01-27","Caroline (County)"
3631,"2026-01-23","VA","EM","Winter Storm","SEVERE WINTER STORM","2026-01-22","2026-01-27","Carroll (County)"
3631,"2026-01-23","VA","EM","Winter Storm","SEVERE WINTER STORM","2026-01-22","2026-01-27","Charles City (County)"
3631,"2026-01-23","VA","EM","Winter Storm","SEVERE WINTER STORM","2026-01-22","2026-01-27","Goochland (County)"
3631,"2026-01-23","VA","EM","Winter Storm","SEVERE WINTER STORM","2026-01-22","2026-01-27","Greensville (County)"
3631,"2026-01-23","VA","EM","Winter Storm","SEVERE WINTER STORM","2026-01-22","2026-01-27","Prince George (County)"
3631,"2026-01-23","VA","EM","Winter Storm","SEVERE WINTER STORM","2026-01-22","2026-01-27","Henrico (County)"
3631,"2026-01-23","VA","EM","Winter Storm","SEVERE WINTER STORM","2026-01-22","2026-01-27","Williamsburg"
3631,"2026-01-23","VA","EM","Winter Storm","SEVERE WINTER STORM","2026-01-22","2026-01-27","Galax"
3632,"2026-01-23","SC","EM","Winter Storm","SEVERE WINTER STORM","2026-01-21","2026-01-27","Greenwood (County)"
3631,"2026-01-23","VA","EM","Winter Storm","SEVERE WINTER STORM","2026-01-22","2026-01-27","Chesterfield (County)"
3631,"2026-01-23","VA","EM","Winter Storm","SEVERE WINTER STORM","2026-01-22","2026-01-27","Norfolk"
3631,"2026-01-23","VA","EM","Winter Storm","SEVERE WINTER STORM","2026-01-22","2026-01-27","Fauquier (County)"
3631,"2026-01-23","VA","EM","Winter Storm","SEVERE WINTER STORM","2026-01-22","2026-01-27","Greene (County)"
3631,"2026-01-23","VA","EM","Winter Storm","SEVERE WINTER STORM","2026-01-22","2026-01-27","Russell (County)"
3631,"2026-01-23","VA","EM","Winter Storm","SEVERE WINTER STORM","2026-01-22","2026-01-27","Giles (County)"
3631,"2026-01-23","VA","EM","Winter Storm","SEVERE WINTER STORM","2026-01-22","2026-01-27","Fairfax"
3631,"2026-01-23","VA","EM","Winter Storm","SEVERE WINTER STORM","2026-01-22","2026-01-27","Franklin (County)"
3631,"2026-01-23","VA","EM","Winter Storm","SEVERE WINTER STORM","2026-01-22","2026-01-27","Halifax (County)"
3631,"2026-01-23","VA","EM","Winter Storm","SEVERE WINTER STORM","2026-01-22","2026-01-27","Alleghany (County)"
3631,"2026-01-23","VA","EM","Winter Storm","SEVERE WINTER STORM","2026-01-22","2026-01-27","Dickenson (County)"
3631,"2026-01-23","VA","EM","Winter Storm","SEVERE WINTER STORM","2026-01-22","2026-01-27","Culpeper (County)"
3631,"2026-01-23","VA","EM","Winter Storm","SEVERE WINTER STORM","2026-01-22","2026-01-27","Dinwiddie (County)"
3631,"2026-01-23","VA","EM","Winter Storm","SEVERE WINTER STORM","2026-01-22","2026-01-27","Cumberland (County)"
3631,"2026-01-23","VA","EM","Winter Storm","SEVERE WINTER STORM","2026-01-22","2026-01-27","Essex (County)"
3631,"2026-01-23","VA","EM","Winter Storm","SEVERE WINTER STORM","2026-01-22","2026-01-27","Fairfax (County)"
3631,"2026-01-23","VA","EM","Winter Storm","SEVERE WINTER STORM","2026-01-22","2026-01-27","Westmoreland (County)"
3631,"2026-01-23","VA","EM","Winter Storm","SEVERE WINTER STORM","2026-01-22","2026-01-27","Roanoke (County)"
3631,"2026-01-23","VA","EM","Winter Storm","SEVERE WINTER STORM","2026-01-22","2026-01-27","Shenandoah (County)"
3631,"2026-01-23","VA","EM","Winter Storm","SEVERE WINTER STORM","2026-01-22","2026-01-27","Augusta (County)"
3631,"2026-01-23","VA","EM","Winter Storm","SEVERE WINTER STORM","2026-01-22","2026-01-27","Accomack (County)"
3631,"2026-01-23","VA","EM","Winter Storm","SEVERE WINTER STORM","2026-01-22","2026-01-27","Amherst (County)"
3631,"2026-01-23","VA","EM","Winter Storm","SEVERE WINTER STORM","2026-01-22","2026-01-27","Radford"
3631,"2026-01-23","VA","EM","Winter Storm","SEVERE WINTER STORM","2026-01-22","2026-01-27","Rockingham (County)"
3632,"2026-01-23","SC","EM","Winter Storm","SEVERE WINTER STORM","2026-01-21","2026-01-27","Bamberg (County)"
3632,"2026-01-23","SC","EM","Winter Storm","SEVERE WINTER STORM","2026-01-21","2026-01-27","Barnwell (County)"
3632,"2026-01-23","SC","EM","Winter Storm","SEVERE WINTER STORM","2026-01-21","2026-01-27","Charleston (County)"
3632,"2026-01-23","SC","EM","Winter Storm","SEVERE WINTER STORM","2026-01-21","2026-01-27","Fairfield (County)"
3631,"2026-01-23","VA","EM","Winter Storm","SEVERE WINTER STORM","2026-01-22","2026-01-27","Surry (County)"
3631,"2026-01-23","VA","EM","Winter Storm","SEVERE WINTER STORM","2026-01-22","2026-01-27","Arlington (County)"
3632,"2026-01-23","SC","EM","Winter Storm","SEVERE WINTER STORM","2026-01-21","2026-01-27","Dorchester (County)"
3632,"2026-01-23","SC","EM","Winter Storm","SEVERE WINTER STORM","2026-01-21","2026-01-27","Edgefield (County)"
3631,"2026-01-23","VA","EM","Winter Storm","SEVERE WINTER STORM","2026-01-22","2026-01-27","Norton"
3632,"2026-01-23","SC","EM","Winter Storm","SEVERE WINTER STORM","2026-01-21","2026-01-27","Clarendon (County)"
3631,"2026-01-23","VA","EM","Winter Storm","SEVERE WINTER STORM","2026-01-22","2026-01-27","Clarke (County)"
3632,"2026-01-23","SC","EM","Winter Storm","SEVERE WINTER STORM","2026-01-21","2026-01-27","Oconee (County)"
3632,"2026-01-23","SC","EM","Winter Storm","SEVERE WINTER STORM","2026-01-21","2026-01-27","Lee (County)"
3632,"2026-01-23","SC","EM","Winter Storm","SEVERE WINTER STORM","2026-01-21","2026-01-27","Lancaster (County)"
3632,"2026-01-23","SC","EM","Winter Storm","SEVERE WINTER STORM","2026-01-21","2026-01-27","York (County)"
3632,"2026-01-23","SC","EM","Winter Storm","SEVERE WINTER STORM","2026-01-21","2026-01-27","Saluda (County)"
3632,"2026-01-23","SC","EM","Winter Storm","SEVERE WINTER STORM","2026-01-21","2026-01-27","Spartanburg (County)"
3632,"2026-01-23","SC","EM","Winter Storm","SEVERE WINTER STORM","2026-01-21","2026-01-27","Williamsburg (County)"
3632,"2026-01-23","SC","EM","Winter Storm","SEVERE WINTER STORM","2026-01-21","2026-01-27","Hampton (County)"
3631,"2026-01-23","VA","EM","Winter Storm","SEVERE WINTER STORM","2026-01-22","2026-01-27","Buckingham (County)"
3631,"2026-01-23","VA","EM","Winter Storm","SEVERE WINTER STORM","2026-01-22","2026-01-27","Lynchburg"
3631,"2026-01-23","VA","EM","Winter Storm","SEVERE WINTER STORM","2026-01-22","2026-01-27","Brunswick (County)"
3632,"2026-01-23","SC","EM","Winter Storm","SEVERE WINTER STORM","2026-01-21","2026-01-27","McCormick (County)"
3631,"2026-01-23","VA","EM","Winter Storm","SEVERE WINTER STORM","2026-01-22","2026-01-27","Hopewell"
3632,"2026-01-23","SC","EM","Winter Storm","SEVERE WINTER STORM","2026-01-21","2026-01-27","Greenville (County)"
3632,"2026-01-23","SC","EM","Winter Storm","SEVERE WINTER STORM","2026-01-21","2026-01-27","Aiken (County)"
3632,"2026-01-23","SC","EM","Winter Storm","SEVERE WINTER STORM","2026-01-21","2026-01-27","Catawba Indian Nation"
3632,"2026-01-23","SC","EM","Winter Storm","SEVERE WINTER STORM","2026-01-21","2026-01-27","Abbeville (County)"
3632,"2026-01-23","SC","EM","Winter Storm","SEVERE WINTER STORM","2026-01-21","2026-01-27","Beaufort (County)"
3631,"2026-01-23","VA","EM","Winter Storm","SEVERE WINTER STORM","2026-01-22","2026-01-27","King William (County)"
3632,"2026-01-23","SC","EM","Winter Storm","SEVERE WINTER STORM","2026-01-21","2026-01-27","Chesterfield (County)"
3632,"2026-01-23","SC","EM","Winter Storm","SEVERE WINTER STORM","2026-01-21","2026-01-27","Chester (County)"
3632,"2026-01-23","SC","EM","Winter Storm","SEVERE WINTER STORM","2026-01-21","2026-01-27","Colleton (County)"
3632,"2026-01-23","SC","EM","Winter Storm","SEVERE WINTER STORM","2026-01-21","2026-01-27","Berkeley (County)"
3632,"2026-01-23","SC","EM","Winter Storm","SEVERE WINTER STORM","2026-01-21","2026-01-27","Horry (County)"
3632,"2026-01-23","SC","EM","Winter Storm","SEVERE WINTER STORM","2026-01-21","2026-01-27","Calhoun (County)"
3632,"2026-01-23","SC","EM","Winter Storm","SEVERE WINTER STORM","2026-01-21","2026-01-27","Allendale (County)"
3631,"2026-01-23","VA","EM","Winter Storm","SEVERE WINTER STORM","2026-01-22","2026-01-27","Scott (County)"
3632,"2026-01-23","SC","EM","Winter Storm","SEVERE WINTER STORM","2026-01-21","2026-01-27","Lexington (County)"
3631,"2026-01-23","VA","EM","Winter Storm","SEVERE WINTER STORM","2026-01-22","2026-01-27","Highland (County)"
3632,"2026-01-23","SC","EM","Winter Storm","SEVERE WINTER STORM","2026-01-21","2026-01-27","Union (County)"
3632,"2026-01-23","SC","EM","Winter Storm","SEVERE WINTER STORM","2026-01-21","2026-01-27","Pickens (County)"
3632,"2026-01-23","SC","EM","Winter Storm","SEVERE WINTER STORM","2026-01-21","2026-01-27","Richland (County)"
3631,"2026-01-23","VA","EM","Winter Storm","SEVERE WINTER STORM","2026-01-22","2026-01-27","Staunton"
3631,"2026-01-23","VA","EM","Winter Storm","SEVERE WINTER STORM","2026-01-22","2026-01-27","Suffolk"
3631,"2026-01-23","VA","EM","Winter Storm","SEVERE WINTER STORM","2026-01-22","2026-01-27","Virginia Beach"
3631,"2026-01-23","VA","EM","Winter Storm","SEVERE WINTER STORM","2026-01-22","2026-01-27","Rockbridge (County)"
3631,"2026-01-23","VA","EM","Winter Storm","SEVERE WINTER STORM","2026-01-22","2026-01-27","James City (County)"
3631,"2026-01-23","VA","EM","Winter Storm","SEVERE WINTER STORM","2026-01-22","2026-01-27","Orange (County)"
3631,"2026-01-23","VA","EM","Winter Storm","SEVERE WINTER STORM","2026-01-22","2026-01-27","Page (County)"
3631,"2026-01-23","VA","EM","Winter Storm","SEVERE WINTER STORM","2026-01-22","2026-01-27","Patrick (County)"
3632,"2026-01-23","SC","EM","Winter Storm","SEVERE WINTER STORM","2026-01-21","2026-01-27","Anderson (County)"
3631,"2026-01-23","VA","EM","Winter Storm","SEVERE WINTER STORM","2026-01-22","2026-01-27","New Kent (County)"
3631,"2026-01-23","VA","EM","Winter Storm","SEVERE WINTER STORM","2026-01-22","2026-01-27","Nottoway (County)"
3631,"2026-01-23","VA","EM","Winter Storm","SEVERE WINTER STORM","2026-01-22","2026-01-27","Pittsylvania (County)"
3631,"2026-01-23","VA","EM","Winter Storm","SEVERE WINTER STORM","2026-01-22","2026-01-27","Northampton (County)"
3631,"2026-01-23","VA","EM","Winter Storm","SEVERE WINTER STORM","2026-01-22","2026-01-27","Nelson (County)"
3631,"2026-01-23","VA","EM","Winter Storm","SEVERE WINTER STORM","2026-01-22","2026-01-27","Middlesex (County)"
3631,"2026-01-23","VA","EM","Winter Storm","SEVERE WINTER STORM","2026-01-22","2026-01-27","Montgomery (County)"
3632,"2026-01-23","SC","EM","Winter Storm","SEVERE WINTER STORM","2026-01-21","2026-01-27","Kershaw (County)"
3632,"2026-01-23","SC","EM","Winter Storm","SEVERE WINTER STORM","2026-01-21","2026-01-27","Darlington (County)"
3631,"2026-01-23","VA","EM","Winter Storm","SEVERE WINTER STORM","2026-01-22","2026-01-27","Tazewell (County)"
3631,"2026-01-23","VA","EM","Winter Storm","SEVERE WINTER STORM","2026-01-22","2026-01-27","Bristol"
3631,"2026-01-23","VA","EM","Winter Storm","SEVERE WINTER STORM","2026-01-22","2026-01-27","York (County)"
3631,"2026-01-23","VA","EM","Winter Storm","SEVERE WINTER STORM","2026-01-22","2026-01-27","UPPER MATTAPONI"
3631,"2026-01-23","VA","EM","Winter Storm","SEVERE WINTER STORM","2026-01-22","2026-01-27","Sussex (County)"
3631,"2026-01-23","VA","EM","Winter Storm","SEVERE WINTER STORM","2026-01-22","2026-01-27","Lunenburg (County)"
3631,"2026-01-23","VA","EM","Winter Storm","SEVERE WINTER STORM","2026-01-22","2026-01-27","Washington (County)"
3631,"2026-01-23","VA","EM","Winter Storm","SEVERE WINTER STORM","2026-01-22","2026-01-27","Madison (County)"
3631,"2026-01-23","VA","EM","Winter Storm","SEVERE WINTER STORM","2026-01-22","2026-01-27","Wise (County)"
3631,"2026-01-23","VA","EM","Winter Storm","SEVERE WINTER STORM","2026-01-22","2026-01-27","Loudoun (County)"
3631,"2026-01-23","VA","EM","Winter Storm","SEVERE WINTER STORM","2026-01-22","2026-01-27","Henry (County)"
3631,"2026-01-23","VA","EM","Winter Storm","SEVERE WINTER STORM","2026-01-22","2026-01-27","King and Queen (County)"
3631,"2026-01-23","VA","EM","Winter Storm","SEVERE WINTER STORM","2026-01-22","2026-01-27","King George (County)"
3631,"2026-01-23","VA","EM","Winter Storm","SEVERE WINTER STORM","2026-01-22","2026-01-27","Lee (County)"
3631,"2026-01-23","VA","EM","Winter Storm","SEVERE WINTER STORM","2026-01-22","2026-01-27","Manassas"
3631,"2026-01-23","VA","EM","Winter Storm","SEVERE WINTER STORM","2026-01-22","2026-01-27","Lancaster (County)"
3631,"2026-01-23","VA","EM","Winter Storm","SEVERE WINTER STORM","2026-01-22","2026-01-27","Louisa (County)"
3631,"2026-01-23","VA","EM","Winter Storm","SEVERE WINTER STORM","2026-01-22","2026-01-27","Prince Edward (County)"
3631,"2026-01-23","VA","EM","Winter Storm","SEVERE WINTER STORM","2026-01-22","2026-01-27","Winchester"
3631,"2026-01-23","VA","EM","Winter Storm","SEVERE WINTER STORM","2026-01-22","2026-01-27","Richmond"
3631,"2026-01-23","VA","EM","Winter Storm","SEVERE WINTER STORM","2026-01-22","2026-01-27","Stafford (County)"
3631,"2026-01-23","VA","EM","Winter Storm","SEVERE WINTER STORM","2026-01-22","2026-01-27","Newport News"
3631,"2026-01-23","VA","EM","Winter Storm","SEVERE WINTER STORM","2026-01-22","2026-01-27","Charlottesville"
3631,"2026-01-23","VA","EM","Winter Storm","SEVERE WINTER STORM","2026-01-22","2026-01-27","Roanoke"
3632,"2026-01-23","SC","EM","Winter Storm","SEVERE WINTER STORM","2026-01-21","2026-01-27","Sumter (County)"
3632,"2026-01-23","SC","EM","Winter Storm","SEVERE WINTER STORM","2026-01-21","2026-01-27","Orangeburg (County)"
3631,"2026-01-23","VA","EM","Winter Storm","SEVERE WINTER STORM","2026-01-22","2026-01-27","Salem"
3632,"2026-01-23","SC","EM","Winter Storm","SEVERE WINTER STORM","2026-01-21","2026-01-27","Marion (County)"
3632,"2026-01-23","SC","EM","Winter Storm","SEVERE WINTER STORM","2026-01-21","2026-01-27","Laurens (County)"
3632,"2026-01-23","SC","EM","Winter Storm","SEVERE WINTER STORM","2026-01-21","2026-01-27","Marlboro (County)"
3632,"2026-01-23","SC","EM","Winter Storm","SEVERE WINTER STORM","2026-01-21","2026-01-27","Jasper (County)"
3632,"2026-01-23","SC","EM","Winter Storm","SEVERE WINTER STORM","2026-01-21","2026-01-27","Newberry (County)"
3631,"2026-01-23","VA","EM","Winter Storm","SEVERE WINTER STORM","2026-01-22","2026-01-27","Waynesboro"
3631,"2026-01-23","VA","EM","Winter Storm","SEVERE WINTER STORM","2026-01-22","2026-01-27","Petersburg"
3631,"2026-01-23","VA","EM","Winter Storm","SEVERE WINTER STORM","2026-01-22","2026-01-27","Poquoson"
3631,"2026-01-23","VA","EM","Winter Storm","SEVERE WINTER STORM","2026-01-22","2026-01-27","Portsmouth"
3632,"2026-01-23","SC","EM","Winter Storm","SEVERE WINTER STORM","2026-01-21","2026-01-27","Cherokee (County)"
3632,"2026-01-23","SC","EM","Winter Storm","SEVERE WINTER STORM","2026-01-21","2026-01-27","Florence (County)"
3632,"2026-01-23","SC","EM","Winter Storm","SEVERE WINTER STORM","2026-01-21","2026-01-27","Georgetown (County)"
3631,"2026-01-23","VA","EM","Winter Storm","SEVERE WINTER STORM","2026-01-22","2026-01-27","Isle of Wight (County)"
3631,"2026-01-23","VA","EM","Winter Storm","SEVERE WINTER STORM","2026-01-22","2026-01-27","Martinsville"
3631,"2026-01-23","VA","EM","Winter Storm","SEVERE WINTER STORM","2026-01-22","2026-01-27","Lexington"
3631,"2026-01-23","VA","EM","Winter Storm","SEVERE WINTER STORM","2026-01-22","2026-01-27","Hampton"
3631,"2026-01-23","VA","EM","Winter Storm","SEVERE WINTER STORM","2026-01-22","2026-01-27","Spotsylvania (County)"
3631,"2026-01-23","VA","EM","Winter Storm","SEVERE WINTER STORM","2026-01-22","2026-01-27","Fredericksburg"
3631,"2026-01-23","VA","EM","Winter Storm","SEVERE WINTER STORM","2026-01-22","2026-01-27","Covington"
3631,"2026-01-23","VA","EM","Winter Storm","SEVERE WINTER STORM","2026-01-22","2026-01-27","Danville"
3631,"2026-01-23","VA","EM","Winter Storm","SEVERE WINTER STORM","2026-01-22","2026-01-27","Colonial Heights"
3631,"2026-01-23","VA","EM","Winter Storm","SEVERE WINTER STORM","2026-01-22","2026-01-27","Richmond (County)"
3631,"2026-01-23","VA","EM","Winter Storm","SEVERE WINTER STORM","2026-01-22","2026-01-27","Charlotte (County)"
3631,"2026-01-23","VA","EM","Winter Storm","SEVERE WINTER STORM","2026-01-22","2026-01-27","Wythe (County)"
3631,"2026-01-23","VA","EM","Winter Storm","SEVERE WINTER STORM","2026-01-22","2026-01-27","Warren (County)"
3631,"2026-01-23","VA","EM","Winter Storm","SEVERE WINTER STORM","2026-01-22","2026-01-27","Falls Church"
3631,"2026-01-23","VA","EM","Winter Storm","SEVERE WINTER STORM","2026-01-22","2026-01-27","Alexandria"
3631,"2026-01-23","VA","EM","Winter Storm","SEVERE WINTER STORM","2026-01-22","2026-01-27","Bedford"
3631,"2026-01-23","VA","EM","Winter Storm","SEVERE WINTER STORM","2026-01-22","2026-01-27","Franklin"
3631,"2026-01-23","VA","EM","Winter Storm","SEVERE WINTER STORM","2026-01-22","2026-01-27","Smyth (County)"
3631,"2026-01-23","VA","EM","Winter Storm","SEVERE WINTER STORM","2026-01-22","2026-01-27","Manassas Park"
3631,"2026-01-23","VA","EM","Winter Storm","SEVERE WINTER STORM","2026-01-22","2026-01-27","Fluvanna (County)"
3631,"2026-01-23","VA","EM","Winter Storm","SEVERE WINTER STORM","2026-01-22","2026-01-27","Gloucester (County)"
3631,"2026-01-23","VA","EM","Winter Storm","SEVERE WINTER STORM","2026-01-22","2026-01-27","Mecklenburg (County)"
3631,"2026-01-23","VA","EM","Winter Storm","SEVERE WINTER STORM","2026-01-22","2026-01-27","Northumberland (County)"
3631,"2026-01-23","VA","EM","Winter Storm","SEVERE WINTER STORM","2026-01-22","2026-01-27","Southampton (County)"
3632,"2026-01-23","SC","EM","Winter Storm","SEVERE WINTER STORM","2026-01-21","2026-01-27","Dillon (County)"
3631,"2026-01-23","VA","EM","Winter Storm","SEVERE WINTER STORM","2026-01-22","2026-01-27","Craig (County)"
3631,"2026-01-23","VA","EM","Winter Storm","SEVERE WINTER STORM","2026-01-22","2026-01-27","Mathews (County)"
3631,"2026-01-23","VA","EM","Winter Storm","SEVERE WINTER STORM","2026-01-22","2026-01-27","Campbell (County)"
3630,"2025-12-19","MT","EM","Flood","SEVERE STORMS AND FLOODING","2025-12-10","2025-12-11","Sanders (County)"
4897,"2025-12-19","KS","DR","Severe Storm","SEVERE STORMS, STRAIGHT-LINE WINDS, AND FLOODING","2025-07-17","2025-07-22","Ottawa (County)"
4897,"2025-12-19","KS","DR","Severe Storm","SEVERE STORMS, STRAIGHT-LINE WINDS, AND FLOODING","2025-07-17","2025-07-22","Sumner (County)"
3630,"2025-12-19","MT","EM","Flood","SEVERE STORMS AND FLOODING","2025-12-10","2025-12-11","Blackfeet Indian Reservation"
4897,"2025-12-19","KS","DR","Severe Storm","SEVERE STORMS, STRAIGHT-LINE WINDS, AND FLOODING","2025-07-17","2025-07-22","Logan (County)"
4897,"2025-12-19","KS","DR","Severe Storm","SEVERE STORMS, STRAIGHT-LINE WINDS, AND FLOODING","2025-07-17","2025-07-22","Rawlins (County)"
4897,"2025-12-19","KS","DR","Severe Storm","SEVERE STORMS, STRAIGHT-LINE WINDS, AND FLOODING","2025-07-17","2025-07-22","Morris (County)"
4897,"2025-12-19","KS","DR","Severe Storm","SEVERE STORMS, STRAIGHT-LINE WINDS, AND FLOODING","2025-07-17","2025-07-22","Saline (County)"
4897,"2025-12-19","KS","DR","Severe Storm","SEVERE STORMS, STRAIGHT-LINE WINDS, AND FLOODING","2025-07-17","2025-07-22","Comanche (County)"
4897,"2025-12-19","KS","DR","Severe Storm","SEVERE STORMS, STRAIGHT-LINE WINDS, AND FLOODING","2025-07-17","2025-07-22","Edwards (County)"
4897,"2025-12-19","KS","DR","Severe Storm","SEVERE STORMS, STRAIGHT-LINE WINDS, AND FLOODING","2025-07-17","2025-07-22","Stevens (County)"
4897,"2025-12-19","KS","DR","Severe Storm","SEVERE STORMS, STRAIGHT-LINE WINDS, AND FLOODING","2025-07-17","2025-07-22","Barton (County)"
4897,"2025-12-19","KS","DR","Severe Storm","SEVERE STORMS, STRAIGHT-LINE WINDS, AND FLOODING","2025-07-17","2025-07-22","Hodgeman (County)"
4897,"2025-12-19","KS","DR","Severe Storm","SEVERE STORMS, STRAIGHT-LINE WINDS, AND FLOODING","2025-07-17","2025-07-22","Wyandotte (County)"
5615,"2025-12-19","OK","FM","Fire","SUNNY FIRE","2025-12-19","2025-12-30","Kiowa (County)"
3630,"2025-12-19","MT","EM","Flood","SEVERE STORMS AND FLOODING","2025-12-10","2025-12-11","Lincoln (County)"
3629,"2025-12-12","WA","EM","Flood","SEVERE STORMS, STRAIGHT-LINE WINDS, FLOODING, LANDSLIDES, AND MUDSLIDES","2025-12-09","2025-12-19","Lewis (County)"
3629,"2025-12-12","WA","EM","Flood","SEVERE STORMS, STRAIGHT-LINE WINDS, FLOODING, LANDSLIDES, AND MUDSLIDES","2025-12-09","2025-12-19","Chelan (County)"
3629,"2025-12-12","WA","EM","Flood","SEVERE STORMS, STRAIGHT-LINE WINDS, FLOODING, LANDSLIDES, AND MUDSLIDES","2025-12-09","2025-12-19","Yakima (County)"
3629,"2025-12-12","WA","EM","Flood","SEVERE STORMS, STRAIGHT-LINE WINDS, FLOODING, LANDSLIDES, AND MUDSLIDES","2025-12-09","2025-12-19","Jefferson (County)"
3629,"2025-12-12","WA","EM","Flood","SEVERE STORMS, STRAIGHT-LINE WINDS, FLOODING, LANDSLIDES, AND MUDSLIDES","2025-12-09","2025-12-19","Benton (County)"
3629,"2025-12-12","WA","EM","Flood","SEVERE STORMS, STRAIGHT-LINE WINDS, FLOODING, LANDSLIDES, AND MUDSLIDES","2025-12-09","2025-12-19","Wahkiakum (County)"
3629,"2025-12-12","WA","EM","Flood","SEVERE STORMS, STRAIGHT-LINE WINDS, FLOODING, LANDSLIDES, AND MUDSLIDES","2025-12-09","2025-12-19","Clallam (County)"
3629,"2025-12-12","WA","EM","Flood","SEVERE STORMS, STRAIGHT-LINE WINDS, FLOODING, LANDSLIDES, AND MUDSLIDES","2025-12-09","2025-12-19","Kittitas (County)"
3629,"2025-12-12","WA","EM","Flood","SEVERE STORMS, STRAIGHT-LINE WINDS, FLOODING, LANDSLIDES, AND MUDSLIDES","2025-12-09","2025-12-19","Samish (TDSA)"
3629,"2025-12-12","WA","EM","Flood","SEVERE STORMS, STRAIGHT-LINE WINDS, FLOODING, LANDSLIDES, AND MUDSLIDES","2025-12-09","2025-12-19","Thurston (County)"
3629,"2025-12-12","WA","EM","Flood","SEVERE STORMS, STRAIGHT-LINE WINDS, FLOODING, LANDSLIDES, AND MUDSLIDES","2025-12-09","2025-12-19","Skagit (County)"
3629,"2025-12-12","WA","EM","Flood","SEVERE STORMS, STRAIGHT-LINE WINDS, FLOODING, LANDSLIDES, AND MUDSLIDES","2025-12-09","2025-12-19","Mason (County)"
3629,"2025-12-12","WA","EM","Flood","SEVERE STORMS, STRAIGHT-LINE WINDS, FLOODING, LANDSLIDES, AND MUDSLIDES","2025-12-09","2025-12-19","King (County)"
3629,"2025-12-12","WA","EM","Flood","SEVERE STORMS, STRAIGHT-LINE WINDS, FLOODING, LANDSLIDES, AND MUDSLIDES","2025-12-09","2025-12-19","Snohomish (County)"
3629,"2025-12-12","WA","EM","Flood","SEVERE STORMS, STRAIGHT-LINE WINDS, FLOODING, LANDSLIDES, AND MUDSLIDES","2025-12-09","2025-12-19","Pierce (County)"
3629,"2025-12-12","WA","EM","Flood","SEVERE STORMS, STRAIGHT-LINE WINDS, FLOODING, LANDSLIDES, AND MUDSLIDES","2025-12-09","2025-12-19","Grays Harbor (County)"
3629,"2025-12-12","WA","EM","Flood","SEVERE STORMS, STRAIGHT-LINE WINDS, FLOODING, LANDSLIDES, AND MUDSLIDES","2025-12-09","2025-12-19","Whatcom (County)"
4896,"2025-10-22","NE","DR","Severe Storm","SEVERE STORMS, STRAIGHT-LINE WINDS, AND FLOODING","2025-08-08","2025-08-10","Thayer (County)"
4896,"2025-10-22","NE","DR","Severe Storm","SEVERE STORMS, STRAIGHT-LINE WINDS, AND FLOODING","2025-08-08","2025-08-10","Nemaha (County)"
4896,"2025-10-22","NE","DR","Severe Storm","SEVERE STORMS, STRAIGHT-LINE WINDS, AND FLOODING","2025-08-08","2025-08-10","Burt (County)"
4896,"2025-10-22","NE","DR","Severe Storm","SEVERE STORMS, STRAIGHT-LINE WINDS, AND FLOODING","2025-08-08","2025-08-10","Washington (County)"
4896,"2025-10-22","NE","DR","Severe Storm","SEVERE STORMS, STRAIGHT-LINE WINDS, AND FLOODING","2025-08-08","2025-08-10","Douglas (County)"
4894,"2025-10-22","MN","DR","Straight-Line Winds","SEVERE STORMS AND STRAIGHT-LINE WINDS","2025-06-21","2025-06-21","Leech Lake Indian Reservation"
4896,"2025-10-22","NE","DR","Severe Storm","SEVERE STORMS, STRAIGHT-LINE WINDS, AND FLOODING","2025-08-08","2025-08-10","Fillmore (County)"
4893,"2025-10-22","AK","DR","Flood","SEVERE STORMS, FLOODING, AND REMNANTS OF TYPHOON HALONG","2025-10-08","2025-10-13","St. Marys City School District"
4893,"2025-10-22","AK","DR","Flood","SEVERE STORMS, FLOODING, AND REMNANTS OF TYPHOON HALONG","2025-10-08","2025-10-13","Northwest Arctic (Borough)"
4893,"2025-10-22","AK","DR","Flood","SEVERE STORMS, FLOODING, AND REMNANTS OF TYPHOON HALONG","2025-10-08","2025-10-13","Kashunamiut Regional Educational Attendance Area"
4893,"2025-10-22","AK","DR","Flood","SEVERE STORMS, FLOODING, AND REMNANTS OF TYPHOON HALONG","2025-10-08","2025-10-13","Lower Yukon Regional Educational Attendance Area"
4893,"2025-10-22","AK","DR","Flood","SEVERE STORMS, FLOODING, AND REMNANTS OF TYPHOON HALONG","2025-10-08","2025-10-13","Yupiit Regional Educational Attendance Area"
4893,"2025-10-22","AK","DR","Flood","SEVERE STORMS, FLOODING, AND REMNANTS OF TYPHOON HALONG","2025-10-08","2025-10-13","Bering Strait Regional Educational Attendance Area"
4893,"2025-10-22","AK","DR","Flood","SEVERE STORMS, FLOODING, AND REMNANTS OF TYPHOON HALONG","2025-10-08","2025-10-13","Yukon Koyukuk Regional Educational Attendance Area"
4893,"2025-10-22","AK","DR","Flood","SEVERE STORMS, FLOODING, AND REMNANTS OF TYPHOON HALONG","2025-10-08","2025-10-13","Pribilof Island Regional Educational Attendance Area"
4895,"2025-10-22","ND","DR","Severe Storm","SEVERE STORMS, STRAIGHT-LINE WINDS, AND TORNADOES","2025-08-07","2025-08-08","Stutsman (County)"
4893,"2025-10-22","AK","DR","Flood","SEVERE STORMS, FLOODING, AND REMNANTS OF TYPHOON HALONG","2025-10-08","2025-10-13","Lower Kuskokwim Regional Educational Attendance Area"
4893,"2025-10-22","AK","DR","Flood","SEVERE STORMS, FLOODING, AND REMNANTS OF TYPHOON HALONG","2025-10-08","2025-10-13","Iditarod Area Regional Educational Attendance Area"
4895,"2025-10-22","ND","DR","Severe Storm","SEVERE STORMS, STRAIGHT-LINE WINDS, AND TORNADOES","2025-08-07","2025-08-08","Kidder (County)"
4895,"2025-10-22","ND","DR","Severe Storm","SEVERE STORMS, STRAIGHT-LINE WINDS, AND TORNADOES","2025-08-07","2025-08-08","Steele (County)"
4895,"2025-10-22","ND","DR","Severe Storm","SEVERE STORMS, STRAIGHT-LINE WINDS, AND TORNADOES","2025-08-07","2025-08-08","Nelson (County)"
4895,"2025-10-22","ND","DR","Severe Storm","SEVERE STORMS, STRAIGHT-LINE WINDS, AND TORNADOES","2025-08-07","2025-08-08","Grand Forks (County)"
4895,"2025-10-22","ND","DR","Severe Storm","SEVERE STORMS, STRAIGHT-LINE WINDS, AND TORNADOES","2025-08-07","2025-08-08","Griggs (County)"
4895,"2025-10-22","ND","DR","Severe Storm","SEVERE STORMS, STRAIGHT-LINE WINDS, AND TORNADOES","2025-08-07","2025-08-08","Barnes (County)"
4896,"2025-10-22","NE","DR","Severe Storm","SEVERE STORMS, STRAIGHT-LINE WINDS, AND FLOODING","2025-08-08","2025-08-10","Seward (County)"
4896,"2025-10-22","NE","DR","Severe Storm","SEVERE STORMS, STRAIGHT-LINE WINDS, AND FLOODING","2025-08-08","2025-08-10","Webster (County)"
4896,"2025-10-22","NE","DR","Severe Storm","SEVERE STORMS, STRAIGHT-LINE WINDS, AND FLOODING","2025-08-08","2025-08-10","Saunders (County)"
4896,"2025-10-22","NE","DR","Severe Storm","SEVERE STORMS, STRAIGHT-LINE WINDS, AND FLOODING","2025-08-08","2025-08-10","Lancaster (County)"
4896,"2025-10-22","NE","DR","Severe Storm","SEVERE STORMS, STRAIGHT-LINE WINDS, AND FLOODING","2025-08-08","2025-08-10","Nuckolls (County)"
4896,"2025-10-22","NE","DR","Severe Storm","SEVERE STORMS, STRAIGHT-LINE WINDS, AND FLOODING","2025-08-08","2025-08-10","Saline (County)"
5614,"2025-09-26","WA","FM","Fire","LOWER SUGARLOAF FIRE","2025-09-25","2025-10-10","Chelan (County)"
5613,"2025-09-23","HI","FM","Fire","HOLOMUA FIRE","2025-09-23","2025-09-23","Maui (County)"
4888,"2025-09-11","ND","DR","Severe Storm","SEVERE STORM, TORNADOES, AND STRAIGHT-LINE WINDS","2025-06-20","2025-06-21","Stutsman (County)"
4889,"2025-09-11","NC","DR","Tropical Depression","TROPICAL DEPRESSION CHANTAL","2025-07-06","2025-07-07","Caswell (County)"
4888,"2025-09-11","ND","DR","Severe Storm","SEVERE STORM, TORNADOES, AND STRAIGHT-LINE WINDS","2025-06-20","2025-06-21","Wells (County)"
4887,"2025-09-11","MT","DR","Flood","SEVERE STORMS, STRAIGHT-LINE WINDS, AND FLOODING","2025-05-18","2025-05-22","Crow Indian Reservation"
4888,"2025-09-11","ND","DR","Severe Storm","SEVERE STORM, TORNADOES, AND STRAIGHT-LINE WINDS","2025-06-20","2025-06-21","Steele (County)"
4888,"2025-09-11","ND","DR","Severe Storm","SEVERE STORM, TORNADOES, AND STRAIGHT-LINE WINDS","2025-06-20","2025-06-21","Traill (County)"
4888,"2025-09-11","ND","DR","Severe Storm","SEVERE STORM, TORNADOES, AND STRAIGHT-LINE WINDS","2025-06-20","2025-06-21","Sheridan (County)"
4888,"2025-09-11","ND","DR","Severe Storm","SEVERE STORM, TORNADOES, AND STRAIGHT-LINE WINDS","2025-06-20","2025-06-21","Sioux (County)"
4888,"2025-09-11","ND","DR","Severe Storm","SEVERE STORM, TORNADOES, AND STRAIGHT-LINE WINDS","2025-06-20","2025-06-21","Kidder (County)"
4888,"2025-09-11","ND","DR","Severe Storm","SEVERE STORM, TORNADOES, AND STRAIGHT-LINE WINDS","2025-06-20","2025-06-21","McLean (County)"
4888,"2025-09-11","ND","DR","Severe Storm","SEVERE STORM, TORNADOES, AND STRAIGHT-LINE WINDS","2025-06-20","2025-06-21","Griggs (County)"
4888,"2025-09-11","ND","DR","Severe Storm","SEVERE STORM, TORNADOES, AND STRAIGHT-LINE WINDS","2025-06-20","2025-06-21","Morton (County)"
4888,"2025-09-11","ND","DR","Severe Storm","SEVERE STORM, TORNADOES, AND STRAIGHT-LINE WINDS","2025-06-20","2025-06-21","Emmons (County)"
4888,"2025-09-11","ND","DR","Severe Storm","SEVERE STORM, TORNADOES, AND STRAIGHT-LINE WINDS","2025-06-20","2025-06-21","Foster (County)"
4888,"2025-09-11","ND","DR","Severe Storm","SEVERE STORM, TORNADOES, AND STRAIGHT-LINE WINDS","2025-06-20","2025-06-21","Grant (County)"
4888,"2025-09-11","ND","DR","Severe Storm","SEVERE STORM, TORNADOES, AND STRAIGHT-LINE WINDS","2025-06-20","2025-06-21","Oliver (County)"
4888,"2025-09-11","ND","DR","Severe Storm","SEVERE STORM, TORNADOES, AND STRAIGHT-LINE WINDS","2025-06-20","2025-06-21","Barnes (County)"
4888,"2025-09-11","ND","DR","Severe Storm","SEVERE STORM, TORNADOES, AND STRAIGHT-LINE WINDS","2025-06-20","2025-06-21","Burleigh (County)"
4890,"2025-09-11","SD","DR","Flood","SEVERE STORM AND FLOODING","2025-06-12","2025-06-16","Lake Traverse (Sisseton) Indian Reservation"
4888,"2025-09-11","ND","DR","Severe Storm","SEVERE STORM, TORNADOES, AND STRAIGHT-LINE WINDS","2025-06-20","2025-06-21","Cass (County)"
4888,"2025-09-11","ND","DR","Severe Storm","SEVERE STORM, TORNADOES, AND STRAIGHT-LINE WINDS","2025-06-20","2025-06-21","Ransom (County)"
4891,"2025-09-11","KS","DR","Severe Storm","SEVERE STORMS, STRAIGHT-LINE WINDS, TORNADOES, AND FLOODING","2025-06-03","2025-06-07","Sumner (County)"
4891,"2025-09-11","KS","DR","Severe Storm","SEVERE STORMS, STRAIGHT-LINE WINDS, TORNADOES, AND FLOODING","2025-06-03","2025-06-07","Wallace (County)"
4888,"2025-09-11","ND","DR","Severe Storm","SEVERE STORM, TORNADOES, AND STRAIGHT-LINE WINDS","2025-06-20","2025-06-21","Eddy (County)"
4891,"2025-09-11","KS","DR","Severe Storm","SEVERE STORMS, STRAIGHT-LINE WINDS, TORNADOES, AND FLOODING","2025-06-03","2025-06-07","Harper (County)"
4891,"2025-09-11","KS","DR","Severe Storm","SEVERE STORMS, STRAIGHT-LINE WINDS, TORNADOES, AND FLOODING","2025-06-03","2025-06-07","Hodgeman (County)"
4891,"2025-09-11","KS","DR","Severe Storm","SEVERE STORMS, STRAIGHT-LINE WINDS, TORNADOES, AND FLOODING","2025-06-03","2025-06-07","Franklin (County)"
4891,"2025-09-11","KS","DR","Severe Storm","SEVERE STORMS, STRAIGHT-LINE WINDS, TORNADOES, AND FLOODING","2025-06-03","2025-06-07","Morris (County)"
4891,"2025-09-11","KS","DR","Severe Storm","SEVERE STORMS, STRAIGHT-LINE WINDS, TORNADOES, AND FLOODING","2025-06-03","2025-06-07","Lyon (County)"
4891,"2025-09-11","KS","DR","Severe Storm","SEVERE STORMS, STRAIGHT-LINE WINDS, TORNADOES, AND FLOODING","2025-06-03","2025-06-07","Cowley (County)"
4891,"2025-09-11","KS","DR","Severe Storm","SEVERE STORMS, STRAIGHT-LINE WINDS, TORNADOES, AND FLOODING","2025-06-03","2025-06-07","Chase (County)"
4891,"2025-09-11","KS","DR","Severe Storm","SEVERE STORMS, STRAIGHT-LINE WINDS, TORNADOES, AND FLOODING","2025-06-03","2025-06-07","Coffey (County)"
4891,"2025-09-11","KS","DR","Severe Storm","SEVERE STORMS, STRAIGHT-LINE WINDS, TORNADOES, AND FLOODING","2025-06-03","2025-06-07","Barber (County)"
4891,"2025-09-11","KS","DR","Severe Storm","SEVERE STORMS, STRAIGHT-LINE WINDS, TORNADOES, AND FLOODING","2025-06-03","2025-06-07","Butler (County)"
4892,"2025-09-11","WI","DR","Flood","SEVERE STORMS, STRAIGHT-LINE WINDS, FLOODING, AND MUDSLIDES","2025-08-09","2025-08-12","Waukesha (County)"
4892,"2025-09-11","WI","DR","Flood","SEVERE STORMS, STRAIGHT-LINE WINDS, FLOODING, AND MUDSLIDES","2025-08-09","2025-08-12","Milwaukee (County)"
4892,"2025-09-11","WI","DR","Flood","SEVERE STORMS, STRAIGHT-LINE WINDS, FLOODING, AND MUDSLIDES","2025-08-09","2025-08-12","Washington (County)"
4891,"2025-09-11","KS","DR","Severe Storm","SEVERE STORMS, STRAIGHT-LINE WINDS, TORNADOES, AND FLOODING","2025-06-03","2025-06-07","Osage (County)"
4891,"2025-09-11","KS","DR","Severe Storm","SEVERE STORMS, STRAIGHT-LINE WINDS, TORNADOES, AND FLOODING","2025-06-03","2025-06-07","Greenwood (County)"
4891,"2025-09-11","KS","DR","Severe Storm","SEVERE STORMS, STRAIGHT-LINE WINDS, TORNADOES, AND FLOODING","2025-06-03","2025-06-07","Stanton (County)"
4889,"2025-09-11","NC","DR","Tropical Depression","TROPICAL DEPRESSION CHANTAL","2025-07-06","2025-07-07","Orange (County)"
4889,"2025-09-11","NC","DR","Tropical Depression","TROPICAL DEPRESSION CHANTAL","2025-07-06","2025-07-07","Chatham (County)"
4889,"2025-09-11","NC","DR","Tropical Depression","TROPICAL DEPRESSION CHANTAL","2025-07-06","2025-07-07","Alamance (County)"
4889,"2025-09-11","NC","DR","Tropical Depression","TROPICAL DEPRESSION CHANTAL","2025-07-06","2025-07-07","Durham (County)"
4889,"2025-09-11","NC","DR","Tropical Depression","TROPICAL DEPRESSION CHANTAL","2025-07-06","2025-07-07","Person (County)"
4889,"2025-09-11","NC","DR","Tropical Depression","TROPICAL DEPRESSION CHANTAL","2025-07-06","2025-07-07","Moore (County)"
4891,"2025-09-11","KS","DR","Severe Storm","SEVERE STORMS, STRAIGHT-LINE WINDS, TORNADOES, AND FLOODING","2025-06-03","2025-06-07","Kingman (County)"
5612,"2025-09-03","CA","FM","Fire","2-7 FIRE","2025-09-02","","Calaveras (County)"
5611,"2025-08-26","MT","FM","Fire","WINDY ROCK FIRE","2025-08-26","2025-09-19","Powell (County)"
5610,"2025-08-23","OR","FM","Fire"," FLAT FIRE ","2025-08-22","2025-09-05","Deschutes (County)"
5610,"2025-08-23","OR","FM","Fire"," FLAT FIRE ","2025-08-22","2025-09-05","Jefferson (County)"
5609,"2025-08-19","HI","FM","Fire","KUNIA ROAD FIRE","2025-08-19","2025-08-23","Honolulu (County)"
5607,"2025-08-15","ID","FM","Fire","SUNSET FIRE","2025-08-14","2025-09-01","Bonner (County)"
5608,"2025-08-15","WY","FM","Fire","RED CANYON FIRE","2025-08-15","","Hot Springs (County)"
5606,"2025-08-11","CO","FM","Fire","OAK FIRE","2025-08-10","","Archuleta (County)"
5605,"2025-08-08","CA","FM","Fire","CANYON FIRE","2025-08-07","","Los Angeles (County)"
5604,"2025-08-06","CO","FM","Fire","ELK FIRE","2025-08-02","","Rio Blanco (County)"
5603,"2025-08-06","CO","FM","Fire","LEE FIRE","2025-08-02","","Rio Blanco (County)"
5602,"2025-08-02","NV","FM","Fire","PEAVINE FIRE","2025-08-02","2025-08-04","Washoe (County)"
4882,"2025-07-22","IN","DR","Flood","SEVERE STORMS, STRAIGHT-LINE WINDS, TORNADOES, AND FLOODING","2025-03-30","2025-04-09","Switzerland (County)"
4885,"2025-07-22","MO","DR","Severe Storm","SEVERE STORMS AND FLOODING","2025-05-23","2025-05-26","Webster (County)"
4884,"2025-07-22","WV","DR","Flood","SEVERE STORMS, STRAIGHT-LINE WINDS, FLOODING, LANDSLIDES, AND MUDSLIDES","2025-06-14","2025-06-15","Ohio (County)"
4880,"2025-07-22","MI","DR","Severe Ice Storm","SEVERE WINTER STORM","2025-03-28","2025-03-30","Cheboygan (County)"
4881,"2025-07-22","OR","DR","Severe Storm","SEVERE STORMS, FLOODING, LANDSLIDES, AND MUDSLIDES","2025-03-13","2025-03-20","Douglas (County)"
4880,"2025-07-22","MI","DR","Severe Ice Storm","SEVERE WINTER STORM","2025-03-28","2025-03-30","Mackinac (County)"
4880,"2025-07-22","MI","DR","Severe Ice Storm","SEVERE WINTER STORM","2025-03-28","2025-03-30","Charlevoix (County)"
4880,"2025-07-22","MI","DR","Severe Ice Storm","SEVERE WINTER STORM","2025-03-28","2025-03-30","Presque Isle (County)"
4880,"2025-07-22","MI","DR","Severe Ice Storm","SEVERE WINTER STORM","2025-03-28","2025-03-30","Alpena (County)"
4881,"2025-07-22","OR","DR","Severe Storm","SEVERE STORMS, FLOODING, LANDSLIDES, AND MUDSLIDES","2025-03-13","2025-03-20","Josephine (County)"
4881,"2025-07-22","OR","DR","Severe Storm","SEVERE STORMS, FLOODING, LANDSLIDES, AND MUDSLIDES","2025-03-13","2025-03-20","Curry (County)"
4882,"2025-07-22","IN","DR","Flood","SEVERE STORMS, STRAIGHT-LINE WINDS, TORNADOES, AND FLOODING","2025-03-30","2025-04-09","Warrick (County)"
4882,"2025-07-22","IN","DR","Flood","SEVERE STORMS, STRAIGHT-LINE WINDS, TORNADOES, AND FLOODING","2025-03-30","2025-04-09","Washington (County)"
4882,"2025-07-22","IN","DR","Flood","SEVERE STORMS, STRAIGHT-LINE WINDS, TORNADOES, AND FLOODING","2025-03-30","2025-04-09","Vanderburgh (County)"
4881,"2025-07-22","OR","DR","Severe Storm","SEVERE STORMS, FLOODING, LANDSLIDES, AND MUDSLIDES","2025-03-13","2025-03-20","Coos (County)"
4882,"2025-07-22","IN","DR","Flood","SEVERE STORMS, STRAIGHT-LINE WINDS, TORNADOES, AND FLOODING","2025-03-30","2025-04-09","Montgomery (County)"
4880,"2025-07-22","MI","DR","Severe Ice Storm","SEVERE WINTER STORM","2025-03-28","2025-03-30","Little Traverse Bay Indian Reservation"
4882,"2025-07-22","IN","DR","Flood","SEVERE STORMS, STRAIGHT-LINE WINDS, TORNADOES, AND FLOODING","2025-03-30","2025-04-09","Morgan (County)"
4882,"2025-07-22","IN","DR","Flood","SEVERE STORMS, STRAIGHT-LINE WINDS, TORNADOES, AND FLOODING","2025-03-30","2025-04-09","Martin (County)"
4882,"2025-07-22","IN","DR","Flood","SEVERE STORMS, STRAIGHT-LINE WINDS, TORNADOES, AND FLOODING","2025-03-30","2025-04-09","Marshall (County)"
4882,"2025-07-22","IN","DR","Flood","SEVERE STORMS, STRAIGHT-LINE WINDS, TORNADOES, AND FLOODING","2025-03-30","2025-04-09","Orange (County)"
4882,"2025-07-22","IN","DR","Flood","SEVERE STORMS, STRAIGHT-LINE WINDS, TORNADOES, AND FLOODING","2025-03-30","2025-04-09","Lawrence (County)"
4882,"2025-07-22","IN","DR","Flood","SEVERE STORMS, STRAIGHT-LINE WINDS, TORNADOES, AND FLOODING","2025-03-30","2025-04-09","Madison (County)"
4882,"2025-07-22","IN","DR","Flood","SEVERE STORMS, STRAIGHT-LINE WINDS, TORNADOES, AND FLOODING","2025-03-30","2025-04-09","Franklin (County)"
4882,"2025-07-22","IN","DR","Flood","SEVERE STORMS, STRAIGHT-LINE WINDS, TORNADOES, AND FLOODING","2025-03-30","2025-04-09","Decatur (County)"
4882,"2025-07-22","IN","DR","Flood","SEVERE STORMS, STRAIGHT-LINE WINDS, TORNADOES, AND FLOODING","2025-03-30","2025-04-09","Floyd (County)"
4883,"2025-07-22","KS","DR","Severe Storm","SEVERE STORMS, STRAIGHT-LINE WINDS, TORNADOES, AND FLOODING","2025-05-18","2025-05-19","Cheyenne (County)"
4882,"2025-07-22","IN","DR","Flood","SEVERE STORMS, STRAIGHT-LINE WINDS, TORNADOES, AND FLOODING","2025-03-30","2025-04-09","Brown (County)"
4882,"2025-07-22","IN","DR","Flood","SEVERE STORMS, STRAIGHT-LINE WINDS, TORNADOES, AND FLOODING","2025-03-30","2025-04-09","Clark (County)"
4882,"2025-07-22","IN","DR","Flood","SEVERE STORMS, STRAIGHT-LINE WINDS, TORNADOES, AND FLOODING","2025-03-30","2025-04-09","Owen (County)"
4882,"2025-07-22","IN","DR","Flood","SEVERE STORMS, STRAIGHT-LINE WINDS, TORNADOES, AND FLOODING","2025-03-30","2025-04-09","Bartholomew (County)"
4882,"2025-07-22","IN","DR","Flood","SEVERE STORMS, STRAIGHT-LINE WINDS, TORNADOES, AND FLOODING","2025-03-30","2025-04-09","Clay (County)"
4883,"2025-07-22","KS","DR","Severe Storm","SEVERE STORMS, STRAIGHT-LINE WINDS, TORNADOES, AND FLOODING","2025-05-18","2025-05-19","Logan (County)"
4883,"2025-07-22","KS","DR","Severe Storm","SEVERE STORMS, STRAIGHT-LINE WINDS, TORNADOES, AND FLOODING","2025-05-18","2025-05-19","Pratt (County)"
4883,"2025-07-22","KS","DR","Severe Storm","SEVERE STORMS, STRAIGHT-LINE WINDS, TORNADOES, AND FLOODING","2025-05-18","2025-05-19","Kiowa (County)"
4883,"2025-07-22","KS","DR","Severe Storm","SEVERE STORMS, STRAIGHT-LINE WINDS, TORNADOES, AND FLOODING","2025-05-18","2025-05-19","Gove (County)"
4884,"2025-07-22","WV","DR","Flood","SEVERE STORMS, STRAIGHT-LINE WINDS, FLOODING, LANDSLIDES, AND MUDSLIDES","2025-06-14","2025-06-15","Marion (County)"
4883,"2025-07-22","KS","DR","Severe Storm","SEVERE STORMS, STRAIGHT-LINE WINDS, TORNADOES, AND FLOODING","2025-05-18","2025-05-19","Bourbon (County)"
4883,"2025-07-22","KS","DR","Severe Storm","SEVERE STORMS, STRAIGHT-LINE WINDS, TORNADOES, AND FLOODING","2025-05-18","2025-05-19","Reno (County)"
4885,"2025-07-22","MO","DR","Severe Storm","SEVERE STORMS AND FLOODING","2025-05-23","2025-05-26","Ozark (County)"
4885,"2025-07-22","MO","DR","Severe Storm","SEVERE STORMS AND FLOODING","2025-05-23","2025-05-26","Vernon (County)"
4885,"2025-07-22","MO","DR","Severe Storm","SEVERE STORMS AND FLOODING","2025-05-23","2025-05-26","Douglas (County)"
4883,"2025-07-22","KS","DR","Severe Storm","SEVERE STORMS, STRAIGHT-LINE WINDS, TORNADOES, AND FLOODING","2025-05-18","2025-05-19","Scott (County)"
4886,"2025-07-22","NM","DR","Flood","SEVERE STORMS, FLOODING, AND LANDSLIDES","2025-06-23","2025-08-05","Otero (County)"
4886,"2025-07-22","NM","DR","Flood","SEVERE STORMS, FLOODING, AND LANDSLIDES","2025-06-23","2025-08-05","Dona Ana (County)"
4886,"2025-07-22","NM","DR","Flood","SEVERE STORMS, FLOODING, AND LANDSLIDES","2025-06-23","2025-08-05","Mescalero Tribe"
4886,"2025-07-22","NM","DR","Flood","SEVERE STORMS, FLOODING, AND LANDSLIDES","2025-06-23","2025-08-05","Lincoln (County)"
4885,"2025-07-22","MO","DR","Severe Storm","SEVERE STORMS AND FLOODING","2025-05-23","2025-05-26","Dade (County)"
4883,"2025-07-22","KS","DR","Severe Storm","SEVERE STORMS, STRAIGHT-LINE WINDS, TORNADOES, AND FLOODING","2025-05-18","2025-05-19","Sheridan (County)"
4883,"2025-07-22","KS","DR","Severe Storm","SEVERE STORMS, STRAIGHT-LINE WINDS, TORNADOES, AND FLOODING","2025-05-18","2025-05-19","Stafford (County)"
4880,"2025-07-22","MI","DR","Severe Ice Storm","SEVERE WINTER STORM","2025-03-28","2025-03-30","Oscoda (County)"
4880,"2025-07-22","MI","DR","Severe Ice Storm","SEVERE WINTER STORM","2025-03-28","2025-03-30","Kalkaska (County)"
4880,"2025-07-22","MI","DR","Severe Ice Storm","SEVERE WINTER STORM","2025-03-28","2025-03-30","Antrim (County)"
4880,"2025-07-22","MI","DR","Severe Ice Storm","SEVERE WINTER STORM","2025-03-28","2025-03-30","Alcona (County)"
4882,"2025-07-22","IN","DR","Flood","SEVERE STORMS, STRAIGHT-LINE WINDS, TORNADOES, AND FLOODING","2025-03-30","2025-04-09","Jefferson (County)"
4880,"2025-07-22","MI","DR","Severe Ice Storm","SEVERE WINTER STORM","2025-03-28","2025-03-30","Crawford (County)"
4880,"2025-07-22","MI","DR","Severe Ice Storm","SEVERE WINTER STORM","2025-03-28","2025-03-30","Emmet (County)"
4882,"2025-07-22","IN","DR","Flood","SEVERE STORMS, STRAIGHT-LINE WINDS, TORNADOES, AND FLOODING","2025-03-30","2025-04-09","Warren (County)"
4882,"2025-07-22","IN","DR","Flood","SEVERE STORMS, STRAIGHT-LINE WINDS, TORNADOES, AND FLOODING","2025-03-30","2025-04-09","Harrison (County)"
4882,"2025-07-22","IN","DR","Flood","SEVERE STORMS, STRAIGHT-LINE WINDS, TORNADOES, AND FLOODING","2025-03-30","2025-04-09","Greene (County)"
4882,"2025-07-22","IN","DR","Flood","SEVERE STORMS, STRAIGHT-LINE WINDS, TORNADOES, AND FLOODING","2025-03-30","2025-04-09","Crawford (County)"
4882,"2025-07-22","IN","DR","Flood","SEVERE STORMS, STRAIGHT-LINE WINDS, TORNADOES, AND FLOODING","2025-03-30","2025-04-09","Perry (County)"
4880,"2025-07-22","MI","DR","Severe Ice Storm","SEVERE WINTER STORM","2025-03-28","2025-03-30","Otsego (County)"
4880,"2025-07-22","MI","DR","Severe Ice Storm","SEVERE WINTER STORM","2025-03-28","2025-03-30","Montmorency (County)"
4883,"2025-07-22","KS","DR","Severe Storm","SEVERE STORMS, STRAIGHT-LINE WINDS, TORNADOES, AND FLOODING","2025-05-18","2025-05-19","Edwards (County)"
5601,"2025-07-19","WA","FM","Fire","BURDOIN FIRE","2025-07-18","2025-08-03","Klickitat (County)"
5600,"2025-07-16","UT","FM","Fire","MONROE CANYON FIRE","2025-07-13","2025-08-23","Sevier (County)"
5600,"2025-07-16","UT","FM","Fire","MONROE CANYON FIRE","2025-07-13","2025-08-23","Piute (County)"
5599,"2025-07-13","OR","FM","Fire","HIGHLAND FIRE","2025-07-12","2025-07-20","Crook (County)"
5598,"2025-07-12","UT","FM","Fire","DEER CREEK FIRE","2025-07-10","2025-08-11","San Juan (County)"
3628,"2025-07-10","NM","EM","Flood","SEVERE STORMS, FLOODING, AND LANDSLIDES","2025-06-23","2025-08-05","Valencia (County)"
3628,"2025-07-10","NM","EM","Flood","SEVERE STORMS, FLOODING, AND LANDSLIDES","2025-06-23","2025-08-05","Otero (County)"
3628,"2025-07-10","NM","EM","Flood","SEVERE STORMS, FLOODING, AND LANDSLIDES","2025-06-23","2025-08-05","Lincoln (County)"
3628,"2025-07-10","NM","EM","Flood","SEVERE STORMS, FLOODING, AND LANDSLIDES","2025-06-23","2025-08-05","Chaves (County)"
5597,"2025-07-06","AK","FM","Fire","NENANA RIDGE COMPLEX","2025-07-04","2025-07-23","Fairbanks North Star (Borough)"
5597,"2025-07-06","AK","FM","Fire","NENANA RIDGE COMPLEX","2025-07-04","2025-07-23","Yukon-Koyukuk (Census Area)"
4879,"2025-07-06","TX","DR","Flood","SEVERE STORMS, STRAIGHT-LINE WINDS, AND FLOODING","2025-07-02","2025-07-18","Edwards (County)"
4879,"2025-07-06","TX","DR","Flood","SEVERE STORMS, STRAIGHT-LINE WINDS, AND FLOODING","2025-07-02","2025-07-18","Hamilton (County)"
4879,"2025-07-06","TX","DR","Flood","SEVERE STORMS, STRAIGHT-LINE WINDS, AND FLOODING","2025-07-02","2025-07-18","Concho (County)"
4879,"2025-07-06","TX","DR","Flood","SEVERE STORMS, STRAIGHT-LINE WINDS, AND FLOODING","2025-07-02","2025-07-18","San Saba (County)"
4879,"2025-07-06","TX","DR","Flood","SEVERE STORMS, STRAIGHT-LINE WINDS, AND FLOODING","2025-07-02","2025-07-18","Tom Green (County)"
4879,"2025-07-06","TX","DR","Flood","SEVERE STORMS, STRAIGHT-LINE WINDS, AND FLOODING","2025-07-02","2025-07-18","McCulloch (County)"
4879,"2025-07-06","TX","DR","Flood","SEVERE STORMS, STRAIGHT-LINE WINDS, AND FLOODING","2025-07-02","2025-07-18","Menard (County)"
4879,"2025-07-06","TX","DR","Flood","SEVERE STORMS, STRAIGHT-LINE WINDS, AND FLOODING","2025-07-02","2025-07-18","Travis (County)"
4879,"2025-07-06","TX","DR","Flood","SEVERE STORMS, STRAIGHT-LINE WINDS, AND FLOODING","2025-07-02","2025-07-18","Burnet (County)"
4879,"2025-07-06","TX","DR","Flood","SEVERE STORMS, STRAIGHT-LINE WINDS, AND FLOODING","2025-07-02","2025-07-18","Kerr (County)"
4879,"2025-07-06","TX","DR","Flood","SEVERE STORMS, STRAIGHT-LINE WINDS, AND FLOODING","2025-07-02","2025-07-18","Williamson (County)"
4879,"2025-07-06","TX","DR","Flood","SEVERE STORMS, STRAIGHT-LINE WINDS, AND FLOODING","2025-07-02","2025-07-18","Kimble (County)"
4879,"2025-07-06","TX","DR","Flood","SEVERE STORMS, STRAIGHT-LINE WINDS, AND FLOODING","2025-07-02","2025-07-18","Mason (County)"
4879,"2025-07-06","TX","DR","Flood","SEVERE STORMS, STRAIGHT-LINE WINDS, AND FLOODING","2025-07-02","2025-07-18","Schleicher (County)"
4879,"2025-07-06","TX","DR","Flood","SEVERE STORMS, STRAIGHT-LINE WINDS, AND FLOODING","2025-07-02","2025-07-18","Lampasas (County)"
4879,"2025-07-06","TX","DR","Flood","SEVERE STORMS, STRAIGHT-LINE WINDS, AND FLOODING","2025-07-02","2025-07-18","Kendall (County)"
4879,"2025-07-06","TX","DR","Flood","SEVERE STORMS, STRAIGHT-LINE WINDS, AND FLOODING","2025-07-02","2025-07-18","Llano (County)"
4879,"2025-07-06","TX","DR","Flood","SEVERE STORMS, STRAIGHT-LINE WINDS, AND FLOODING","2025-07-02","2025-07-18","Coke (County)"
4879,"2025-07-06","TX","DR","Flood","SEVERE STORMS, STRAIGHT-LINE WINDS, AND FLOODING","2025-07-02","2025-07-18","Real (County)"
4879,"2025-07-06","TX","DR","Flood","SEVERE STORMS, STRAIGHT-LINE WINDS, AND FLOODING","2025-07-02","2025-07-18","Reeves (County)"
4879,"2025-07-06","TX","DR","Flood","SEVERE STORMS, STRAIGHT-LINE WINDS, AND FLOODING","2025-07-02","2025-07-18","Sutton (County)"
4879,"2025-07-06","TX","DR","Flood","SEVERE STORMS, STRAIGHT-LINE WINDS, AND FLOODING","2025-07-02","2025-07-18","Uvalde (County)"
4879,"2025-07-06","TX","DR","Flood","SEVERE STORMS, STRAIGHT-LINE WINDS, AND FLOODING","2025-07-02","2025-07-18","Guadalupe (County)"
5596,"2025-06-23","AK","FM","Fire","HIMALAYA ROAD FIRE ","2025-06-21","2025-06-26","Fairbanks North Star (Borough)"
5595,"2025-06-23","AK","FM","Fire","BEAR CREEK FIRE ","2025-06-22","2025-07-14","Denali (Borough)"
5594,"2025-06-22","NM","FM","Fire","COTTON 2 FIRE","2025-06-22","2025-07-28","Valencia (County)"
5593,"2025-06-21","NM","FM","Fire","DESERT WILLOW FIRE COMPLEX","2025-06-21","2025-07-28","Valencia (County)"
5592,"2025-06-20","NV","FM","Fire","CONNER FIRE","2025-06-20","2025-06-24","Douglas (County)"
5591,"2025-06-20","UT","FM","Fire","FORSYTH FIRE","2025-06-19","2025-07-18","Washington (County)"
4878,"2025-06-19","TN","DR","Severe Storm","SEVERE STORMS, STRAIGHT-LINE WINDS, TORNADOES, AND FLOODING","2025-04-02","2025-04-24","Obion (County)"
4878,"2025-06-19","TN","DR","Severe Storm","SEVERE STORMS, STRAIGHT-LINE WINDS, TORNADOES, AND FLOODING","2025-04-02","2025-04-24","Hardeman (County)"
4878,"2025-06-19","TN","DR","Severe Storm","SEVERE STORMS, STRAIGHT-LINE WINDS, TORNADOES, AND FLOODING","2025-04-02","2025-04-24","Davidson (County)"
4878,"2025-06-19","TN","DR","Severe Storm","SEVERE STORMS, STRAIGHT-LINE WINDS, TORNADOES, AND FLOODING","2025-04-02","2025-04-24","Dyer (County)"
4878,"2025-06-19","TN","DR","Severe Storm","SEVERE STORMS, STRAIGHT-LINE WINDS, TORNADOES, AND FLOODING","2025-04-02","2025-04-24","Wilson (County)"
4878,"2025-06-19","TN","DR","Severe Storm","SEVERE STORMS, STRAIGHT-LINE WINDS, TORNADOES, AND FLOODING","2025-04-02","2025-04-24","Wayne (County)"
4878,"2025-06-19","TN","DR","Severe Storm","SEVERE STORMS, STRAIGHT-LINE WINDS, TORNADOES, AND FLOODING","2025-04-02","2025-04-24","Dickson (County)"
4878,"2025-06-19","TN","DR","Severe Storm","SEVERE STORMS, STRAIGHT-LINE WINDS, TORNADOES, AND FLOODING","2025-04-02","2025-04-24","Tipton (County)"
4878,"2025-06-19","TN","DR","Severe Storm","SEVERE STORMS, STRAIGHT-LINE WINDS, TORNADOES, AND FLOODING","2025-04-02","2025-04-24","Shelby (County)"
4878,"2025-06-19","TN","DR","Severe Storm","SEVERE STORMS, STRAIGHT-LINE WINDS, TORNADOES, AND FLOODING","2025-04-02","2025-04-24","Stewart (County)"
4878,"2025-06-19","TN","DR","Severe Storm","SEVERE STORMS, STRAIGHT-LINE WINDS, TORNADOES, AND FLOODING","2025-04-02","2025-04-24","Humphreys (County)"
4878,"2025-06-19","TN","DR","Severe Storm","SEVERE STORMS, STRAIGHT-LINE WINDS, TORNADOES, AND FLOODING","2025-04-02","2025-04-24","Houston (County)"
4878,"2025-06-19","TN","DR","Severe Storm","SEVERE STORMS, STRAIGHT-LINE WINDS, TORNADOES, AND FLOODING","2025-04-02","2025-04-24","Lauderdale (County)"
4878,"2025-06-19","TN","DR","Severe Storm","SEVERE STORMS, STRAIGHT-LINE WINDS, TORNADOES, AND FLOODING","2025-04-02","2025-04-24","Henry (County)"
4878,"2025-06-19","TN","DR","Severe Storm","SEVERE STORMS, STRAIGHT-LINE WINDS, TORNADOES, AND FLOODING","2025-04-02","2025-04-24","Hickman (County)"
4878,"2025-06-19","TN","DR","Severe Storm","SEVERE STORMS, STRAIGHT-LINE WINDS, TORNADOES, AND FLOODING","2025-04-02","2025-04-24","Henderson (County)"
4878,"2025-06-19","TN","DR","Severe Storm","SEVERE STORMS, STRAIGHT-LINE WINDS, TORNADOES, AND FLOODING","2025-04-02","2025-04-24","Lewis (County)"
4878,"2025-06-19","TN","DR","Severe Storm","SEVERE STORMS, STRAIGHT-LINE WINDS, TORNADOES, AND FLOODING","2025-04-02","2025-04-24","Gibson (County)"
4878,"2025-06-19","TN","DR","Severe Storm","SEVERE STORMS, STRAIGHT-LINE WINDS, TORNADOES, AND FLOODING","2025-04-02","2025-04-24","Grundy (County)"
4878,"2025-06-19","TN","DR","Severe Storm","SEVERE STORMS, STRAIGHT-LINE WINDS, TORNADOES, AND FLOODING","2025-04-02","2025-04-24","Hardin (County)"
4878,"2025-06-19","TN","DR","Severe Storm","SEVERE STORMS, STRAIGHT-LINE WINDS, TORNADOES, AND FLOODING","2025-04-02","2025-04-24","Fayette (County)"
4878,"2025-06-19","TN","DR","Severe Storm","SEVERE STORMS, STRAIGHT-LINE WINDS, TORNADOES, AND FLOODING","2025-04-02","2025-04-24","Crockett (County)"
4878,"2025-06-19","TN","DR","Severe Storm","SEVERE STORMS, STRAIGHT-LINE WINDS, TORNADOES, AND FLOODING","2025-04-02","2025-04-24","Decatur (County)"
4878,"2025-06-19","TN","DR","Severe Storm","SEVERE STORMS, STRAIGHT-LINE WINDS, TORNADOES, AND FLOODING","2025-04-02","2025-04-24","Madison (County)"
4878,"2025-06-19","TN","DR","Severe Storm","SEVERE STORMS, STRAIGHT-LINE WINDS, TORNADOES, AND FLOODING","2025-04-02","2025-04-24","Haywood (County)"
4878,"2025-06-19","TN","DR","Severe Storm","SEVERE STORMS, STRAIGHT-LINE WINDS, TORNADOES, AND FLOODING","2025-04-02","2025-04-24","Perry (County)"
4878,"2025-06-19","TN","DR","Severe Storm","SEVERE STORMS, STRAIGHT-LINE WINDS, TORNADOES, AND FLOODING","2025-04-02","2025-04-24","Carroll (County)"
4878,"2025-06-19","TN","DR","Severe Storm","SEVERE STORMS, STRAIGHT-LINE WINDS, TORNADOES, AND FLOODING","2025-04-02","2025-04-24","Montgomery (County)"
4878,"2025-06-19","TN","DR","Severe Storm","SEVERE STORMS, STRAIGHT-LINE WINDS, TORNADOES, AND FLOODING","2025-04-02","2025-04-24","Cheatham (County)"
4878,"2025-06-19","TN","DR","Severe Storm","SEVERE STORMS, STRAIGHT-LINE WINDS, TORNADOES, AND FLOODING","2025-04-02","2025-04-24","McNairy (County)"
5590,"2025-06-18","OR","FM","Fire","UPPER APPLEGATE ROAD FIRE ","2025-06-18","2025-06-21","Jackson (County)"
5589,"2025-06-17","OR","FM","Fire","ALDER SPRINGS FIRE","2025-06-16","2025-06-22","Jefferson (County)"
5588,"2025-06-16","NM","FM","Fire","TROUT FIRE","2025-06-16","2025-07-13","Grant (County)"
5587,"2025-06-11","OR","FM","Fire","ROWENA FIRE ","2025-06-11","2025-06-19","Wasco (County)"
5586,"2025-06-10","NV","FM","Fire","MARIE FIRE","2025-06-10","2025-06-12","Washoe (County)"
4877,"2025-06-09","MO","DR","Severe Storm","SEVERE STORMS, STRAIGHT-LINE WINDS, TORNADOES, AND FLOODING","2025-05-16","2025-05-16","Scott (County)"
4877,"2025-06-09","MO","DR","Severe Storm","SEVERE STORMS, STRAIGHT-LINE WINDS, TORNADOES, AND FLOODING","2025-05-16","2025-05-16","St. Louis (County)"
4876,"2025-06-09","MO","DR","Severe Storm","SEVERE STORMS, STRAIGHT-LINE WINDS, TORNADOES, AND FLOODING","2025-04-29","2025-04-29","Washington (County)"
4876,"2025-06-09","MO","DR","Severe Storm","SEVERE STORMS, STRAIGHT-LINE WINDS, TORNADOES, AND FLOODING","2025-04-29","2025-04-29","Lawrence (County)"
4876,"2025-06-09","MO","DR","Severe Storm","SEVERE STORMS, STRAIGHT-LINE WINDS, TORNADOES, AND FLOODING","2025-04-29","2025-04-29","Barry (County)"
4876,"2025-06-09","MO","DR","Severe Storm","SEVERE STORMS, STRAIGHT-LINE WINDS, TORNADOES, AND FLOODING","2025-04-29","2025-04-29","McDonald (County)"
4876,"2025-06-09","MO","DR","Severe Storm","SEVERE STORMS, STRAIGHT-LINE WINDS, TORNADOES, AND FLOODING","2025-04-29","2025-04-29","Newton (County)"
4876,"2025-06-09","MO","DR","Severe Storm","SEVERE STORMS, STRAIGHT-LINE WINDS, TORNADOES, AND FLOODING","2025-04-29","2025-04-29","Greene (County)"
4877,"2025-06-09","MO","DR","Severe Storm","SEVERE STORMS, STRAIGHT-LINE WINDS, TORNADOES, AND FLOODING","2025-05-16","2025-05-16","St. Louis"
4875,"2025-05-23","KY","DR","Severe Storm","SEVERE STORMS, STRAIGHT-LINE WINDS, AND TORNADOES","2025-05-16","2025-05-17","Union (County)"
4875,"2025-05-23","KY","DR","Severe Storm","SEVERE STORMS, STRAIGHT-LINE WINDS, AND TORNADOES","2025-05-16","2025-05-17","Whitley (County)"
4875,"2025-05-23","KY","DR","Severe Storm","SEVERE STORMS, STRAIGHT-LINE WINDS, AND TORNADOES","2025-05-16","2025-05-17","Caldwell (County)"
4875,"2025-05-23","KY","DR","Severe Storm","SEVERE STORMS, STRAIGHT-LINE WINDS, AND TORNADOES","2025-05-16","2025-05-17","Laurel (County)"
4875,"2025-05-23","KY","DR","Severe Storm","SEVERE STORMS, STRAIGHT-LINE WINDS, AND TORNADOES","2025-05-16","2025-05-17","Pulaski (County)"
4875,"2025-05-23","KY","DR","Severe Storm","SEVERE STORMS, STRAIGHT-LINE WINDS, AND TORNADOES","2025-05-16","2025-05-17","Spencer (County)"
4875,"2025-05-23","KY","DR","Severe Storm","SEVERE STORMS, STRAIGHT-LINE WINDS, AND TORNADOES","2025-05-16","2025-05-17","Todd (County)"
4875,"2025-05-23","KY","DR","Severe Storm","SEVERE STORMS, STRAIGHT-LINE WINDS, AND TORNADOES","2025-05-16","2025-05-17","Rockcastle (County)"
4875,"2025-05-23","KY","DR","Severe Storm","SEVERE STORMS, STRAIGHT-LINE WINDS, AND TORNADOES","2025-05-16","2025-05-17","Warren (County)"
4875,"2025-05-23","KY","DR","Severe Storm","SEVERE STORMS, STRAIGHT-LINE WINDS, AND TORNADOES","2025-05-16","2025-05-17","Metcalfe (County)"
4875,"2025-05-23","KY","DR","Severe Storm","SEVERE STORMS, STRAIGHT-LINE WINDS, AND TORNADOES","2025-05-16","2025-05-17","Owsley (County)"
4875,"2025-05-23","KY","DR","Severe Storm","SEVERE STORMS, STRAIGHT-LINE WINDS, AND TORNADOES","2025-05-16","2025-05-17","Russell (County)"
4875,"2025-05-23","KY","DR","Severe Storm","SEVERE STORMS, STRAIGHT-LINE WINDS, AND TORNADOES","2025-05-16","2025-05-17","Menifee (County)"
4875,"2025-05-23","KY","DR","Severe Storm","SEVERE STORMS, STRAIGHT-LINE WINDS, AND TORNADOES","2025-05-16","2025-05-17","Powell (County)"
4875,"2025-05-23","KY","DR","Severe Storm","SEVERE STORMS, STRAIGHT-LINE WINDS, AND TORNADOES","2025-05-16","2025-05-17","Larue (County)"
4875,"2025-05-23","KY","DR","Severe Storm","SEVERE STORMS, STRAIGHT-LINE WINDS, AND TORNADOES","2025-05-16","2025-05-17","Lee (County)"
4875,"2025-05-23","KY","DR","Severe Storm","SEVERE STORMS, STRAIGHT-LINE WINDS, AND TORNADOES","2025-05-16","2025-05-17","Knox (County)"
4875,"2025-05-23","KY","DR","Severe Storm","SEVERE STORMS, STRAIGHT-LINE WINDS, AND TORNADOES","2025-05-16","2025-05-17","Livingston (County)"
4875,"2025-05-23","KY","DR","Severe Storm","SEVERE STORMS, STRAIGHT-LINE WINDS, AND TORNADOES","2025-05-16","2025-05-17","Logan (County)"
4875,"2025-05-23","KY","DR","Severe Storm","SEVERE STORMS, STRAIGHT-LINE WINDS, AND TORNADOES","2025-05-16","2025-05-17","Jackson (County)"
4875,"2025-05-23","KY","DR","Severe Storm","SEVERE STORMS, STRAIGHT-LINE WINDS, AND TORNADOES","2025-05-16","2025-05-17","Knott (County)"
4875,"2025-05-23","KY","DR","Severe Storm","SEVERE STORMS, STRAIGHT-LINE WINDS, AND TORNADOES","2025-05-16","2025-05-17","Cumberland (County)"
4875,"2025-05-23","KY","DR","Severe Storm","SEVERE STORMS, STRAIGHT-LINE WINDS, AND TORNADOES","2025-05-16","2025-05-17","Clay (County)"
4875,"2025-05-23","KY","DR","Severe Storm","SEVERE STORMS, STRAIGHT-LINE WINDS, AND TORNADOES","2025-05-16","2025-05-17","Clinton (County)"
4875,"2025-05-23","KY","DR","Severe Storm","SEVERE STORMS, STRAIGHT-LINE WINDS, AND TORNADOES","2025-05-16","2025-05-17","Casey (County)"
4875,"2025-05-23","KY","DR","Severe Storm","SEVERE STORMS, STRAIGHT-LINE WINDS, AND TORNADOES","2025-05-16","2025-05-17","Carlisle (County)"
4875,"2025-05-23","KY","DR","Severe Storm","SEVERE STORMS, STRAIGHT-LINE WINDS, AND TORNADOES","2025-05-16","2025-05-17","Crittenden (County)"
4875,"2025-05-23","KY","DR","Severe Storm","SEVERE STORMS, STRAIGHT-LINE WINDS, AND TORNADOES","2025-05-16","2025-05-17","Barren (County)"
4875,"2025-05-23","KY","DR","Severe Storm","SEVERE STORMS, STRAIGHT-LINE WINDS, AND TORNADOES","2025-05-16","2025-05-17","Christian (County)"
4875,"2025-05-23","KY","DR","Severe Storm","SEVERE STORMS, STRAIGHT-LINE WINDS, AND TORNADOES","2025-05-16","2025-05-17","Adair (County)"
4875,"2025-05-23","KY","DR","Severe Storm","SEVERE STORMS, STRAIGHT-LINE WINDS, AND TORNADOES","2025-05-16","2025-05-17","Allen (County)"
4875,"2025-05-23","KY","DR","Severe Storm","SEVERE STORMS, STRAIGHT-LINE WINDS, AND TORNADOES","2025-05-16","2025-05-17","Marshall (County)"
4875,"2025-05-23","KY","DR","Severe Storm","SEVERE STORMS, STRAIGHT-LINE WINDS, AND TORNADOES","2025-05-16","2025-05-17","McCreary (County)"
4875,"2025-05-23","KY","DR","Severe Storm","SEVERE STORMS, STRAIGHT-LINE WINDS, AND TORNADOES","2025-05-16","2025-05-17","Estill (County)"
4875,"2025-05-23","KY","DR","Severe Storm","SEVERE STORMS, STRAIGHT-LINE WINDS, AND TORNADOES","2025-05-16","2025-05-17","Lyon (County)"
4875,"2025-05-23","KY","DR","Severe Storm","SEVERE STORMS, STRAIGHT-LINE WINDS, AND TORNADOES","2025-05-16","2025-05-17","Wayne (County)"
4875,"2025-05-23","KY","DR","Severe Storm","SEVERE STORMS, STRAIGHT-LINE WINDS, AND TORNADOES","2025-05-16","2025-05-17","Trigg (County)"
4875,"2025-05-23","KY","DR","Severe Storm","SEVERE STORMS, STRAIGHT-LINE WINDS, AND TORNADOES","2025-05-16","2025-05-17","Breathitt (County)"
4875,"2025-05-23","KY","DR","Severe Storm","SEVERE STORMS, STRAIGHT-LINE WINDS, AND TORNADOES","2025-05-16","2025-05-17","Butler (County)"
5585,"2025-05-22","AZ","FM","Fire","CODY FIRE","2025-05-21","2025-05-27","Pinal (County)"
4873,"2025-05-21","AR","DR","Flood","SEVERE STORMS, TORNADOES, AND FLOODING","2025-04-02","2025-04-22","Montgomery (County)"
4868,"2025-05-21","NE","DR","Winter Storm","SEVERE WINTER STORM AND STRAIGHT-LINE WINDS","2025-03-18","2025-03-19","York (County)"
4873,"2025-05-21","AR","DR","Flood","SEVERE STORMS, TORNADOES, AND FLOODING","2025-04-02","2025-04-22","Pike (County)"
4868,"2025-05-21","NE","DR","Winter Storm","SEVERE WINTER STORM AND STRAIGHT-LINE WINDS","2025-03-18","2025-03-19","Thayer (County)"
4873,"2025-05-21","AR","DR","Flood","SEVERE STORMS, TORNADOES, AND FLOODING","2025-04-02","2025-04-22","Nevada (County)"
4869,"2025-05-21","KS","DR","Severe Storm","SEVERE WINTER STORM, STRAIGHT-LINE WINDS, FLOODING, AND WILDFIRES","2025-03-14","2025-03-19","Jewell (County)"
4867,"2025-05-21","MO","DR","Severe Storm","SEVERE STORMS, STRAIGHT-LINE WINDS, TORNADOES, AND WILDFIRES","2025-03-14","2025-03-15","Stoddard (County)"
4867,"2025-05-21","MO","DR","Severe Storm","SEVERE STORMS, STRAIGHT-LINE WINDS, TORNADOES, AND WILDFIRES","2025-03-14","2025-03-15","Shannon (County)"
4867,"2025-05-21","MO","DR","Severe Storm","SEVERE STORMS, STRAIGHT-LINE WINDS, TORNADOES, AND WILDFIRES","2025-03-14","2025-03-15","New Madrid (County)"
4867,"2025-05-21","MO","DR","Severe Storm","SEVERE STORMS, STRAIGHT-LINE WINDS, TORNADOES, AND WILDFIRES","2025-03-14","2025-03-15","Madison (County)"
4869,"2025-05-21","KS","DR","Severe Storm","SEVERE WINTER STORM, STRAIGHT-LINE WINDS, FLOODING, AND WILDFIRES","2025-03-14","2025-03-19","Woodson (County)"
4867,"2025-05-21","MO","DR","Severe Storm","SEVERE STORMS, STRAIGHT-LINE WINDS, TORNADOES, AND WILDFIRES","2025-03-14","2025-03-15","Callaway (County)"
4873,"2025-05-21","AR","DR","Flood","SEVERE STORMS, TORNADOES, AND FLOODING","2025-04-02","2025-04-22","Searcy (County)"
4869,"2025-05-21","KS","DR","Severe Storm","SEVERE WINTER STORM, STRAIGHT-LINE WINDS, FLOODING, AND WILDFIRES","2025-03-14","2025-03-19","Smith (County)"
4873,"2025-05-21","AR","DR","Flood","SEVERE STORMS, TORNADOES, AND FLOODING","2025-04-02","2025-04-22","Woodruff (County)"
4873,"2025-05-21","AR","DR","Flood","SEVERE STORMS, TORNADOES, AND FLOODING","2025-04-02","2025-04-22","White (County)"
4869,"2025-05-21","KS","DR","Severe Storm","SEVERE WINTER STORM, STRAIGHT-LINE WINDS, FLOODING, AND WILDFIRES","2025-03-14","2025-03-19","Sherman (County)"
4873,"2025-05-21","AR","DR","Flood","SEVERE STORMS, TORNADOES, AND FLOODING","2025-04-02","2025-04-22","Stone (County)"
4869,"2025-05-21","KS","DR","Severe Storm","SEVERE WINTER STORM, STRAIGHT-LINE WINDS, FLOODING, AND WILDFIRES","2025-03-14","2025-03-19","Rooks (County)"
4869,"2025-05-21","KS","DR","Severe Storm","SEVERE WINTER STORM, STRAIGHT-LINE WINDS, FLOODING, AND WILDFIRES","2025-03-14","2025-03-19","Rush (County)"
4869,"2025-05-21","KS","DR","Severe Storm","SEVERE WINTER STORM, STRAIGHT-LINE WINDS, FLOODING, AND WILDFIRES","2025-03-14","2025-03-19","Rice (County)"
4869,"2025-05-21","KS","DR","Severe Storm","SEVERE WINTER STORM, STRAIGHT-LINE WINDS, FLOODING, AND WILDFIRES","2025-03-14","2025-03-19","Russell (County)"
4868,"2025-05-21","NE","DR","Winter Storm","SEVERE WINTER STORM AND STRAIGHT-LINE WINDS","2025-03-18","2025-03-19","Seward (County)"
4869,"2025-05-21","KS","DR","Severe Storm","SEVERE WINTER STORM, STRAIGHT-LINE WINDS, FLOODING, AND WILDFIRES","2025-03-14","2025-03-19","Sheridan (County)"
4866,"2025-05-21","OK","DR","Fire","WILDFIRES AND STRAIGHT-LINE WINDS","2025-03-14","2025-03-21","Logan (County)"
4869,"2025-05-21","KS","DR","Severe Storm","SEVERE WINTER STORM, STRAIGHT-LINE WINDS, FLOODING, AND WILDFIRES","2025-03-14","2025-03-19","Lincoln (County)"
4869,"2025-05-21","KS","DR","Severe Storm","SEVERE WINTER STORM, STRAIGHT-LINE WINDS, FLOODING, AND WILDFIRES","2025-03-14","2025-03-19","Chautauqua (County)"
4872,"2025-05-21","MO","DR","Severe Storm","SEVERE STORMS, STRAIGHT-LINE WINDS, TORNADOES, AND FLOODING","2025-03-30","2025-04-08","Texas (County)"
4869,"2025-05-21","KS","DR","Severe Storm","SEVERE WINTER STORM, STRAIGHT-LINE WINDS, FLOODING, AND WILDFIRES","2025-03-14","2025-03-19","Edwards (County)"
4869,"2025-05-21","KS","DR","Severe Storm","SEVERE WINTER STORM, STRAIGHT-LINE WINDS, FLOODING, AND WILDFIRES","2025-03-14","2025-03-19","Elk (County)"
4872,"2025-05-21","MO","DR","Severe Storm","SEVERE STORMS, STRAIGHT-LINE WINDS, TORNADOES, AND FLOODING","2025-03-30","2025-04-08","Vernon (County)"
4871,"2025-05-21","TX","DR","Flood","SEVERE STORMS AND FLOODING","2025-03-26","2025-03-28","Cameron (County)"
4872,"2025-05-21","MO","DR","Severe Storm","SEVERE STORMS, STRAIGHT-LINE WINDS, TORNADOES, AND FLOODING","2025-03-30","2025-04-08","Wayne (County)"
4871,"2025-05-21","TX","DR","Flood","SEVERE STORMS AND FLOODING","2025-03-26","2025-03-28","Hidalgo (County)"
4872,"2025-05-21","MO","DR","Severe Storm","SEVERE STORMS, STRAIGHT-LINE WINDS, TORNADOES, AND FLOODING","2025-03-30","2025-04-08","Stoddard (County)"
4872,"2025-05-21","MO","DR","Severe Storm","SEVERE STORMS, STRAIGHT-LINE WINDS, TORNADOES, AND FLOODING","2025-03-30","2025-04-08","Reynolds (County)"
4872,"2025-05-21","MO","DR","Severe Storm","SEVERE STORMS, STRAIGHT-LINE WINDS, TORNADOES, AND FLOODING","2025-03-30","2025-04-08","Ripley (County)"
4872,"2025-05-21","MO","DR","Severe Storm","SEVERE STORMS, STRAIGHT-LINE WINDS, TORNADOES, AND FLOODING","2025-03-30","2025-04-08","Ozark (County)"
4872,"2025-05-21","MO","DR","Severe Storm","SEVERE STORMS, STRAIGHT-LINE WINDS, TORNADOES, AND FLOODING","2025-03-30","2025-04-08","Scott (County)"
4871,"2025-05-21","TX","DR","Flood","SEVERE STORMS AND FLOODING","2025-03-26","2025-03-28","Starr (County)"
4871,"2025-05-21","TX","DR","Flood","SEVERE STORMS AND FLOODING","2025-03-26","2025-03-28","Willacy (County)"
4872,"2025-05-21","MO","DR","Severe Storm","SEVERE STORMS, STRAIGHT-LINE WINDS, TORNADOES, AND FLOODING","2025-03-30","2025-04-08","Iron (County)"
4872,"2025-05-21","MO","DR","Severe Storm","SEVERE STORMS, STRAIGHT-LINE WINDS, TORNADOES, AND FLOODING","2025-03-30","2025-04-08","Mississippi (County)"
4872,"2025-05-21","MO","DR","Severe Storm","SEVERE STORMS, STRAIGHT-LINE WINDS, TORNADOES, AND FLOODING","2025-03-30","2025-04-08","Howell (County)"
4872,"2025-05-21","MO","DR","Severe Storm","SEVERE STORMS, STRAIGHT-LINE WINDS, TORNADOES, AND FLOODING","2025-03-30","2025-04-08","New Madrid (County)"
4872,"2025-05-21","MO","DR","Severe Storm","SEVERE STORMS, STRAIGHT-LINE WINDS, TORNADOES, AND FLOODING","2025-03-30","2025-04-08","Carter (County)"
4868,"2025-05-21","NE","DR","Winter Storm","SEVERE WINTER STORM AND STRAIGHT-LINE WINDS","2025-03-18","2025-03-19","Sarpy (County)"
4874,"2025-05-21","MS","DR","Severe Storm","SEVERE STORMS, STRAIGHT-LINE WINDS, TORNADOES, AND FLOODING","2025-03-14","2025-03-15","Issaquena (County)"
4872,"2025-05-21","MO","DR","Severe Storm","SEVERE STORMS, STRAIGHT-LINE WINDS, TORNADOES, AND FLOODING","2025-03-30","2025-04-08","Dunklin (County)"
4866,"2025-05-21","OK","DR","Fire","WILDFIRES AND STRAIGHT-LINE WINDS","2025-03-14","2025-03-21","Cleveland (County)"
4872,"2025-05-21","MO","DR","Severe Storm","SEVERE STORMS, STRAIGHT-LINE WINDS, TORNADOES, AND FLOODING","2025-03-30","2025-04-08","Washington (County)"
4866,"2025-05-21","OK","DR","Fire","WILDFIRES AND STRAIGHT-LINE WINDS","2025-03-14","2025-03-21","Creek (County)"
4872,"2025-05-21","MO","DR","Severe Storm","SEVERE STORMS, STRAIGHT-LINE WINDS, TORNADOES, AND FLOODING","2025-03-30","2025-04-08","Bollinger (County)"
4869,"2025-05-21","KS","DR","Severe Storm","SEVERE WINTER STORM, STRAIGHT-LINE WINDS, FLOODING, AND WILDFIRES","2025-03-14","2025-03-19","Ness (County)"
4869,"2025-05-21","KS","DR","Severe Storm","SEVERE WINTER STORM, STRAIGHT-LINE WINDS, FLOODING, AND WILDFIRES","2025-03-14","2025-03-19","Graham (County)"
4866,"2025-05-21","OK","DR","Fire","WILDFIRES AND STRAIGHT-LINE WINDS","2025-03-14","2025-03-21","Payne (County)"
4872,"2025-05-21","MO","DR","Severe Storm","SEVERE STORMS, STRAIGHT-LINE WINDS, TORNADOES, AND FLOODING","2025-03-30","2025-04-08","Butler (County)"
4866,"2025-05-21","OK","DR","Fire","WILDFIRES AND STRAIGHT-LINE WINDS","2025-03-14","2025-03-21","Oklahoma (County)"
4872,"2025-05-21","MO","DR","Severe Storm","SEVERE STORMS, STRAIGHT-LINE WINDS, TORNADOES, AND FLOODING","2025-03-30","2025-04-08","Ste. Genevieve (County)"
4872,"2025-05-21","MO","DR","Severe Storm","SEVERE STORMS, STRAIGHT-LINE WINDS, TORNADOES, AND FLOODING","2025-03-30","2025-04-08","Maries (County)"
4872,"2025-05-21","MO","DR","Severe Storm","SEVERE STORMS, STRAIGHT-LINE WINDS, TORNADOES, AND FLOODING","2025-03-30","2025-04-08","Cape Girardeau (County)"
4872,"2025-05-21","MO","DR","Severe Storm","SEVERE STORMS, STRAIGHT-LINE WINDS, TORNADOES, AND FLOODING","2025-03-30","2025-04-08","Webster (County)"
4873,"2025-05-21","AR","DR","Flood","SEVERE STORMS, TORNADOES, AND FLOODING","2025-04-02","2025-04-22","Randolph (County)"
4873,"2025-05-21","AR","DR","Flood","SEVERE STORMS, TORNADOES, AND FLOODING","2025-04-02","2025-04-22","Pulaski (County)"
4873,"2025-05-21","AR","DR","Flood","SEVERE STORMS, TORNADOES, AND FLOODING","2025-04-02","2025-04-22","Miller (County)"
4873,"2025-05-21","AR","DR","Flood","SEVERE STORMS, TORNADOES, AND FLOODING","2025-04-02","2025-04-22","St. Francis (County)"
4873,"2025-05-21","AR","DR","Flood","SEVERE STORMS, TORNADOES, AND FLOODING","2025-04-02","2025-04-22","Hot Spring (County)"
4873,"2025-05-21","AR","DR","Flood","SEVERE STORMS, TORNADOES, AND FLOODING","2025-04-02","2025-04-22","Greene (County)"
4872,"2025-05-21","MO","DR","Severe Storm","SEVERE STORMS, STRAIGHT-LINE WINDS, TORNADOES, AND FLOODING","2025-03-30","2025-04-08","Pemiscot (County)"
4873,"2025-05-21","AR","DR","Flood","SEVERE STORMS, TORNADOES, AND FLOODING","2025-04-02","2025-04-22","Jackson (County)"
4867,"2025-05-21","MO","DR","Severe Storm","SEVERE STORMS, STRAIGHT-LINE WINDS, TORNADOES, AND WILDFIRES","2025-03-14","2025-03-15","Scott (County)"
4869,"2025-05-21","KS","DR","Severe Storm","SEVERE WINTER STORM, STRAIGHT-LINE WINDS, FLOODING, AND WILDFIRES","2025-03-14","2025-03-19","Wallace (County)"
4873,"2025-05-21","AR","DR","Flood","SEVERE STORMS, TORNADOES, AND FLOODING","2025-04-02","2025-04-22","Saline (County)"
4873,"2025-05-21","AR","DR","Flood","SEVERE STORMS, TORNADOES, AND FLOODING","2025-04-02","2025-04-22","Craighead (County)"
4873,"2025-05-21","AR","DR","Flood","SEVERE STORMS, TORNADOES, AND FLOODING","2025-04-02","2025-04-22","Crittenden (County)"
4867,"2025-05-21","MO","DR","Severe Storm","SEVERE STORMS, STRAIGHT-LINE WINDS, TORNADOES, AND WILDFIRES","2025-03-14","2025-03-15","Jefferson (County)"
4873,"2025-05-21","AR","DR","Flood","SEVERE STORMS, TORNADOES, AND FLOODING","2025-04-02","2025-04-22","Clay (County)"
4873,"2025-05-21","AR","DR","Flood","SEVERE STORMS, TORNADOES, AND FLOODING","2025-04-02","2025-04-22","Desha (County)"
4869,"2025-05-21","KS","DR","Severe Storm","SEVERE WINTER STORM, STRAIGHT-LINE WINDS, FLOODING, AND WILDFIRES","2025-03-14","2025-03-19","Stafford (County)"
4868,"2025-05-21","NE","DR","Winter Storm","SEVERE WINTER STORM AND STRAIGHT-LINE WINDS","2025-03-18","2025-03-19","Saunders (County)"
4873,"2025-05-21","AR","DR","Flood","SEVERE STORMS, TORNADOES, AND FLOODING","2025-04-02","2025-04-22","Fulton (County)"
4873,"2025-05-21","AR","DR","Flood","SEVERE STORMS, TORNADOES, AND FLOODING","2025-04-02","2025-04-22","Sharp (County)"
4873,"2025-05-21","AR","DR","Flood","SEVERE STORMS, TORNADOES, AND FLOODING","2025-04-02","2025-04-22","Prairie (County)"
4873,"2025-05-21","AR","DR","Flood","SEVERE STORMS, TORNADOES, AND FLOODING","2025-04-02","2025-04-22","Scott (County)"
4873,"2025-05-21","AR","DR","Flood","SEVERE STORMS, TORNADOES, AND FLOODING","2025-04-02","2025-04-22","Poinsett (County)"
4873,"2025-05-21","AR","DR","Flood","SEVERE STORMS, TORNADOES, AND FLOODING","2025-04-02","2025-04-22","Ouachita (County)"
4873,"2025-05-21","AR","DR","Flood","SEVERE STORMS, TORNADOES, AND FLOODING","2025-04-02","2025-04-22","Sevier (County)"
4868,"2025-05-21","NE","DR","Winter Storm","SEVERE WINTER STORM AND STRAIGHT-LINE WINDS","2025-03-18","2025-03-19","Webster (County)"
4868,"2025-05-21","NE","DR","Winter Storm","SEVERE WINTER STORM AND STRAIGHT-LINE WINDS","2025-03-18","2025-03-19","Thurston (County)"
4868,"2025-05-21","NE","DR","Winter Storm","SEVERE WINTER STORM AND STRAIGHT-LINE WINDS","2025-03-18","2025-03-19","Washington (County)"
4873,"2025-05-21","AR","DR","Flood","SEVERE STORMS, TORNADOES, AND FLOODING","2025-04-02","2025-04-22","Newton (County)"
4868,"2025-05-21","NE","DR","Winter Storm","SEVERE WINTER STORM AND STRAIGHT-LINE WINDS","2025-03-18","2025-03-19","Polk (County)"
4874,"2025-05-21","MS","DR","Severe Storm","SEVERE STORMS, STRAIGHT-LINE WINDS, TORNADOES, AND FLOODING","2025-03-14","2025-03-15","Montgomery (County)"
4874,"2025-05-21","MS","DR","Severe Storm","SEVERE STORMS, STRAIGHT-LINE WINDS, TORNADOES, AND FLOODING","2025-03-14","2025-03-15","Pike (County)"
4873,"2025-05-21","AR","DR","Flood","SEVERE STORMS, TORNADOES, AND FLOODING","2025-04-02","2025-04-22","Garland (County)"
4874,"2025-05-21","MS","DR","Severe Storm","SEVERE STORMS, STRAIGHT-LINE WINDS, TORNADOES, AND FLOODING","2025-03-14","2025-03-15","Smith (County)"
4873,"2025-05-21","AR","DR","Flood","SEVERE STORMS, TORNADOES, AND FLOODING","2025-04-02","2025-04-22","Lonoke (County)"
4873,"2025-05-21","AR","DR","Flood","SEVERE STORMS, TORNADOES, AND FLOODING","2025-04-02","2025-04-22","Monroe (County)"
4873,"2025-05-21","AR","DR","Flood","SEVERE STORMS, TORNADOES, AND FLOODING","2025-04-02","2025-04-22","Lawrence (County)"
4868,"2025-05-21","NE","DR","Winter Storm","SEVERE WINTER STORM AND STRAIGHT-LINE WINDS","2025-03-18","2025-03-19","Johnson (County)"
4873,"2025-05-21","AR","DR","Flood","SEVERE STORMS, TORNADOES, AND FLOODING","2025-04-02","2025-04-22","Little River (County)"
4873,"2025-05-21","AR","DR","Flood","SEVERE STORMS, TORNADOES, AND FLOODING","2025-04-02","2025-04-22","Clark (County)"
4874,"2025-05-21","MS","DR","Severe Storm","SEVERE STORMS, STRAIGHT-LINE WINDS, TORNADOES, AND FLOODING","2025-03-14","2025-03-15","Grenada (County)"
4872,"2025-05-21","MO","DR","Severe Storm","SEVERE STORMS, STRAIGHT-LINE WINDS, TORNADOES, AND FLOODING","2025-03-30","2025-04-08","Douglas (County)"
4874,"2025-05-21","MS","DR","Severe Storm","SEVERE STORMS, STRAIGHT-LINE WINDS, TORNADOES, AND FLOODING","2025-03-14","2025-03-15","Walthall (County)"
4873,"2025-05-21","AR","DR","Flood","SEVERE STORMS, TORNADOES, AND FLOODING","2025-04-02","2025-04-22","Cross (County)"
4868,"2025-05-21","NE","DR","Winter Storm","SEVERE WINTER STORM AND STRAIGHT-LINE WINDS","2025-03-18","2025-03-19","Platte (County)"
4873,"2025-05-21","AR","DR","Flood","SEVERE STORMS, TORNADOES, AND FLOODING","2025-04-02","2025-04-22","Dallas (County)"
4874,"2025-05-21","MS","DR","Severe Storm","SEVERE STORMS, STRAIGHT-LINE WINDS, TORNADOES, AND FLOODING","2025-03-14","2025-03-15","Marion (County)"
4868,"2025-05-21","NE","DR","Winter Storm","SEVERE WINTER STORM AND STRAIGHT-LINE WINDS","2025-03-18","2025-03-19","Saline (County)"
4874,"2025-05-21","MS","DR","Severe Storm","SEVERE STORMS, STRAIGHT-LINE WINDS, TORNADOES, AND FLOODING","2025-03-14","2025-03-15","Sharkey (County)"
4874,"2025-05-21","MS","DR","Severe Storm","SEVERE STORMS, STRAIGHT-LINE WINDS, TORNADOES, AND FLOODING","2025-03-14","2025-03-15","Covington (County)"
4873,"2025-05-21","AR","DR","Flood","SEVERE STORMS, TORNADOES, AND FLOODING","2025-04-02","2025-04-22","Marion (County)"
4868,"2025-05-21","NE","DR","Winter Storm","SEVERE WINTER STORM AND STRAIGHT-LINE WINDS","2025-03-18","2025-03-19","Nuckolls (County)"
4868,"2025-05-21","NE","DR","Winter Storm","SEVERE WINTER STORM AND STRAIGHT-LINE WINDS","2025-03-18","2025-03-19","Otoe (County)"
4873,"2025-05-21","AR","DR","Flood","SEVERE STORMS, TORNADOES, AND FLOODING","2025-04-02","2025-04-22","Hempstead (County)"
4873,"2025-05-21","AR","DR","Flood","SEVERE STORMS, TORNADOES, AND FLOODING","2025-04-02","2025-04-22","Izard (County)"
4874,"2025-05-21","MS","DR","Severe Storm","SEVERE STORMS, STRAIGHT-LINE WINDS, TORNADOES, AND FLOODING","2025-03-14","2025-03-15","Jefferson Davis (County)"
4874,"2025-05-21","MS","DR","Severe Storm","SEVERE STORMS, STRAIGHT-LINE WINDS, TORNADOES, AND FLOODING","2025-03-14","2025-03-15","Carroll (County)"
4874,"2025-05-21","MS","DR","Severe Storm","SEVERE STORMS, STRAIGHT-LINE WINDS, TORNADOES, AND FLOODING","2025-03-14","2025-03-15","Humphreys (County)"
4873,"2025-05-21","AR","DR","Flood","SEVERE STORMS, TORNADOES, AND FLOODING","2025-04-02","2025-04-22","Lee (County)"
4873,"2025-05-21","AR","DR","Flood","SEVERE STORMS, TORNADOES, AND FLOODING","2025-04-02","2025-04-22","Lafayette (County)"
4870,"2025-05-21","IA","DR","Winter Storm","SEVERE WINTER STORM","2025-03-19","2025-03-19","Monona (County)"
4870,"2025-05-21","IA","DR","Winter Storm","SEVERE WINTER STORM","2025-03-19","2025-03-19","Harrison (County)"
4870,"2025-05-21","IA","DR","Winter Storm","SEVERE WINTER STORM","2025-03-19","2025-03-19","Crawford (County)"
4867,"2025-05-21","MO","DR","Severe Storm","SEVERE STORMS, STRAIGHT-LINE WINDS, TORNADOES, AND WILDFIRES","2025-03-14","2025-03-15","Wright (County)"
4872,"2025-05-21","MO","DR","Severe Storm","SEVERE STORMS, STRAIGHT-LINE WINDS, TORNADOES, AND FLOODING","2025-03-30","2025-04-08","Madison (County)"
4874,"2025-05-21","MS","DR","Severe Storm","SEVERE STORMS, STRAIGHT-LINE WINDS, TORNADOES, AND FLOODING","2025-03-14","2025-03-15","Leflore (County)"
4867,"2025-05-21","MO","DR","Severe Storm","SEVERE STORMS, STRAIGHT-LINE WINDS, TORNADOES, AND WILDFIRES","2025-03-14","2025-03-15","St. Louis (County)"
4867,"2025-05-21","MO","DR","Severe Storm","SEVERE STORMS, STRAIGHT-LINE WINDS, TORNADOES, AND WILDFIRES","2025-03-14","2025-03-15","Webster (County)"
4867,"2025-05-21","MO","DR","Severe Storm","SEVERE STORMS, STRAIGHT-LINE WINDS, TORNADOES, AND WILDFIRES","2025-03-14","2025-03-15","Oregon (County)"
4867,"2025-05-21","MO","DR","Severe Storm","SEVERE STORMS, STRAIGHT-LINE WINDS, TORNADOES, AND WILDFIRES","2025-03-14","2025-03-15","Phelps (County)"
4867,"2025-05-21","MO","DR","Severe Storm","SEVERE STORMS, STRAIGHT-LINE WINDS, TORNADOES, AND WILDFIRES","2025-03-14","2025-03-15","Iron (County)"
4867,"2025-05-21","MO","DR","Severe Storm","SEVERE STORMS, STRAIGHT-LINE WINDS, TORNADOES, AND WILDFIRES","2025-03-14","2025-03-15","Wayne (County)"
4868,"2025-05-21","NE","DR","Winter Storm","SEVERE WINTER STORM AND STRAIGHT-LINE WINDS","2025-03-18","2025-03-19","Fillmore (County)"
4867,"2025-05-21","MO","DR","Severe Storm","SEVERE STORMS, STRAIGHT-LINE WINDS, TORNADOES, AND WILDFIRES","2025-03-14","2025-03-15","Reynolds (County)"
4868,"2025-05-21","NE","DR","Winter Storm","SEVERE WINTER STORM AND STRAIGHT-LINE WINDS","2025-03-18","2025-03-19","Dakota (County)"
4868,"2025-05-21","NE","DR","Winter Storm","SEVERE WINTER STORM AND STRAIGHT-LINE WINDS","2025-03-18","2025-03-19","Douglas (County)"
4868,"2025-05-21","NE","DR","Winter Storm","SEVERE WINTER STORM AND STRAIGHT-LINE WINDS","2025-03-18","2025-03-19","Hamilton (County)"
4868,"2025-05-21","NE","DR","Winter Storm","SEVERE WINTER STORM AND STRAIGHT-LINE WINDS","2025-03-18","2025-03-19","Cass (County)"
4867,"2025-05-21","MO","DR","Severe Storm","SEVERE STORMS, STRAIGHT-LINE WINDS, TORNADOES, AND WILDFIRES","2025-03-14","2025-03-15","Perry (County)"
4868,"2025-05-21","NE","DR","Winter Storm","SEVERE WINTER STORM AND STRAIGHT-LINE WINDS","2025-03-18","2025-03-19","Jefferson (County)"
4868,"2025-05-21","NE","DR","Winter Storm","SEVERE WINTER STORM AND STRAIGHT-LINE WINDS","2025-03-18","2025-03-19","Butler (County)"
4868,"2025-05-21","NE","DR","Winter Storm","SEVERE WINTER STORM AND STRAIGHT-LINE WINDS","2025-03-18","2025-03-19","Dodge (County)"
4868,"2025-05-21","NE","DR","Winter Storm","SEVERE WINTER STORM AND STRAIGHT-LINE WINDS","2025-03-18","2025-03-19","Clay (County)"
4868,"2025-05-21","NE","DR","Winter Storm","SEVERE WINTER STORM AND STRAIGHT-LINE WINDS","2025-03-18","2025-03-19","Colfax (County)"
4868,"2025-05-21","NE","DR","Winter Storm","SEVERE WINTER STORM AND STRAIGHT-LINE WINDS","2025-03-18","2025-03-19","Cuming (County)"
4870,"2025-05-21","IA","DR","Winter Storm","SEVERE WINTER STORM","2025-03-19","2025-03-19","Woodbury (County)"
4868,"2025-05-21","NE","DR","Winter Storm","SEVERE WINTER STORM AND STRAIGHT-LINE WINDS","2025-03-18","2025-03-19","Burt (County)"
4872,"2025-05-21","MO","DR","Severe Storm","SEVERE STORMS, STRAIGHT-LINE WINDS, TORNADOES, AND FLOODING","2025-03-30","2025-04-08","Shannon (County)"
4868,"2025-05-21","NE","DR","Winter Storm","SEVERE WINTER STORM AND STRAIGHT-LINE WINDS","2025-03-18","2025-03-19","Boone (County)"
4866,"2025-05-21","OK","DR","Fire","WILDFIRES AND STRAIGHT-LINE WINDS","2025-03-14","2025-03-21","Pawnee (County)"
4866,"2025-05-21","OK","DR","Fire","WILDFIRES AND STRAIGHT-LINE WINDS","2025-03-14","2025-03-21","Lincoln (County)"
4874,"2025-05-21","MS","DR","Severe Storm","SEVERE STORMS, STRAIGHT-LINE WINDS, TORNADOES, AND FLOODING","2025-03-14","2025-03-15","Calhoun (County)"
4867,"2025-05-21","MO","DR","Severe Storm","SEVERE STORMS, STRAIGHT-LINE WINDS, TORNADOES, AND WILDFIRES","2025-03-14","2025-03-15","Howell (County)"
4867,"2025-05-21","MO","DR","Severe Storm","SEVERE STORMS, STRAIGHT-LINE WINDS, TORNADOES, AND WILDFIRES","2025-03-14","2025-03-15","Ripley (County)"
4867,"2025-05-21","MO","DR","Severe Storm","SEVERE STORMS, STRAIGHT-LINE WINDS, TORNADOES, AND WILDFIRES","2025-03-14","2025-03-15","Ozark (County)"
4867,"2025-05-21","MO","DR","Severe Storm","SEVERE STORMS, STRAIGHT-LINE WINDS, TORNADOES, AND WILDFIRES","2025-03-14","2025-03-15","Franklin (County)"
4867,"2025-05-21","MO","DR","Severe Storm","SEVERE STORMS, STRAIGHT-LINE WINDS, TORNADOES, AND WILDFIRES","2025-03-14","2025-03-15","Bollinger (County)"
4867,"2025-05-21","MO","DR","Severe Storm","SEVERE STORMS, STRAIGHT-LINE WINDS, TORNADOES, AND WILDFIRES","2025-03-14","2025-03-15","Butler (County)"
4867,"2025-05-21","MO","DR","Severe Storm","SEVERE STORMS, STRAIGHT-LINE WINDS, TORNADOES, AND WILDFIRES","2025-03-14","2025-03-15","Carter (County)"
4867,"2025-05-21","MO","DR","Severe Storm","SEVERE STORMS, STRAIGHT-LINE WINDS, TORNADOES, AND WILDFIRES","2025-03-14","2025-03-15","Camden (County)"
4872,"2025-05-21","MO","DR","Severe Storm","SEVERE STORMS, STRAIGHT-LINE WINDS, TORNADOES, AND FLOODING","2025-03-30","2025-04-08","Oregon (County)"
4868,"2025-05-21","NE","DR","Winter Storm","SEVERE WINTER STORM AND STRAIGHT-LINE WINDS","2025-03-18","2025-03-19","Lancaster (County)"
4874,"2025-05-21","MS","DR","Severe Storm","SEVERE STORMS, STRAIGHT-LINE WINDS, TORNADOES, AND FLOODING","2025-03-14","2025-03-15","Prentiss (County)"
4874,"2025-05-21","MS","DR","Severe Storm","SEVERE STORMS, STRAIGHT-LINE WINDS, TORNADOES, AND FLOODING","2025-03-14","2025-03-15","Lee (County)"
4873,"2025-05-21","AR","DR","Flood","SEVERE STORMS, TORNADOES, AND FLOODING","2025-04-02","2025-04-22","Mississippi (County)"
4874,"2025-05-21","MS","DR","Severe Storm","SEVERE STORMS, STRAIGHT-LINE WINDS, TORNADOES, AND FLOODING","2025-03-14","2025-03-15","Itawamba (County)"
4874,"2025-05-21","MS","DR","Severe Storm","SEVERE STORMS, STRAIGHT-LINE WINDS, TORNADOES, AND FLOODING","2025-03-14","2025-03-15","Washington (County)"
4869,"2025-05-21","KS","DR","Severe Storm","SEVERE WINTER STORM, STRAIGHT-LINE WINDS, FLOODING, AND WILDFIRES","2025-03-14","2025-03-19","Barton (County)"
4869,"2025-05-21","KS","DR","Severe Storm","SEVERE WINTER STORM, STRAIGHT-LINE WINDS, FLOODING, AND WILDFIRES","2025-03-14","2025-03-19","Ellis (County)"
4869,"2025-05-21","KS","DR","Severe Storm","SEVERE WINTER STORM, STRAIGHT-LINE WINDS, FLOODING, AND WILDFIRES","2025-03-14","2025-03-19","Gove (County)"
4869,"2025-05-21","KS","DR","Severe Storm","SEVERE WINTER STORM, STRAIGHT-LINE WINDS, FLOODING, AND WILDFIRES","2025-03-14","2025-03-19","Greeley (County)"
4869,"2025-05-21","KS","DR","Severe Storm","SEVERE WINTER STORM, STRAIGHT-LINE WINDS, FLOODING, AND WILDFIRES","2025-03-14","2025-03-19","Hodgeman (County)"
4869,"2025-05-21","KS","DR","Severe Storm","SEVERE WINTER STORM, STRAIGHT-LINE WINDS, FLOODING, AND WILDFIRES","2025-03-14","2025-03-19","Gray (County)"
4869,"2025-05-21","KS","DR","Severe Storm","SEVERE WINTER STORM, STRAIGHT-LINE WINDS, FLOODING, AND WILDFIRES","2025-03-14","2025-03-19","Osborne (County)"
4872,"2025-05-21","MO","DR","Severe Storm","SEVERE STORMS, STRAIGHT-LINE WINDS, TORNADOES, AND FLOODING","2025-03-30","2025-04-08","Cooper (County)"
4869,"2025-05-21","KS","DR","Severe Storm","SEVERE WINTER STORM, STRAIGHT-LINE WINDS, FLOODING, AND WILDFIRES","2025-03-14","2025-03-19","Norton (County)"
4869,"2025-05-21","KS","DR","Severe Storm","SEVERE WINTER STORM, STRAIGHT-LINE WINDS, FLOODING, AND WILDFIRES","2025-03-14","2025-03-19","Logan (County)"
4867,"2025-05-21","MO","DR","Severe Storm","SEVERE STORMS, STRAIGHT-LINE WINDS, TORNADOES, AND WILDFIRES","2025-03-14","2025-03-15","Dunklin (County)"
4869,"2025-05-21","KS","DR","Severe Storm","SEVERE WINTER STORM, STRAIGHT-LINE WINDS, FLOODING, AND WILDFIRES","2025-03-14","2025-03-19","Pawnee (County)"
4869,"2025-05-21","KS","DR","Severe Storm","SEVERE WINTER STORM, STRAIGHT-LINE WINDS, FLOODING, AND WILDFIRES","2025-03-14","2025-03-19","Phillips (County)"
5584,"2025-05-14","AZ","FM","Fire","GREER FIRE","2025-05-14","2025-05-20","Apache (County)"
5583,"2025-05-14","MN","FM","Fire","MUNGER SHAW FIRE","2025-05-12","2025-05-20","St. Louis (County)"
4865,"2025-05-08","AR","DR","Severe Storm","SEVERE STORMS AND TORNADOES","2025-03-14","2025-03-15","Greene (County)"
4865,"2025-05-08","AR","DR","Severe Storm","SEVERE STORMS AND TORNADOES","2025-03-14","2025-03-15","Hot Spring (County)"
4865,"2025-05-08","AR","DR","Severe Storm","SEVERE STORMS AND TORNADOES","2025-03-14","2025-03-15","Stone (County)"
4865,"2025-05-08","AR","DR","Severe Storm","SEVERE STORMS AND TORNADOES","2025-03-14","2025-03-15","Lawrence (County)"
4865,"2025-05-08","AR","DR","Severe Storm","SEVERE STORMS AND TORNADOES","2025-03-14","2025-03-15","Sharp (County)"
4865,"2025-05-08","AR","DR","Severe Storm","SEVERE STORMS AND TORNADOES","2025-03-14","2025-03-15","Randolph (County)"
4865,"2025-05-08","AR","DR","Severe Storm","SEVERE STORMS AND TORNADOES","2025-03-14","2025-03-15","Independence (County)"
4865,"2025-05-08","AR","DR","Severe Storm","SEVERE STORMS AND TORNADOES","2025-03-14","2025-03-15","Izard (County)"
4865,"2025-05-08","AR","DR","Severe Storm","SEVERE STORMS AND TORNADOES","2025-03-14","2025-03-15","Jackson (County)"
5582,"2025-05-03","NC","FM","Fire","SUNSET DRIVE FIRE ","2025-05-02","","Brunswick (County)"
4864,"2025-04-24","KY","DR","Severe Storm","SEVERE STORMS, STRAIGHT-LINE WINDS, TORNADOES, FLOODING, LANDSLIDES, AND MUDSLIDES","2025-04-02","2025-05-16","Powell (County)"
4864,"2025-04-24","KY","DR","Severe Storm","SEVERE STORMS, STRAIGHT-LINE WINDS, TORNADOES, FLOODING, LANDSLIDES, AND MUDSLIDES","2025-04-02","2025-05-16","Oldham (County)"
4864,"2025-04-24","KY","DR","Severe Storm","SEVERE STORMS, STRAIGHT-LINE WINDS, TORNADOES, FLOODING, LANDSLIDES, AND MUDSLIDES","2025-04-02","2025-05-16","Jessamine (County)"
4864,"2025-04-24","KY","DR","Severe Storm","SEVERE STORMS, STRAIGHT-LINE WINDS, TORNADOES, FLOODING, LANDSLIDES, AND MUDSLIDES","2025-04-02","2025-05-16","Mercer (County)"
4864,"2025-04-24","KY","DR","Severe Storm","SEVERE STORMS, STRAIGHT-LINE WINDS, TORNADOES, FLOODING, LANDSLIDES, AND MUDSLIDES","2025-04-02","2025-05-16","Hart (County)"
4864,"2025-04-24","KY","DR","Severe Storm","SEVERE STORMS, STRAIGHT-LINE WINDS, TORNADOES, FLOODING, LANDSLIDES, AND MUDSLIDES","2025-04-02","2025-05-16","Hancock (County)"
4864,"2025-04-24","KY","DR","Severe Storm","SEVERE STORMS, STRAIGHT-LINE WINDS, TORNADOES, FLOODING, LANDSLIDES, AND MUDSLIDES","2025-04-02","2025-05-16","Henderson (County)"
4864,"2025-04-24","KY","DR","Severe Storm","SEVERE STORMS, STRAIGHT-LINE WINDS, TORNADOES, FLOODING, LANDSLIDES, AND MUDSLIDES","2025-04-02","2025-05-16","Grayson (County)"
4864,"2025-04-24","KY","DR","Severe Storm","SEVERE STORMS, STRAIGHT-LINE WINDS, TORNADOES, FLOODING, LANDSLIDES, AND MUDSLIDES","2025-04-02","2025-05-16","Simpson (County)"
4864,"2025-04-24","KY","DR","Severe Storm","SEVERE STORMS, STRAIGHT-LINE WINDS, TORNADOES, FLOODING, LANDSLIDES, AND MUDSLIDES","2025-04-02","2025-05-16","Woodford (County)"
4864,"2025-04-24","KY","DR","Severe Storm","SEVERE STORMS, STRAIGHT-LINE WINDS, TORNADOES, FLOODING, LANDSLIDES, AND MUDSLIDES","2025-04-02","2025-05-16","Henry (County)"
4864,"2025-04-24","KY","DR","Severe Storm","SEVERE STORMS, STRAIGHT-LINE WINDS, TORNADOES, FLOODING, LANDSLIDES, AND MUDSLIDES","2025-04-02","2025-05-16","Wolfe (County)"
4864,"2025-04-24","KY","DR","Severe Storm","SEVERE STORMS, STRAIGHT-LINE WINDS, TORNADOES, FLOODING, LANDSLIDES, AND MUDSLIDES","2025-04-02","2025-05-16","Butler (County)"
4864,"2025-04-24","KY","DR","Severe Storm","SEVERE STORMS, STRAIGHT-LINE WINDS, TORNADOES, FLOODING, LANDSLIDES, AND MUDSLIDES","2025-04-02","2025-05-16","Breckinridge (County)"
4864,"2025-04-24","KY","DR","Severe Storm","SEVERE STORMS, STRAIGHT-LINE WINDS, TORNADOES, FLOODING, LANDSLIDES, AND MUDSLIDES","2025-04-02","2025-05-16","Todd (County)"
4864,"2025-04-24","KY","DR","Severe Storm","SEVERE STORMS, STRAIGHT-LINE WINDS, TORNADOES, FLOODING, LANDSLIDES, AND MUDSLIDES","2025-04-02","2025-05-16","Bullitt (County)"
4864,"2025-04-24","KY","DR","Severe Storm","SEVERE STORMS, STRAIGHT-LINE WINDS, TORNADOES, FLOODING, LANDSLIDES, AND MUDSLIDES","2025-04-02","2025-05-16","Hopkins (County)"
4864,"2025-04-24","KY","DR","Severe Storm","SEVERE STORMS, STRAIGHT-LINE WINDS, TORNADOES, FLOODING, LANDSLIDES, AND MUDSLIDES","2025-04-02","2025-05-16","Jefferson (County)"
4864,"2025-04-24","KY","DR","Severe Storm","SEVERE STORMS, STRAIGHT-LINE WINDS, TORNADOES, FLOODING, LANDSLIDES, AND MUDSLIDES","2025-04-02","2025-05-16","Garrard (County)"
4864,"2025-04-24","KY","DR","Severe Storm","SEVERE STORMS, STRAIGHT-LINE WINDS, TORNADOES, FLOODING, LANDSLIDES, AND MUDSLIDES","2025-04-02","2025-05-16","Meade (County)"
4864,"2025-04-24","KY","DR","Severe Storm","SEVERE STORMS, STRAIGHT-LINE WINDS, TORNADOES, FLOODING, LANDSLIDES, AND MUDSLIDES","2025-04-02","2025-05-16","Franklin (County)"
4864,"2025-04-24","KY","DR","Severe Storm","SEVERE STORMS, STRAIGHT-LINE WINDS, TORNADOES, FLOODING, LANDSLIDES, AND MUDSLIDES","2025-04-02","2025-05-16","Muhlenberg (County)"
4864,"2025-04-24","KY","DR","Severe Storm","SEVERE STORMS, STRAIGHT-LINE WINDS, TORNADOES, FLOODING, LANDSLIDES, AND MUDSLIDES","2025-04-02","2025-05-16","Larue (County)"
4864,"2025-04-24","KY","DR","Severe Storm","SEVERE STORMS, STRAIGHT-LINE WINDS, TORNADOES, FLOODING, LANDSLIDES, AND MUDSLIDES","2025-04-02","2025-05-16","Pendleton (County)"
4864,"2025-04-24","KY","DR","Severe Storm","SEVERE STORMS, STRAIGHT-LINE WINDS, TORNADOES, FLOODING, LANDSLIDES, AND MUDSLIDES","2025-04-02","2025-05-16","Nelson (County)"
4864,"2025-04-24","KY","DR","Severe Storm","SEVERE STORMS, STRAIGHT-LINE WINDS, TORNADOES, FLOODING, LANDSLIDES, AND MUDSLIDES","2025-04-02","2025-05-16","McCracken (County)"
4864,"2025-04-24","KY","DR","Severe Storm","SEVERE STORMS, STRAIGHT-LINE WINDS, TORNADOES, FLOODING, LANDSLIDES, AND MUDSLIDES","2025-04-02","2025-05-16","Ohio (County)"
4864,"2025-04-24","KY","DR","Severe Storm","SEVERE STORMS, STRAIGHT-LINE WINDS, TORNADOES, FLOODING, LANDSLIDES, AND MUDSLIDES","2025-04-02","2025-05-16","Webster (County)"
4864,"2025-04-24","KY","DR","Severe Storm","SEVERE STORMS, STRAIGHT-LINE WINDS, TORNADOES, FLOODING, LANDSLIDES, AND MUDSLIDES","2025-04-02","2025-05-16","Estill (County)"
4864,"2025-04-24","KY","DR","Severe Storm","SEVERE STORMS, STRAIGHT-LINE WINDS, TORNADOES, FLOODING, LANDSLIDES, AND MUDSLIDES","2025-04-02","2025-05-16","Floyd (County)"
4864,"2025-04-24","KY","DR","Severe Storm","SEVERE STORMS, STRAIGHT-LINE WINDS, TORNADOES, FLOODING, LANDSLIDES, AND MUDSLIDES","2025-04-02","2025-05-16","Monroe (County)"
4864,"2025-04-24","KY","DR","Severe Storm","SEVERE STORMS, STRAIGHT-LINE WINDS, TORNADOES, FLOODING, LANDSLIDES, AND MUDSLIDES","2025-04-02","2025-05-16","Caldwell (County)"
4864,"2025-04-24","KY","DR","Severe Storm","SEVERE STORMS, STRAIGHT-LINE WINDS, TORNADOES, FLOODING, LANDSLIDES, AND MUDSLIDES","2025-04-02","2025-05-16","Campbell (County)"
4864,"2025-04-24","KY","DR","Severe Storm","SEVERE STORMS, STRAIGHT-LINE WINDS, TORNADOES, FLOODING, LANDSLIDES, AND MUDSLIDES","2025-04-02","2025-05-16","Metcalfe (County)"
4864,"2025-04-24","KY","DR","Severe Storm","SEVERE STORMS, STRAIGHT-LINE WINDS, TORNADOES, FLOODING, LANDSLIDES, AND MUDSLIDES","2025-04-02","2025-05-16","Bracken (County)"
4864,"2025-04-24","KY","DR","Severe Storm","SEVERE STORMS, STRAIGHT-LINE WINDS, TORNADOES, FLOODING, LANDSLIDES, AND MUDSLIDES","2025-04-02","2025-05-16","Green (County)"
4864,"2025-04-24","KY","DR","Severe Storm","SEVERE STORMS, STRAIGHT-LINE WINDS, TORNADOES, FLOODING, LANDSLIDES, AND MUDSLIDES","2025-04-02","2025-05-16","Jackson (County)"
4864,"2025-04-24","KY","DR","Severe Storm","SEVERE STORMS, STRAIGHT-LINE WINDS, TORNADOES, FLOODING, LANDSLIDES, AND MUDSLIDES","2025-04-02","2025-05-16","Johnson (County)"
4864,"2025-04-24","KY","DR","Severe Storm","SEVERE STORMS, STRAIGHT-LINE WINDS, TORNADOES, FLOODING, LANDSLIDES, AND MUDSLIDES","2025-04-02","2025-05-16","Carlisle (County)"
4864,"2025-04-24","KY","DR","Severe Storm","SEVERE STORMS, STRAIGHT-LINE WINDS, TORNADOES, FLOODING, LANDSLIDES, AND MUDSLIDES","2025-04-02","2025-05-16","Marion (County)"
4864,"2025-04-24","KY","DR","Severe Storm","SEVERE STORMS, STRAIGHT-LINE WINDS, TORNADOES, FLOODING, LANDSLIDES, AND MUDSLIDES","2025-04-02","2025-05-16","Leslie (County)"
4864,"2025-04-24","KY","DR","Severe Storm","SEVERE STORMS, STRAIGHT-LINE WINDS, TORNADOES, FLOODING, LANDSLIDES, AND MUDSLIDES","2025-04-02","2025-05-16","Logan (County)"
5581,"2025-04-24","NJ","FM","Fire","JONES ROAD FIRE","2025-04-22","","Ocean (County)"
4864,"2025-04-24","KY","DR","Severe Storm","SEVERE STORMS, STRAIGHT-LINE WINDS, TORNADOES, FLOODING, LANDSLIDES, AND MUDSLIDES","2025-04-02","2025-05-16","Allen (County)"
4864,"2025-04-24","KY","DR","Severe Storm","SEVERE STORMS, STRAIGHT-LINE WINDS, TORNADOES, FLOODING, LANDSLIDES, AND MUDSLIDES","2025-04-02","2025-05-16","Warren (County)"
4864,"2025-04-24","KY","DR","Severe Storm","SEVERE STORMS, STRAIGHT-LINE WINDS, TORNADOES, FLOODING, LANDSLIDES, AND MUDSLIDES","2025-04-02","2025-05-16","Carter (County)"
4864,"2025-04-24","KY","DR","Severe Storm","SEVERE STORMS, STRAIGHT-LINE WINDS, TORNADOES, FLOODING, LANDSLIDES, AND MUDSLIDES","2025-04-02","2025-05-16","Greenup (County)"
4864,"2025-04-24","KY","DR","Severe Storm","SEVERE STORMS, STRAIGHT-LINE WINDS, TORNADOES, FLOODING, LANDSLIDES, AND MUDSLIDES","2025-04-02","2025-05-16","Fulton (County)"
4864,"2025-04-24","KY","DR","Severe Storm","SEVERE STORMS, STRAIGHT-LINE WINDS, TORNADOES, FLOODING, LANDSLIDES, AND MUDSLIDES","2025-04-02","2025-05-16","Trimble (County)"
4864,"2025-04-24","KY","DR","Severe Storm","SEVERE STORMS, STRAIGHT-LINE WINDS, TORNADOES, FLOODING, LANDSLIDES, AND MUDSLIDES","2025-04-02","2025-05-16","Owen (County)"
4864,"2025-04-24","KY","DR","Severe Storm","SEVERE STORMS, STRAIGHT-LINE WINDS, TORNADOES, FLOODING, LANDSLIDES, AND MUDSLIDES","2025-04-02","2025-05-16","Lincoln (County)"
4864,"2025-04-24","KY","DR","Severe Storm","SEVERE STORMS, STRAIGHT-LINE WINDS, TORNADOES, FLOODING, LANDSLIDES, AND MUDSLIDES","2025-04-02","2025-05-16","Hardin (County)"
4864,"2025-04-24","KY","DR","Severe Storm","SEVERE STORMS, STRAIGHT-LINE WINDS, TORNADOES, FLOODING, LANDSLIDES, AND MUDSLIDES","2025-04-02","2025-05-16","McLean (County)"
4864,"2025-04-24","KY","DR","Severe Storm","SEVERE STORMS, STRAIGHT-LINE WINDS, TORNADOES, FLOODING, LANDSLIDES, AND MUDSLIDES","2025-04-02","2025-05-16","Calloway (County)"
4864,"2025-04-24","KY","DR","Severe Storm","SEVERE STORMS, STRAIGHT-LINE WINDS, TORNADOES, FLOODING, LANDSLIDES, AND MUDSLIDES","2025-04-02","2025-05-16","Carroll (County)"
4864,"2025-04-24","KY","DR","Severe Storm","SEVERE STORMS, STRAIGHT-LINE WINDS, TORNADOES, FLOODING, LANDSLIDES, AND MUDSLIDES","2025-04-02","2025-05-16","Anderson (County)"
4864,"2025-04-24","KY","DR","Severe Storm","SEVERE STORMS, STRAIGHT-LINE WINDS, TORNADOES, FLOODING, LANDSLIDES, AND MUDSLIDES","2025-04-02","2025-05-16","Union (County)"
4864,"2025-04-24","KY","DR","Severe Storm","SEVERE STORMS, STRAIGHT-LINE WINDS, TORNADOES, FLOODING, LANDSLIDES, AND MUDSLIDES","2025-04-02","2025-05-16","Christian (County)"
4864,"2025-04-24","KY","DR","Severe Storm","SEVERE STORMS, STRAIGHT-LINE WINDS, TORNADOES, FLOODING, LANDSLIDES, AND MUDSLIDES","2025-04-02","2025-05-16","Spencer (County)"
4864,"2025-04-24","KY","DR","Severe Storm","SEVERE STORMS, STRAIGHT-LINE WINDS, TORNADOES, FLOODING, LANDSLIDES, AND MUDSLIDES","2025-04-02","2025-05-16","Washington (County)"
4864,"2025-04-24","KY","DR","Severe Storm","SEVERE STORMS, STRAIGHT-LINE WINDS, TORNADOES, FLOODING, LANDSLIDES, AND MUDSLIDES","2025-04-02","2025-05-16","Perry (County)"
4864,"2025-04-24","KY","DR","Severe Storm","SEVERE STORMS, STRAIGHT-LINE WINDS, TORNADOES, FLOODING, LANDSLIDES, AND MUDSLIDES","2025-04-02","2025-05-16","Robertson (County)"
4864,"2025-04-24","KY","DR","Severe Storm","SEVERE STORMS, STRAIGHT-LINE WINDS, TORNADOES, FLOODING, LANDSLIDES, AND MUDSLIDES","2025-04-02","2025-05-16","Clark (County)"
4864,"2025-04-24","KY","DR","Severe Storm","SEVERE STORMS, STRAIGHT-LINE WINDS, TORNADOES, FLOODING, LANDSLIDES, AND MUDSLIDES","2025-04-02","2025-05-16","Rockcastle (County)"
4864,"2025-04-24","KY","DR","Severe Storm","SEVERE STORMS, STRAIGHT-LINE WINDS, TORNADOES, FLOODING, LANDSLIDES, AND MUDSLIDES","2025-04-02","2025-05-16","Nicholas (County)"
4864,"2025-04-24","KY","DR","Severe Storm","SEVERE STORMS, STRAIGHT-LINE WINDS, TORNADOES, FLOODING, LANDSLIDES, AND MUDSLIDES","2025-04-02","2025-05-16","Marshall (County)"
4864,"2025-04-24","KY","DR","Severe Storm","SEVERE STORMS, STRAIGHT-LINE WINDS, TORNADOES, FLOODING, LANDSLIDES, AND MUDSLIDES","2025-04-02","2025-05-16","Martin (County)"
4864,"2025-04-24","KY","DR","Severe Storm","SEVERE STORMS, STRAIGHT-LINE WINDS, TORNADOES, FLOODING, LANDSLIDES, AND MUDSLIDES","2025-04-02","2025-05-16","Madison (County)"
4864,"2025-04-24","KY","DR","Severe Storm","SEVERE STORMS, STRAIGHT-LINE WINDS, TORNADOES, FLOODING, LANDSLIDES, AND MUDSLIDES","2025-04-02","2025-05-16","Lewis (County)"
4864,"2025-04-24","KY","DR","Severe Storm","SEVERE STORMS, STRAIGHT-LINE WINDS, TORNADOES, FLOODING, LANDSLIDES, AND MUDSLIDES","2025-04-02","2025-05-16","Magoffin (County)"
4864,"2025-04-24","KY","DR","Severe Storm","SEVERE STORMS, STRAIGHT-LINE WINDS, TORNADOES, FLOODING, LANDSLIDES, AND MUDSLIDES","2025-04-02","2025-05-16","Kenton (County)"
4864,"2025-04-24","KY","DR","Severe Storm","SEVERE STORMS, STRAIGHT-LINE WINDS, TORNADOES, FLOODING, LANDSLIDES, AND MUDSLIDES","2025-04-02","2025-05-16","Harrison (County)"
4864,"2025-04-24","KY","DR","Severe Storm","SEVERE STORMS, STRAIGHT-LINE WINDS, TORNADOES, FLOODING, LANDSLIDES, AND MUDSLIDES","2025-04-02","2025-05-16","Lawrence (County)"
4864,"2025-04-24","KY","DR","Severe Storm","SEVERE STORMS, STRAIGHT-LINE WINDS, TORNADOES, FLOODING, LANDSLIDES, AND MUDSLIDES","2025-04-02","2025-05-16","Gallatin (County)"
4864,"2025-04-24","KY","DR","Severe Storm","SEVERE STORMS, STRAIGHT-LINE WINDS, TORNADOES, FLOODING, LANDSLIDES, AND MUDSLIDES","2025-04-02","2025-05-16","Graves (County)"
4864,"2025-04-24","KY","DR","Severe Storm","SEVERE STORMS, STRAIGHT-LINE WINDS, TORNADOES, FLOODING, LANDSLIDES, AND MUDSLIDES","2025-04-02","2025-05-16","Lee (County)"
4864,"2025-04-24","KY","DR","Severe Storm","SEVERE STORMS, STRAIGHT-LINE WINDS, TORNADOES, FLOODING, LANDSLIDES, AND MUDSLIDES","2025-04-02","2025-05-16","Casey (County)"
4864,"2025-04-24","KY","DR","Severe Storm","SEVERE STORMS, STRAIGHT-LINE WINDS, TORNADOES, FLOODING, LANDSLIDES, AND MUDSLIDES","2025-04-02","2025-05-16","Breathitt (County)"
4864,"2025-04-24","KY","DR","Severe Storm","SEVERE STORMS, STRAIGHT-LINE WINDS, TORNADOES, FLOODING, LANDSLIDES, AND MUDSLIDES","2025-04-02","2025-05-16","Clay (County)"
4864,"2025-04-24","KY","DR","Severe Storm","SEVERE STORMS, STRAIGHT-LINE WINDS, TORNADOES, FLOODING, LANDSLIDES, AND MUDSLIDES","2025-04-02","2025-05-16","Ballard (County)"
4864,"2025-04-24","KY","DR","Severe Storm","SEVERE STORMS, STRAIGHT-LINE WINDS, TORNADOES, FLOODING, LANDSLIDES, AND MUDSLIDES","2025-04-02","2025-05-16","Crittenden (County)"
4864,"2025-04-24","KY","DR","Severe Storm","SEVERE STORMS, STRAIGHT-LINE WINDS, TORNADOES, FLOODING, LANDSLIDES, AND MUDSLIDES","2025-04-02","2025-05-16","Barren (County)"
4864,"2025-04-24","KY","DR","Severe Storm","SEVERE STORMS, STRAIGHT-LINE WINDS, TORNADOES, FLOODING, LANDSLIDES, AND MUDSLIDES","2025-04-02","2025-05-16","Edmonson (County)"
4864,"2025-04-24","KY","DR","Severe Storm","SEVERE STORMS, STRAIGHT-LINE WINDS, TORNADOES, FLOODING, LANDSLIDES, AND MUDSLIDES","2025-04-02","2025-05-16","Elliott (County)"
4864,"2025-04-24","KY","DR","Severe Storm","SEVERE STORMS, STRAIGHT-LINE WINDS, TORNADOES, FLOODING, LANDSLIDES, AND MUDSLIDES","2025-04-02","2025-05-16","Livingston (County)"
4864,"2025-04-24","KY","DR","Severe Storm","SEVERE STORMS, STRAIGHT-LINE WINDS, TORNADOES, FLOODING, LANDSLIDES, AND MUDSLIDES","2025-04-02","2025-05-16","Daviess (County)"
4864,"2025-04-24","KY","DR","Severe Storm","SEVERE STORMS, STRAIGHT-LINE WINDS, TORNADOES, FLOODING, LANDSLIDES, AND MUDSLIDES","2025-04-02","2025-05-16","Hickman (County)"
4864,"2025-04-24","KY","DR","Severe Storm","SEVERE STORMS, STRAIGHT-LINE WINDS, TORNADOES, FLOODING, LANDSLIDES, AND MUDSLIDES","2025-04-02","2025-05-16","Morgan (County)"
4864,"2025-04-24","KY","DR","Severe Storm","SEVERE STORMS, STRAIGHT-LINE WINDS, TORNADOES, FLOODING, LANDSLIDES, AND MUDSLIDES","2025-04-02","2025-05-16","Owsley (County)"
4864,"2025-04-24","KY","DR","Severe Storm","SEVERE STORMS, STRAIGHT-LINE WINDS, TORNADOES, FLOODING, LANDSLIDES, AND MUDSLIDES","2025-04-02","2025-05-16","Trigg (County)"
4864,"2025-04-24","KY","DR","Severe Storm","SEVERE STORMS, STRAIGHT-LINE WINDS, TORNADOES, FLOODING, LANDSLIDES, AND MUDSLIDES","2025-04-02","2025-05-16","Taylor (County)"
4864,"2025-04-24","KY","DR","Severe Storm","SEVERE STORMS, STRAIGHT-LINE WINDS, TORNADOES, FLOODING, LANDSLIDES, AND MUDSLIDES","2025-04-02","2025-05-16","Lyon (County)"
5580,"2025-04-20","NC","FM","Fire","SAM DAVIS ROAD FIRE","2025-04-18","","Swain (County)"
5579,"2025-04-18","NM","FM","Fire","RIO GRANDE FIRE","2025-04-17","","Valencia (County)"
3627,"2025-04-05","AR","EM","Severe Storm","SEVERE STORMS, TORNADOES, AND FLOODING","2025-04-02","2025-04-22","Monroe (County)"
3627,"2025-04-05","AR","EM","Severe Storm","SEVERE STORMS, TORNADOES, AND FLOODING","2025-04-02","2025-04-22","Yell (County)"
3627,"2025-04-05","AR","EM","Severe Storm","SEVERE STORMS, TORNADOES, AND FLOODING","2025-04-02","2025-04-22","Columbia (County)"
3627,"2025-04-05","AR","EM","Severe Storm","SEVERE STORMS, TORNADOES, AND FLOODING","2025-04-02","2025-04-22","Independence (County)"
3627,"2025-04-05","AR","EM","Severe Storm","SEVERE STORMS, TORNADOES, AND FLOODING","2025-04-02","2025-04-22","Howard (County)"
3627,"2025-04-05","AR","EM","Severe Storm","SEVERE STORMS, TORNADOES, AND FLOODING","2025-04-02","2025-04-22","Johnson (County)"
3627,"2025-04-05","AR","EM","Severe Storm","SEVERE STORMS, TORNADOES, AND FLOODING","2025-04-02","2025-04-22","Jackson (County)"
3627,"2025-04-05","AR","EM","Severe Storm","SEVERE STORMS, TORNADOES, AND FLOODING","2025-04-02","2025-04-22","Garland (County)"
3627,"2025-04-05","AR","EM","Severe Storm","SEVERE STORMS, TORNADOES, AND FLOODING","2025-04-02","2025-04-22","Izard (County)"
3627,"2025-04-05","AR","EM","Severe Storm","SEVERE STORMS, TORNADOES, AND FLOODING","2025-04-02","2025-04-22","Franklin (County)"
3627,"2025-04-05","AR","EM","Severe Storm","SEVERE STORMS, TORNADOES, AND FLOODING","2025-04-02","2025-04-22","Lonoke (County)"
3627,"2025-04-05","AR","EM","Severe Storm","SEVERE STORMS, TORNADOES, AND FLOODING","2025-04-02","2025-04-22","Greene (County)"
3627,"2025-04-05","AR","EM","Severe Storm","SEVERE STORMS, TORNADOES, AND FLOODING","2025-04-02","2025-04-22","Hot Spring (County)"
3627,"2025-04-05","AR","EM","Severe Storm","SEVERE STORMS, TORNADOES, AND FLOODING","2025-04-02","2025-04-22","Fulton (County)"
3627,"2025-04-05","AR","EM","Severe Storm","SEVERE STORMS, TORNADOES, AND FLOODING","2025-04-02","2025-04-22","Logan (County)"
3627,"2025-04-05","AR","EM","Severe Storm","SEVERE STORMS, TORNADOES, AND FLOODING","2025-04-02","2025-04-22","Montgomery (County)"
3627,"2025-04-05","AR","EM","Severe Storm","SEVERE STORMS, TORNADOES, AND FLOODING","2025-04-02","2025-04-22","Jefferson (County)"
3627,"2025-04-05","AR","EM","Severe Storm","SEVERE STORMS, TORNADOES, AND FLOODING","2025-04-02","2025-04-22","Lee (County)"
3627,"2025-04-05","AR","EM","Severe Storm","SEVERE STORMS, TORNADOES, AND FLOODING","2025-04-02","2025-04-22","Marion (County)"
3627,"2025-04-05","AR","EM","Severe Storm","SEVERE STORMS, TORNADOES, AND FLOODING","2025-04-02","2025-04-22","Mississippi (County)"
3627,"2025-04-05","AR","EM","Severe Storm","SEVERE STORMS, TORNADOES, AND FLOODING","2025-04-02","2025-04-22","Miller (County)"
3627,"2025-04-05","AR","EM","Severe Storm","SEVERE STORMS, TORNADOES, AND FLOODING","2025-04-02","2025-04-22","Cleveland (County)"
3627,"2025-04-05","AR","EM","Severe Storm","SEVERE STORMS, TORNADOES, AND FLOODING","2025-04-02","2025-04-22","Clark (County)"
3627,"2025-04-05","AR","EM","Severe Storm","SEVERE STORMS, TORNADOES, AND FLOODING","2025-04-02","2025-04-22","Baxter (County)"
3627,"2025-04-05","AR","EM","Severe Storm","SEVERE STORMS, TORNADOES, AND FLOODING","2025-04-02","2025-04-22","Chicot (County)"
3627,"2025-04-05","AR","EM","Severe Storm","SEVERE STORMS, TORNADOES, AND FLOODING","2025-04-02","2025-04-22","Calhoun (County)"
3627,"2025-04-05","AR","EM","Severe Storm","SEVERE STORMS, TORNADOES, AND FLOODING","2025-04-02","2025-04-22","Bradley (County)"
3627,"2025-04-05","AR","EM","Severe Storm","SEVERE STORMS, TORNADOES, AND FLOODING","2025-04-02","2025-04-22","Ashley (County)"
3627,"2025-04-05","AR","EM","Severe Storm","SEVERE STORMS, TORNADOES, AND FLOODING","2025-04-02","2025-04-22","Stone (County)"
3627,"2025-04-05","AR","EM","Severe Storm","SEVERE STORMS, TORNADOES, AND FLOODING","2025-04-02","2025-04-22","Union (County)"
3627,"2025-04-05","AR","EM","Severe Storm","SEVERE STORMS, TORNADOES, AND FLOODING","2025-04-02","2025-04-22","Sebastian (County)"
3627,"2025-04-05","AR","EM","Severe Storm","SEVERE STORMS, TORNADOES, AND FLOODING","2025-04-02","2025-04-22","Scott (County)"
3627,"2025-04-05","AR","EM","Severe Storm","SEVERE STORMS, TORNADOES, AND FLOODING","2025-04-02","2025-04-22","Sevier (County)"
3627,"2025-04-05","AR","EM","Severe Storm","SEVERE STORMS, TORNADOES, AND FLOODING","2025-04-02","2025-04-22","Van Buren (County)"
3627,"2025-04-05","AR","EM","Severe Storm","SEVERE STORMS, TORNADOES, AND FLOODING","2025-04-02","2025-04-22","Sharp (County)"
3627,"2025-04-05","AR","EM","Severe Storm","SEVERE STORMS, TORNADOES, AND FLOODING","2025-04-02","2025-04-22","Prairie (County)"
3627,"2025-04-05","AR","EM","Severe Storm","SEVERE STORMS, TORNADOES, AND FLOODING","2025-04-02","2025-04-22","White (County)"
3627,"2025-04-05","AR","EM","Severe Storm","SEVERE STORMS, TORNADOES, AND FLOODING","2025-04-02","2025-04-22","Woodruff (County)"
3627,"2025-04-05","AR","EM","Severe Storm","SEVERE STORMS, TORNADOES, AND FLOODING","2025-04-02","2025-04-22","Washington (County)"
3627,"2025-04-05","AR","EM","Severe Storm","SEVERE STORMS, TORNADOES, AND FLOODING","2025-04-02","2025-04-22","Pike (County)"
3627,"2025-04-05","AR","EM","Severe Storm","SEVERE STORMS, TORNADOES, AND FLOODING","2025-04-02","2025-04-22","Poinsett (County)"
3627,"2025-04-05","AR","EM","Severe Storm","SEVERE STORMS, TORNADOES, AND FLOODING","2025-04-02","2025-04-22","Ouachita (County)"
3627,"2025-04-05","AR","EM","Severe Storm","SEVERE STORMS, TORNADOES, AND FLOODING","2025-04-02","2025-04-22","Perry (County)"
3627,"2025-04-05","AR","EM","Severe Storm","SEVERE STORMS, TORNADOES, AND FLOODING","2025-04-02","2025-04-22","Phillips (County)"
3627,"2025-04-05","AR","EM","Severe Storm","SEVERE STORMS, TORNADOES, AND FLOODING","2025-04-02","2025-04-22","Nevada (County)"
3627,"2025-04-05","AR","EM","Severe Storm","SEVERE STORMS, TORNADOES, AND FLOODING","2025-04-02","2025-04-22","Polk (County)"
3627,"2025-04-05","AR","EM","Severe Storm","SEVERE STORMS, TORNADOES, AND FLOODING","2025-04-02","2025-04-22","Newton (County)"
3627,"2025-04-05","AR","EM","Severe Storm","SEVERE STORMS, TORNADOES, AND FLOODING","2025-04-02","2025-04-22","Dallas (County)"
3627,"2025-04-05","AR","EM","Severe Storm","SEVERE STORMS, TORNADOES, AND FLOODING","2025-04-02","2025-04-22","Crittenden (County)"
3627,"2025-04-05","AR","EM","Severe Storm","SEVERE STORMS, TORNADOES, AND FLOODING","2025-04-02","2025-04-22","Cross (County)"
3627,"2025-04-05","AR","EM","Severe Storm","SEVERE STORMS, TORNADOES, AND FLOODING","2025-04-02","2025-04-22","Conway (County)"
3627,"2025-04-05","AR","EM","Severe Storm","SEVERE STORMS, TORNADOES, AND FLOODING","2025-04-02","2025-04-22","Craighead (County)"
3627,"2025-04-05","AR","EM","Severe Storm","SEVERE STORMS, TORNADOES, AND FLOODING","2025-04-02","2025-04-22","Clay (County)"
3627,"2025-04-05","AR","EM","Severe Storm","SEVERE STORMS, TORNADOES, AND FLOODING","2025-04-02","2025-04-22","Desha (County)"
3627,"2025-04-05","AR","EM","Severe Storm","SEVERE STORMS, TORNADOES, AND FLOODING","2025-04-02","2025-04-22","Crawford (County)"
3627,"2025-04-05","AR","EM","Severe Storm","SEVERE STORMS, TORNADOES, AND FLOODING","2025-04-02","2025-04-22","Cleburne (County)"
3627,"2025-04-05","AR","EM","Severe Storm","SEVERE STORMS, TORNADOES, AND FLOODING","2025-04-02","2025-04-22","Carroll (County)"
3627,"2025-04-05","AR","EM","Severe Storm","SEVERE STORMS, TORNADOES, AND FLOODING","2025-04-02","2025-04-22","Benton (County)"
3627,"2025-04-05","AR","EM","Severe Storm","SEVERE STORMS, TORNADOES, AND FLOODING","2025-04-02","2025-04-22","Drew (County)"
3627,"2025-04-05","AR","EM","Severe Storm","SEVERE STORMS, TORNADOES, AND FLOODING","2025-04-02","2025-04-22","Faulkner (County)"
3627,"2025-04-05","AR","EM","Severe Storm","SEVERE STORMS, TORNADOES, AND FLOODING","2025-04-02","2025-04-22","Arkansas (County)"
3627,"2025-04-05","AR","EM","Severe Storm","SEVERE STORMS, TORNADOES, AND FLOODING","2025-04-02","2025-04-22","Lincoln (County)"
3627,"2025-04-05","AR","EM","Severe Storm","SEVERE STORMS, TORNADOES, AND FLOODING","2025-04-02","2025-04-22","Lawrence (County)"
3627,"2025-04-05","AR","EM","Severe Storm","SEVERE STORMS, TORNADOES, AND FLOODING","2025-04-02","2025-04-22","Lafayette (County)"
3627,"2025-04-05","AR","EM","Severe Storm","SEVERE STORMS, TORNADOES, AND FLOODING","2025-04-02","2025-04-22","Hempstead (County)"
3627,"2025-04-05","AR","EM","Severe Storm","SEVERE STORMS, TORNADOES, AND FLOODING","2025-04-02","2025-04-22","Grant (County)"
3627,"2025-04-05","AR","EM","Severe Storm","SEVERE STORMS, TORNADOES, AND FLOODING","2025-04-02","2025-04-22","Madison (County)"
3627,"2025-04-05","AR","EM","Severe Storm","SEVERE STORMS, TORNADOES, AND FLOODING","2025-04-02","2025-04-22","Little River (County)"
3627,"2025-04-05","AR","EM","Severe Storm","SEVERE STORMS, TORNADOES, AND FLOODING","2025-04-02","2025-04-22","Boone (County)"
3627,"2025-04-05","AR","EM","Severe Storm","SEVERE STORMS, TORNADOES, AND FLOODING","2025-04-02","2025-04-22","Randolph (County)"
3627,"2025-04-05","AR","EM","Severe Storm","SEVERE STORMS, TORNADOES, AND FLOODING","2025-04-02","2025-04-22","Pulaski (County)"
3627,"2025-04-05","AR","EM","Severe Storm","SEVERE STORMS, TORNADOES, AND FLOODING","2025-04-02","2025-04-22","Pope (County)"
3627,"2025-04-05","AR","EM","Severe Storm","SEVERE STORMS, TORNADOES, AND FLOODING","2025-04-02","2025-04-22","Saline (County)"
3627,"2025-04-05","AR","EM","Severe Storm","SEVERE STORMS, TORNADOES, AND FLOODING","2025-04-02","2025-04-22","St. Francis (County)"
3627,"2025-04-05","AR","EM","Severe Storm","SEVERE STORMS, TORNADOES, AND FLOODING","2025-04-02","2025-04-22","Searcy (County)"
4863,"2025-04-04","VA","DR","Severe Storm","SEVERE WINTER STORMS AND FLOODING","2025-02-10","2025-02-18","Bedford (County)"
4863,"2025-04-04","VA","DR","Severe Storm","SEVERE WINTER STORMS AND FLOODING","2025-02-10","2025-02-18","Dickenson (County)"
4863,"2025-04-04","VA","DR","Severe Storm","SEVERE WINTER STORMS AND FLOODING","2025-02-10","2025-02-18","Amelia (County)"
4863,"2025-04-04","VA","DR","Severe Storm","SEVERE WINTER STORMS AND FLOODING","2025-02-10","2025-02-18","Botetourt (County)"
4863,"2025-04-04","VA","DR","Severe Storm","SEVERE WINTER STORMS AND FLOODING","2025-02-10","2025-02-18","Cumberland (County)"
4863,"2025-04-04","VA","DR","Severe Storm","SEVERE WINTER STORMS AND FLOODING","2025-02-10","2025-02-18","Craig (County)"
4863,"2025-04-04","VA","DR","Severe Storm","SEVERE WINTER STORMS AND FLOODING","2025-02-10","2025-02-18","Giles (County)"
4863,"2025-04-04","VA","DR","Severe Storm","SEVERE WINTER STORMS AND FLOODING","2025-02-10","2025-02-18","Floyd (County)"
4863,"2025-04-04","VA","DR","Severe Storm","SEVERE WINTER STORMS AND FLOODING","2025-02-10","2025-02-18","Buckingham (County)"
4863,"2025-04-04","VA","DR","Severe Storm","SEVERE WINTER STORMS AND FLOODING","2025-02-10","2025-02-18","Lunenburg (County)"
4863,"2025-04-04","VA","DR","Severe Storm","SEVERE WINTER STORMS AND FLOODING","2025-02-10","2025-02-18","Nottoway (County)"
4863,"2025-04-04","VA","DR","Severe Storm","SEVERE WINTER STORMS AND FLOODING","2025-02-10","2025-02-18","Franklin (County)"
4863,"2025-04-04","VA","DR","Severe Storm","SEVERE WINTER STORMS AND FLOODING","2025-02-10","2025-02-18","Rockingham (County)"
4863,"2025-04-04","VA","DR","Severe Storm","SEVERE WINTER STORMS AND FLOODING","2025-02-10","2025-02-18","Page (County)"
4863,"2025-04-04","VA","DR","Severe Storm","SEVERE WINTER STORMS AND FLOODING","2025-02-10","2025-02-18","Pulaski (County)"
4863,"2025-04-04","VA","DR","Severe Storm","SEVERE WINTER STORMS AND FLOODING","2025-02-10","2025-02-18","Tazewell (County)"
4863,"2025-04-04","VA","DR","Severe Storm","SEVERE WINTER STORMS AND FLOODING","2025-02-10","2025-02-18","Pittsylvania (County)"
4863,"2025-04-04","VA","DR","Severe Storm","SEVERE WINTER STORMS AND FLOODING","2025-02-10","2025-02-18","Scott (County)"
4863,"2025-04-04","VA","DR","Severe Storm","SEVERE WINTER STORMS AND FLOODING","2025-02-10","2025-02-18","Smyth (County)"
4863,"2025-04-04","VA","DR","Severe Storm","SEVERE WINTER STORMS AND FLOODING","2025-02-10","2025-02-18","Buchanan (County)"
4863,"2025-04-04","VA","DR","Severe Storm","SEVERE WINTER STORMS AND FLOODING","2025-02-10","2025-02-18","Washington (County)"
4863,"2025-04-04","VA","DR","Severe Storm","SEVERE WINTER STORMS AND FLOODING","2025-02-10","2025-02-18","Wise (County)"
4863,"2025-04-04","VA","DR","Severe Storm","SEVERE WINTER STORMS AND FLOODING","2025-02-10","2025-02-18","Russell (County)"
4863,"2025-04-04","VA","DR","Severe Storm","SEVERE WINTER STORMS AND FLOODING","2025-02-10","2025-02-18","Powhatan (County)"
4863,"2025-04-04","VA","DR","Severe Storm","SEVERE WINTER STORMS AND FLOODING","2025-02-10","2025-02-18","Prince Edward (County)"
4863,"2025-04-04","VA","DR","Severe Storm","SEVERE WINTER STORMS AND FLOODING","2025-02-10","2025-02-18","Montgomery (County)"
4863,"2025-04-04","VA","DR","Severe Storm","SEVERE WINTER STORMS AND FLOODING","2025-02-10","2025-02-18","Wythe (County)"
4863,"2025-04-04","VA","DR","Severe Storm","SEVERE WINTER STORMS AND FLOODING","2025-02-10","2025-02-18","Grayson (County)"
4863,"2025-04-04","VA","DR","Severe Storm","SEVERE WINTER STORMS AND FLOODING","2025-02-10","2025-02-18","Lee (County)"
4863,"2025-04-04","VA","DR","Severe Storm","SEVERE WINTER STORMS AND FLOODING","2025-02-10","2025-02-18","Halifax (County)"
4863,"2025-04-04","VA","DR","Severe Storm","SEVERE WINTER STORMS AND FLOODING","2025-02-10","2025-02-18","Carroll (County)"
4863,"2025-04-04","VA","DR","Severe Storm","SEVERE WINTER STORMS AND FLOODING","2025-02-10","2025-02-18","Bristol"
4863,"2025-04-04","VA","DR","Severe Storm","SEVERE WINTER STORMS AND FLOODING","2025-02-10","2025-02-18","Charlotte (County)"
4863,"2025-04-04","VA","DR","Severe Storm","SEVERE WINTER STORMS AND FLOODING","2025-02-10","2025-02-18","Appomattox (County)"
4863,"2025-04-04","VA","DR","Severe Storm","SEVERE WINTER STORMS AND FLOODING","2025-02-10","2025-02-18","Bland (County)"
4863,"2025-04-04","VA","DR","Severe Storm","SEVERE WINTER STORMS AND FLOODING","2025-02-10","2025-02-18","Campbell (County)"
3626,"2025-04-03","KY","EM","Severe Storm","SEVERE STORMS, STRAIGHT-LINE WINDS, TORNADOES, AND FLOODING","2025-04-02","2025-05-16","Butler (County)"
3626,"2025-04-03","KY","EM","Severe Storm","SEVERE STORMS, STRAIGHT-LINE WINDS, TORNADOES, AND FLOODING","2025-04-02","2025-05-16","Livingston (County)"
3626,"2025-04-03","KY","EM","Severe Storm","SEVERE STORMS, STRAIGHT-LINE WINDS, TORNADOES, AND FLOODING","2025-04-02","2025-05-16","Morgan (County)"
3626,"2025-04-03","KY","EM","Severe Storm","SEVERE STORMS, STRAIGHT-LINE WINDS, TORNADOES, AND FLOODING","2025-04-02","2025-05-16","Muhlenberg (County)"
3626,"2025-04-03","KY","EM","Severe Storm","SEVERE STORMS, STRAIGHT-LINE WINDS, TORNADOES, AND FLOODING","2025-04-02","2025-05-16","Leslie (County)"
3626,"2025-04-03","KY","EM","Severe Storm","SEVERE STORMS, STRAIGHT-LINE WINDS, TORNADOES, AND FLOODING","2025-04-02","2025-05-16","Carlisle (County)"
3626,"2025-04-03","KY","EM","Severe Storm","SEVERE STORMS, STRAIGHT-LINE WINDS, TORNADOES, AND FLOODING","2025-04-02","2025-05-16","Estill (County)"
3626,"2025-04-03","KY","EM","Severe Storm","SEVERE STORMS, STRAIGHT-LINE WINDS, TORNADOES, AND FLOODING","2025-04-02","2025-05-16","Pendleton (County)"
3626,"2025-04-03","KY","EM","Severe Storm","SEVERE STORMS, STRAIGHT-LINE WINDS, TORNADOES, AND FLOODING","2025-04-02","2025-05-16","Warren (County)"
3626,"2025-04-03","KY","EM","Severe Storm","SEVERE STORMS, STRAIGHT-LINE WINDS, TORNADOES, AND FLOODING","2025-04-02","2025-05-16","Bell (County)"
3626,"2025-04-03","KY","EM","Severe Storm","SEVERE STORMS, STRAIGHT-LINE WINDS, TORNADOES, AND FLOODING","2025-04-02","2025-05-16","Crittenden (County)"
3626,"2025-04-03","KY","EM","Severe Storm","SEVERE STORMS, STRAIGHT-LINE WINDS, TORNADOES, AND FLOODING","2025-04-02","2025-05-16","Harlan (County)"
3626,"2025-04-03","KY","EM","Severe Storm","SEVERE STORMS, STRAIGHT-LINE WINDS, TORNADOES, AND FLOODING","2025-04-02","2025-05-16","Nicholas (County)"
3626,"2025-04-03","KY","EM","Severe Storm","SEVERE STORMS, STRAIGHT-LINE WINDS, TORNADOES, AND FLOODING","2025-04-02","2025-05-16","Johnson (County)"
3626,"2025-04-03","KY","EM","Severe Storm","SEVERE STORMS, STRAIGHT-LINE WINDS, TORNADOES, AND FLOODING","2025-04-02","2025-05-16","Laurel (County)"
3626,"2025-04-03","KY","EM","Severe Storm","SEVERE STORMS, STRAIGHT-LINE WINDS, TORNADOES, AND FLOODING","2025-04-02","2025-05-16","Lawrence (County)"
3626,"2025-04-03","KY","EM","Severe Storm","SEVERE STORMS, STRAIGHT-LINE WINDS, TORNADOES, AND FLOODING","2025-04-02","2025-05-16","Jackson (County)"
3626,"2025-04-03","KY","EM","Severe Storm","SEVERE STORMS, STRAIGHT-LINE WINDS, TORNADOES, AND FLOODING","2025-04-02","2025-05-16","Knox (County)"
3626,"2025-04-03","KY","EM","Severe Storm","SEVERE STORMS, STRAIGHT-LINE WINDS, TORNADOES, AND FLOODING","2025-04-02","2025-05-16","Breckinridge (County)"
3626,"2025-04-03","KY","EM","Severe Storm","SEVERE STORMS, STRAIGHT-LINE WINDS, TORNADOES, AND FLOODING","2025-04-02","2025-05-16","Henry (County)"
3626,"2025-04-03","KY","EM","Severe Storm","SEVERE STORMS, STRAIGHT-LINE WINDS, TORNADOES, AND FLOODING","2025-04-02","2025-05-16","Allen (County)"
3626,"2025-04-03","KY","EM","Severe Storm","SEVERE STORMS, STRAIGHT-LINE WINDS, TORNADOES, AND FLOODING","2025-04-02","2025-05-16","Anderson (County)"
3626,"2025-04-03","KY","EM","Severe Storm","SEVERE STORMS, STRAIGHT-LINE WINDS, TORNADOES, AND FLOODING","2025-04-02","2025-05-16","Hart (County)"
3626,"2025-04-03","KY","EM","Severe Storm","SEVERE STORMS, STRAIGHT-LINE WINDS, TORNADOES, AND FLOODING","2025-04-02","2025-05-16","Letcher (County)"
3626,"2025-04-03","KY","EM","Severe Storm","SEVERE STORMS, STRAIGHT-LINE WINDS, TORNADOES, AND FLOODING","2025-04-02","2025-05-16","Franklin (County)"
3626,"2025-04-03","KY","EM","Severe Storm","SEVERE STORMS, STRAIGHT-LINE WINDS, TORNADOES, AND FLOODING","2025-04-02","2025-05-16","Fleming (County)"
3626,"2025-04-03","KY","EM","Severe Storm","SEVERE STORMS, STRAIGHT-LINE WINDS, TORNADOES, AND FLOODING","2025-04-02","2025-05-16","Clark (County)"
3626,"2025-04-03","KY","EM","Severe Storm","SEVERE STORMS, STRAIGHT-LINE WINDS, TORNADOES, AND FLOODING","2025-04-02","2025-05-16","Nelson (County)"
3626,"2025-04-03","KY","EM","Severe Storm","SEVERE STORMS, STRAIGHT-LINE WINDS, TORNADOES, AND FLOODING","2025-04-02","2025-05-16","Christian (County)"
3626,"2025-04-03","KY","EM","Severe Storm","SEVERE STORMS, STRAIGHT-LINE WINDS, TORNADOES, AND FLOODING","2025-04-02","2025-05-16","Casey (County)"
3626,"2025-04-03","KY","EM","Severe Storm","SEVERE STORMS, STRAIGHT-LINE WINDS, TORNADOES, AND FLOODING","2025-04-02","2025-05-16","Adair (County)"
3626,"2025-04-03","KY","EM","Severe Storm","SEVERE STORMS, STRAIGHT-LINE WINDS, TORNADOES, AND FLOODING","2025-04-02","2025-05-16","Gallatin (County)"
3626,"2025-04-03","KY","EM","Severe Storm","SEVERE STORMS, STRAIGHT-LINE WINDS, TORNADOES, AND FLOODING","2025-04-02","2025-05-16","Boone (County)"
3626,"2025-04-03","KY","EM","Severe Storm","SEVERE STORMS, STRAIGHT-LINE WINDS, TORNADOES, AND FLOODING","2025-04-02","2025-05-16","Menifee (County)"
3626,"2025-04-03","KY","EM","Severe Storm","SEVERE STORMS, STRAIGHT-LINE WINDS, TORNADOES, AND FLOODING","2025-04-02","2025-05-16","Mason (County)"
3626,"2025-04-03","KY","EM","Severe Storm","SEVERE STORMS, STRAIGHT-LINE WINDS, TORNADOES, AND FLOODING","2025-04-02","2025-05-16","Meade (County)"
3626,"2025-04-03","KY","EM","Severe Storm","SEVERE STORMS, STRAIGHT-LINE WINDS, TORNADOES, AND FLOODING","2025-04-02","2025-05-16","Madison (County)"
3626,"2025-04-03","KY","EM","Severe Storm","SEVERE STORMS, STRAIGHT-LINE WINDS, TORNADOES, AND FLOODING","2025-04-02","2025-05-16","Magoffin (County)"
3626,"2025-04-03","KY","EM","Severe Storm","SEVERE STORMS, STRAIGHT-LINE WINDS, TORNADOES, AND FLOODING","2025-04-02","2025-05-16","Marion (County)"
3626,"2025-04-03","KY","EM","Severe Storm","SEVERE STORMS, STRAIGHT-LINE WINDS, TORNADOES, AND FLOODING","2025-04-02","2025-05-16","McLean (County)"
3626,"2025-04-03","KY","EM","Severe Storm","SEVERE STORMS, STRAIGHT-LINE WINDS, TORNADOES, AND FLOODING","2025-04-02","2025-05-16","Marshall (County)"
3626,"2025-04-03","KY","EM","Severe Storm","SEVERE STORMS, STRAIGHT-LINE WINDS, TORNADOES, AND FLOODING","2025-04-02","2025-05-16","McCracken (County)"
3626,"2025-04-03","KY","EM","Severe Storm","SEVERE STORMS, STRAIGHT-LINE WINDS, TORNADOES, AND FLOODING","2025-04-02","2025-05-16","McCreary (County)"
3626,"2025-04-03","KY","EM","Severe Storm","SEVERE STORMS, STRAIGHT-LINE WINDS, TORNADOES, AND FLOODING","2025-04-02","2025-05-16","Logan (County)"
3626,"2025-04-03","KY","EM","Severe Storm","SEVERE STORMS, STRAIGHT-LINE WINDS, TORNADOES, AND FLOODING","2025-04-02","2025-05-16","Mercer (County)"
3626,"2025-04-03","KY","EM","Severe Storm","SEVERE STORMS, STRAIGHT-LINE WINDS, TORNADOES, AND FLOODING","2025-04-02","2025-05-16","Lyon (County)"
3626,"2025-04-03","KY","EM","Severe Storm","SEVERE STORMS, STRAIGHT-LINE WINDS, TORNADOES, AND FLOODING","2025-04-02","2025-05-16","Martin (County)"
3626,"2025-04-03","KY","EM","Severe Storm","SEVERE STORMS, STRAIGHT-LINE WINDS, TORNADOES, AND FLOODING","2025-04-02","2025-05-16","Calloway (County)"
3626,"2025-04-03","KY","EM","Severe Storm","SEVERE STORMS, STRAIGHT-LINE WINDS, TORNADOES, AND FLOODING","2025-04-02","2025-05-16","Knott (County)"
3626,"2025-04-03","KY","EM","Severe Storm","SEVERE STORMS, STRAIGHT-LINE WINDS, TORNADOES, AND FLOODING","2025-04-02","2025-05-16","Floyd (County)"
3626,"2025-04-03","KY","EM","Severe Storm","SEVERE STORMS, STRAIGHT-LINE WINDS, TORNADOES, AND FLOODING","2025-04-02","2025-05-16","Graves (County)"
3626,"2025-04-03","KY","EM","Severe Storm","SEVERE STORMS, STRAIGHT-LINE WINDS, TORNADOES, AND FLOODING","2025-04-02","2025-05-16","Lincoln (County)"
3626,"2025-04-03","KY","EM","Severe Storm","SEVERE STORMS, STRAIGHT-LINE WINDS, TORNADOES, AND FLOODING","2025-04-02","2025-05-16","Metcalfe (County)"
3626,"2025-04-03","KY","EM","Severe Storm","SEVERE STORMS, STRAIGHT-LINE WINDS, TORNADOES, AND FLOODING","2025-04-02","2025-05-16","Monroe (County)"
3626,"2025-04-03","KY","EM","Severe Storm","SEVERE STORMS, STRAIGHT-LINE WINDS, TORNADOES, AND FLOODING","2025-04-02","2025-05-16","Boyd (County)"
3626,"2025-04-03","KY","EM","Severe Storm","SEVERE STORMS, STRAIGHT-LINE WINDS, TORNADOES, AND FLOODING","2025-04-02","2025-05-16","Barren (County)"
3626,"2025-04-03","KY","EM","Severe Storm","SEVERE STORMS, STRAIGHT-LINE WINDS, TORNADOES, AND FLOODING","2025-04-02","2025-05-16","Bourbon (County)"
3626,"2025-04-03","KY","EM","Severe Storm","SEVERE STORMS, STRAIGHT-LINE WINDS, TORNADOES, AND FLOODING","2025-04-02","2025-05-16","Elliott (County)"
3626,"2025-04-03","KY","EM","Severe Storm","SEVERE STORMS, STRAIGHT-LINE WINDS, TORNADOES, AND FLOODING","2025-04-02","2025-05-16","Montgomery (County)"
3626,"2025-04-03","KY","EM","Severe Storm","SEVERE STORMS, STRAIGHT-LINE WINDS, TORNADOES, AND FLOODING","2025-04-02","2025-05-16","Greenup (County)"
3626,"2025-04-03","KY","EM","Severe Storm","SEVERE STORMS, STRAIGHT-LINE WINDS, TORNADOES, AND FLOODING","2025-04-02","2025-05-16","Cumberland (County)"
3626,"2025-04-03","KY","EM","Severe Storm","SEVERE STORMS, STRAIGHT-LINE WINDS, TORNADOES, AND FLOODING","2025-04-02","2025-05-16","Bath (County)"
3626,"2025-04-03","KY","EM","Severe Storm","SEVERE STORMS, STRAIGHT-LINE WINDS, TORNADOES, AND FLOODING","2025-04-02","2025-05-16","Garrard (County)"
3626,"2025-04-03","KY","EM","Severe Storm","SEVERE STORMS, STRAIGHT-LINE WINDS, TORNADOES, AND FLOODING","2025-04-02","2025-05-16","Harrison (County)"
3626,"2025-04-03","KY","EM","Severe Storm","SEVERE STORMS, STRAIGHT-LINE WINDS, TORNADOES, AND FLOODING","2025-04-02","2025-05-16","Oldham (County)"
3626,"2025-04-03","KY","EM","Severe Storm","SEVERE STORMS, STRAIGHT-LINE WINDS, TORNADOES, AND FLOODING","2025-04-02","2025-05-16","Caldwell (County)"
3626,"2025-04-03","KY","EM","Severe Storm","SEVERE STORMS, STRAIGHT-LINE WINDS, TORNADOES, AND FLOODING","2025-04-02","2025-05-16","Rowan (County)"
3626,"2025-04-03","KY","EM","Severe Storm","SEVERE STORMS, STRAIGHT-LINE WINDS, TORNADOES, AND FLOODING","2025-04-02","2025-05-16","Owen (County)"
3626,"2025-04-03","KY","EM","Severe Storm","SEVERE STORMS, STRAIGHT-LINE WINDS, TORNADOES, AND FLOODING","2025-04-02","2025-05-16","Russell (County)"
3626,"2025-04-03","KY","EM","Severe Storm","SEVERE STORMS, STRAIGHT-LINE WINDS, TORNADOES, AND FLOODING","2025-04-02","2025-05-16","Scott (County)"
3626,"2025-04-03","KY","EM","Severe Storm","SEVERE STORMS, STRAIGHT-LINE WINDS, TORNADOES, AND FLOODING","2025-04-02","2025-05-16","Webster (County)"
3626,"2025-04-03","KY","EM","Severe Storm","SEVERE STORMS, STRAIGHT-LINE WINDS, TORNADOES, AND FLOODING","2025-04-02","2025-05-16","Shelby (County)"
3626,"2025-04-03","KY","EM","Severe Storm","SEVERE STORMS, STRAIGHT-LINE WINDS, TORNADOES, AND FLOODING","2025-04-02","2025-05-16","Wolfe (County)"
3626,"2025-04-03","KY","EM","Severe Storm","SEVERE STORMS, STRAIGHT-LINE WINDS, TORNADOES, AND FLOODING","2025-04-02","2025-05-16","Washington (County)"
3626,"2025-04-03","KY","EM","Severe Storm","SEVERE STORMS, STRAIGHT-LINE WINDS, TORNADOES, AND FLOODING","2025-04-02","2025-05-16","Pulaski (County)"
3626,"2025-04-03","KY","EM","Severe Storm","SEVERE STORMS, STRAIGHT-LINE WINDS, TORNADOES, AND FLOODING","2025-04-02","2025-05-16","Robertson (County)"
3626,"2025-04-03","KY","EM","Severe Storm","SEVERE STORMS, STRAIGHT-LINE WINDS, TORNADOES, AND FLOODING","2025-04-02","2025-05-16","Wayne (County)"
3626,"2025-04-03","KY","EM","Severe Storm","SEVERE STORMS, STRAIGHT-LINE WINDS, TORNADOES, AND FLOODING","2025-04-02","2025-05-16","Fulton (County)"
3626,"2025-04-03","KY","EM","Severe Storm","SEVERE STORMS, STRAIGHT-LINE WINDS, TORNADOES, AND FLOODING","2025-04-02","2025-05-16","Whitley (County)"
3626,"2025-04-03","KY","EM","Severe Storm","SEVERE STORMS, STRAIGHT-LINE WINDS, TORNADOES, AND FLOODING","2025-04-02","2025-05-16","Woodford (County)"
3626,"2025-04-03","KY","EM","Severe Storm","SEVERE STORMS, STRAIGHT-LINE WINDS, TORNADOES, AND FLOODING","2025-04-02","2025-05-16","Owsley (County)"
3626,"2025-04-03","KY","EM","Severe Storm","SEVERE STORMS, STRAIGHT-LINE WINDS, TORNADOES, AND FLOODING","2025-04-02","2025-05-16","Campbell (County)"
3626,"2025-04-03","KY","EM","Severe Storm","SEVERE STORMS, STRAIGHT-LINE WINDS, TORNADOES, AND FLOODING","2025-04-02","2025-05-16","Breathitt (County)"
3626,"2025-04-03","KY","EM","Severe Storm","SEVERE STORMS, STRAIGHT-LINE WINDS, TORNADOES, AND FLOODING","2025-04-02","2025-05-16","Powell (County)"
3626,"2025-04-03","KY","EM","Severe Storm","SEVERE STORMS, STRAIGHT-LINE WINDS, TORNADOES, AND FLOODING","2025-04-02","2025-05-16","Spencer (County)"
3626,"2025-04-03","KY","EM","Severe Storm","SEVERE STORMS, STRAIGHT-LINE WINDS, TORNADOES, AND FLOODING","2025-04-02","2025-05-16","Trigg (County)"
3626,"2025-04-03","KY","EM","Severe Storm","SEVERE STORMS, STRAIGHT-LINE WINDS, TORNADOES, AND FLOODING","2025-04-02","2025-05-16","Trimble (County)"
3626,"2025-04-03","KY","EM","Severe Storm","SEVERE STORMS, STRAIGHT-LINE WINDS, TORNADOES, AND FLOODING","2025-04-02","2025-05-16","Lee (County)"
3626,"2025-04-03","KY","EM","Severe Storm","SEVERE STORMS, STRAIGHT-LINE WINDS, TORNADOES, AND FLOODING","2025-04-02","2025-05-16","Jessamine (County)"
3626,"2025-04-03","KY","EM","Severe Storm","SEVERE STORMS, STRAIGHT-LINE WINDS, TORNADOES, AND FLOODING","2025-04-02","2025-05-16","Union (County)"
3626,"2025-04-03","KY","EM","Severe Storm","SEVERE STORMS, STRAIGHT-LINE WINDS, TORNADOES, AND FLOODING","2025-04-02","2025-05-16","Simpson (County)"
3626,"2025-04-03","KY","EM","Severe Storm","SEVERE STORMS, STRAIGHT-LINE WINDS, TORNADOES, AND FLOODING","2025-04-02","2025-05-16","Ohio (County)"
3626,"2025-04-03","KY","EM","Severe Storm","SEVERE STORMS, STRAIGHT-LINE WINDS, TORNADOES, AND FLOODING","2025-04-02","2025-05-16","Green (County)"
3626,"2025-04-03","KY","EM","Severe Storm","SEVERE STORMS, STRAIGHT-LINE WINDS, TORNADOES, AND FLOODING","2025-04-02","2025-05-16","Bracken (County)"
3626,"2025-04-03","KY","EM","Severe Storm","SEVERE STORMS, STRAIGHT-LINE WINDS, TORNADOES, AND FLOODING","2025-04-02","2025-05-16","Edmonson (County)"
3626,"2025-04-03","KY","EM","Severe Storm","SEVERE STORMS, STRAIGHT-LINE WINDS, TORNADOES, AND FLOODING","2025-04-02","2025-05-16","Boyle (County)"
3626,"2025-04-03","KY","EM","Severe Storm","SEVERE STORMS, STRAIGHT-LINE WINDS, TORNADOES, AND FLOODING","2025-04-02","2025-05-16","Hancock (County)"
3626,"2025-04-03","KY","EM","Severe Storm","SEVERE STORMS, STRAIGHT-LINE WINDS, TORNADOES, AND FLOODING","2025-04-02","2025-05-16","Grayson (County)"
3626,"2025-04-03","KY","EM","Severe Storm","SEVERE STORMS, STRAIGHT-LINE WINDS, TORNADOES, AND FLOODING","2025-04-02","2025-05-16","Fayette (County)"
3626,"2025-04-03","KY","EM","Severe Storm","SEVERE STORMS, STRAIGHT-LINE WINDS, TORNADOES, AND FLOODING","2025-04-02","2025-05-16","Daviess (County)"
3626,"2025-04-03","KY","EM","Severe Storm","SEVERE STORMS, STRAIGHT-LINE WINDS, TORNADOES, AND FLOODING","2025-04-02","2025-05-16","Clay (County)"
3626,"2025-04-03","KY","EM","Severe Storm","SEVERE STORMS, STRAIGHT-LINE WINDS, TORNADOES, AND FLOODING","2025-04-02","2025-05-16","Clinton (County)"
3626,"2025-04-03","KY","EM","Severe Storm","SEVERE STORMS, STRAIGHT-LINE WINDS, TORNADOES, AND FLOODING","2025-04-02","2025-05-16","Carter (County)"
3626,"2025-04-03","KY","EM","Severe Storm","SEVERE STORMS, STRAIGHT-LINE WINDS, TORNADOES, AND FLOODING","2025-04-02","2025-05-16","Lewis (County)"
3626,"2025-04-03","KY","EM","Severe Storm","SEVERE STORMS, STRAIGHT-LINE WINDS, TORNADOES, AND FLOODING","2025-04-02","2025-05-16","Bullitt (County)"
3626,"2025-04-03","KY","EM","Severe Storm","SEVERE STORMS, STRAIGHT-LINE WINDS, TORNADOES, AND FLOODING","2025-04-02","2025-05-16","Henderson (County)"
3626,"2025-04-03","KY","EM","Severe Storm","SEVERE STORMS, STRAIGHT-LINE WINDS, TORNADOES, AND FLOODING","2025-04-02","2025-05-16","Hickman (County)"
3626,"2025-04-03","KY","EM","Severe Storm","SEVERE STORMS, STRAIGHT-LINE WINDS, TORNADOES, AND FLOODING","2025-04-02","2025-05-16","Hopkins (County)"
3626,"2025-04-03","KY","EM","Severe Storm","SEVERE STORMS, STRAIGHT-LINE WINDS, TORNADOES, AND FLOODING","2025-04-02","2025-05-16","Carroll (County)"
3626,"2025-04-03","KY","EM","Severe Storm","SEVERE STORMS, STRAIGHT-LINE WINDS, TORNADOES, AND FLOODING","2025-04-02","2025-05-16","Jefferson (County)"
3626,"2025-04-03","KY","EM","Severe Storm","SEVERE STORMS, STRAIGHT-LINE WINDS, TORNADOES, AND FLOODING","2025-04-02","2025-05-16","Kenton (County)"
3626,"2025-04-03","KY","EM","Severe Storm","SEVERE STORMS, STRAIGHT-LINE WINDS, TORNADOES, AND FLOODING","2025-04-02","2025-05-16","Larue (County)"
3626,"2025-04-03","KY","EM","Severe Storm","SEVERE STORMS, STRAIGHT-LINE WINDS, TORNADOES, AND FLOODING","2025-04-02","2025-05-16","Rockcastle (County)"
3626,"2025-04-03","KY","EM","Severe Storm","SEVERE STORMS, STRAIGHT-LINE WINDS, TORNADOES, AND FLOODING","2025-04-02","2025-05-16","Perry (County)"
3626,"2025-04-03","KY","EM","Severe Storm","SEVERE STORMS, STRAIGHT-LINE WINDS, TORNADOES, AND FLOODING","2025-04-02","2025-05-16","Ballard (County)"
3626,"2025-04-03","KY","EM","Severe Storm","SEVERE STORMS, STRAIGHT-LINE WINDS, TORNADOES, AND FLOODING","2025-04-02","2025-05-16","Pike (County)"
3626,"2025-04-03","KY","EM","Severe Storm","SEVERE STORMS, STRAIGHT-LINE WINDS, TORNADOES, AND FLOODING","2025-04-02","2025-05-16","Taylor (County)"
3626,"2025-04-03","KY","EM","Severe Storm","SEVERE STORMS, STRAIGHT-LINE WINDS, TORNADOES, AND FLOODING","2025-04-02","2025-05-16","Grant (County)"
3626,"2025-04-03","KY","EM","Severe Storm","SEVERE STORMS, STRAIGHT-LINE WINDS, TORNADOES, AND FLOODING","2025-04-02","2025-05-16","Hardin (County)"
3626,"2025-04-03","KY","EM","Severe Storm","SEVERE STORMS, STRAIGHT-LINE WINDS, TORNADOES, AND FLOODING","2025-04-02","2025-05-16","Todd (County)"
3625,"2025-04-02","TN","EM","Severe Storm","SEVERE STORMS, STRAIGHT-LINE WINDS, TORNADOES, AND FLOODING","2025-04-02","2025-04-24","Monroe (County)"
3625,"2025-04-02","TN","EM","Severe Storm","SEVERE STORMS, STRAIGHT-LINE WINDS, TORNADOES, AND FLOODING","2025-04-02","2025-04-24","Bedford (County)"
3625,"2025-04-02","TN","EM","Severe Storm","SEVERE STORMS, STRAIGHT-LINE WINDS, TORNADOES, AND FLOODING","2025-04-02","2025-04-24","Loudon (County)"
3625,"2025-04-02","TN","EM","Severe Storm","SEVERE STORMS, STRAIGHT-LINE WINDS, TORNADOES, AND FLOODING","2025-04-02","2025-04-24","Knox (County)"
3625,"2025-04-02","TN","EM","Severe Storm","SEVERE STORMS, STRAIGHT-LINE WINDS, TORNADOES, AND FLOODING","2025-04-02","2025-04-24","Lawrence (County)"
3625,"2025-04-02","TN","EM","Severe Storm","SEVERE STORMS, STRAIGHT-LINE WINDS, TORNADOES, AND FLOODING","2025-04-02","2025-04-24","Dyer (County)"
3625,"2025-04-02","TN","EM","Severe Storm","SEVERE STORMS, STRAIGHT-LINE WINDS, TORNADOES, AND FLOODING","2025-04-02","2025-04-24","Bradley (County)"
3625,"2025-04-02","TN","EM","Severe Storm","SEVERE STORMS, STRAIGHT-LINE WINDS, TORNADOES, AND FLOODING","2025-04-02","2025-04-24","Anderson (County)"
3625,"2025-04-02","TN","EM","Severe Storm","SEVERE STORMS, STRAIGHT-LINE WINDS, TORNADOES, AND FLOODING","2025-04-02","2025-04-24","Tipton (County)"
3625,"2025-04-02","TN","EM","Severe Storm","SEVERE STORMS, STRAIGHT-LINE WINDS, TORNADOES, AND FLOODING","2025-04-02","2025-04-24","Sumner (County)"
3625,"2025-04-02","TN","EM","Severe Storm","SEVERE STORMS, STRAIGHT-LINE WINDS, TORNADOES, AND FLOODING","2025-04-02","2025-04-24","Van Buren (County)"
3625,"2025-04-02","TN","EM","Severe Storm","SEVERE STORMS, STRAIGHT-LINE WINDS, TORNADOES, AND FLOODING","2025-04-02","2025-04-24","Carroll (County)"
3625,"2025-04-02","TN","EM","Severe Storm","SEVERE STORMS, STRAIGHT-LINE WINDS, TORNADOES, AND FLOODING","2025-04-02","2025-04-24","Benton (County)"
3625,"2025-04-02","TN","EM","Severe Storm","SEVERE STORMS, STRAIGHT-LINE WINDS, TORNADOES, AND FLOODING","2025-04-02","2025-04-24","Grundy (County)"
3625,"2025-04-02","TN","EM","Severe Storm","SEVERE STORMS, STRAIGHT-LINE WINDS, TORNADOES, AND FLOODING","2025-04-02","2025-04-24","Greene (County)"
3625,"2025-04-02","TN","EM","Severe Storm","SEVERE STORMS, STRAIGHT-LINE WINDS, TORNADOES, AND FLOODING","2025-04-02","2025-04-24","Marshall (County)"
3625,"2025-04-02","TN","EM","Severe Storm","SEVERE STORMS, STRAIGHT-LINE WINDS, TORNADOES, AND FLOODING","2025-04-02","2025-04-24","Marion (County)"
3625,"2025-04-02","TN","EM","Severe Storm","SEVERE STORMS, STRAIGHT-LINE WINDS, TORNADOES, AND FLOODING","2025-04-02","2025-04-24","Hancock (County)"
3625,"2025-04-02","TN","EM","Severe Storm","SEVERE STORMS, STRAIGHT-LINE WINDS, TORNADOES, AND FLOODING","2025-04-02","2025-04-24","Rhea (County)"
3625,"2025-04-02","TN","EM","Severe Storm","SEVERE STORMS, STRAIGHT-LINE WINDS, TORNADOES, AND FLOODING","2025-04-02","2025-04-24","Hawkins (County)"
3625,"2025-04-02","TN","EM","Severe Storm","SEVERE STORMS, STRAIGHT-LINE WINDS, TORNADOES, AND FLOODING","2025-04-02","2025-04-24","Hickman (County)"
3625,"2025-04-02","TN","EM","Severe Storm","SEVERE STORMS, STRAIGHT-LINE WINDS, TORNADOES, AND FLOODING","2025-04-02","2025-04-24","Henderson (County)"
3625,"2025-04-02","TN","EM","Severe Storm","SEVERE STORMS, STRAIGHT-LINE WINDS, TORNADOES, AND FLOODING","2025-04-02","2025-04-24","Henry (County)"
3625,"2025-04-02","TN","EM","Severe Storm","SEVERE STORMS, STRAIGHT-LINE WINDS, TORNADOES, AND FLOODING","2025-04-02","2025-04-24","Fentress (County)"
3625,"2025-04-02","TN","EM","Severe Storm","SEVERE STORMS, STRAIGHT-LINE WINDS, TORNADOES, AND FLOODING","2025-04-02","2025-04-24","DeKalb (County)"
3625,"2025-04-02","TN","EM","Severe Storm","SEVERE STORMS, STRAIGHT-LINE WINDS, TORNADOES, AND FLOODING","2025-04-02","2025-04-24","Franklin (County)"
3625,"2025-04-02","TN","EM","Severe Storm","SEVERE STORMS, STRAIGHT-LINE WINDS, TORNADOES, AND FLOODING","2025-04-02","2025-04-24","Dickson (County)"
3625,"2025-04-02","TN","EM","Severe Storm","SEVERE STORMS, STRAIGHT-LINE WINDS, TORNADOES, AND FLOODING","2025-04-02","2025-04-24","Fayette (County)"
3625,"2025-04-02","TN","EM","Severe Storm","SEVERE STORMS, STRAIGHT-LINE WINDS, TORNADOES, AND FLOODING","2025-04-02","2025-04-24","Hardin (County)"
3625,"2025-04-02","TN","EM","Severe Storm","SEVERE STORMS, STRAIGHT-LINE WINDS, TORNADOES, AND FLOODING","2025-04-02","2025-04-24","Gibson (County)"
3625,"2025-04-02","TN","EM","Severe Storm","SEVERE STORMS, STRAIGHT-LINE WINDS, TORNADOES, AND FLOODING","2025-04-02","2025-04-24","Giles (County)"
3625,"2025-04-02","TN","EM","Severe Storm","SEVERE STORMS, STRAIGHT-LINE WINDS, TORNADOES, AND FLOODING","2025-04-02","2025-04-24","Lake (County)"
3625,"2025-04-02","TN","EM","Severe Storm","SEVERE STORMS, STRAIGHT-LINE WINDS, TORNADOES, AND FLOODING","2025-04-02","2025-04-24","Johnson (County)"
3625,"2025-04-02","TN","EM","Severe Storm","SEVERE STORMS, STRAIGHT-LINE WINDS, TORNADOES, AND FLOODING","2025-04-02","2025-04-24","Humphreys (County)"
3625,"2025-04-02","TN","EM","Severe Storm","SEVERE STORMS, STRAIGHT-LINE WINDS, TORNADOES, AND FLOODING","2025-04-02","2025-04-24","Sullivan (County)"
3625,"2025-04-02","TN","EM","Severe Storm","SEVERE STORMS, STRAIGHT-LINE WINDS, TORNADOES, AND FLOODING","2025-04-02","2025-04-24","Jefferson (County)"
3625,"2025-04-02","TN","EM","Severe Storm","SEVERE STORMS, STRAIGHT-LINE WINDS, TORNADOES, AND FLOODING","2025-04-02","2025-04-24","Cocke (County)"
3625,"2025-04-02","TN","EM","Severe Storm","SEVERE STORMS, STRAIGHT-LINE WINDS, TORNADOES, AND FLOODING","2025-04-02","2025-04-24","Clay (County)"
3625,"2025-04-02","TN","EM","Severe Storm","SEVERE STORMS, STRAIGHT-LINE WINDS, TORNADOES, AND FLOODING","2025-04-02","2025-04-24","Claiborne (County)"
3625,"2025-04-02","TN","EM","Severe Storm","SEVERE STORMS, STRAIGHT-LINE WINDS, TORNADOES, AND FLOODING","2025-04-02","2025-04-24","Cheatham (County)"
3625,"2025-04-02","TN","EM","Severe Storm","SEVERE STORMS, STRAIGHT-LINE WINDS, TORNADOES, AND FLOODING","2025-04-02","2025-04-24","Coffee (County)"
3625,"2025-04-02","TN","EM","Severe Storm","SEVERE STORMS, STRAIGHT-LINE WINDS, TORNADOES, AND FLOODING","2025-04-02","2025-04-24","Macon (County)"
3625,"2025-04-02","TN","EM","Severe Storm","SEVERE STORMS, STRAIGHT-LINE WINDS, TORNADOES, AND FLOODING","2025-04-02","2025-04-24","Bledsoe (County)"
3625,"2025-04-02","TN","EM","Severe Storm","SEVERE STORMS, STRAIGHT-LINE WINDS, TORNADOES, AND FLOODING","2025-04-02","2025-04-24","McNairy (County)"
3625,"2025-04-02","TN","EM","Severe Storm","SEVERE STORMS, STRAIGHT-LINE WINDS, TORNADOES, AND FLOODING","2025-04-02","2025-04-24","Blount (County)"
3625,"2025-04-02","TN","EM","Severe Storm","SEVERE STORMS, STRAIGHT-LINE WINDS, TORNADOES, AND FLOODING","2025-04-02","2025-04-24","Lewis (County)"
3625,"2025-04-02","TN","EM","Severe Storm","SEVERE STORMS, STRAIGHT-LINE WINDS, TORNADOES, AND FLOODING","2025-04-02","2025-04-24","Crockett (County)"
3625,"2025-04-02","TN","EM","Severe Storm","SEVERE STORMS, STRAIGHT-LINE WINDS, TORNADOES, AND FLOODING","2025-04-02","2025-04-24","McMinn (County)"
3625,"2025-04-02","TN","EM","Severe Storm","SEVERE STORMS, STRAIGHT-LINE WINDS, TORNADOES, AND FLOODING","2025-04-02","2025-04-24","Lauderdale (County)"
3625,"2025-04-02","TN","EM","Severe Storm","SEVERE STORMS, STRAIGHT-LINE WINDS, TORNADOES, AND FLOODING","2025-04-02","2025-04-24","Haywood (County)"
3625,"2025-04-02","TN","EM","Severe Storm","SEVERE STORMS, STRAIGHT-LINE WINDS, TORNADOES, AND FLOODING","2025-04-02","2025-04-24","Houston (County)"
3625,"2025-04-02","TN","EM","Severe Storm","SEVERE STORMS, STRAIGHT-LINE WINDS, TORNADOES, AND FLOODING","2025-04-02","2025-04-24","Grainger (County)"
3625,"2025-04-02","TN","EM","Severe Storm","SEVERE STORMS, STRAIGHT-LINE WINDS, TORNADOES, AND FLOODING","2025-04-02","2025-04-24","Hamblen (County)"
3625,"2025-04-02","TN","EM","Severe Storm","SEVERE STORMS, STRAIGHT-LINE WINDS, TORNADOES, AND FLOODING","2025-04-02","2025-04-24","Hamilton (County)"
3625,"2025-04-02","TN","EM","Severe Storm","SEVERE STORMS, STRAIGHT-LINE WINDS, TORNADOES, AND FLOODING","2025-04-02","2025-04-24","Decatur (County)"
3625,"2025-04-02","TN","EM","Severe Storm","SEVERE STORMS, STRAIGHT-LINE WINDS, TORNADOES, AND FLOODING","2025-04-02","2025-04-24","Cumberland (County)"
3625,"2025-04-02","TN","EM","Severe Storm","SEVERE STORMS, STRAIGHT-LINE WINDS, TORNADOES, AND FLOODING","2025-04-02","2025-04-24","Davidson (County)"
3625,"2025-04-02","TN","EM","Severe Storm","SEVERE STORMS, STRAIGHT-LINE WINDS, TORNADOES, AND FLOODING","2025-04-02","2025-04-24","Shelby (County)"
3625,"2025-04-02","TN","EM","Severe Storm","SEVERE STORMS, STRAIGHT-LINE WINDS, TORNADOES, AND FLOODING","2025-04-02","2025-04-24","Smith (County)"
3625,"2025-04-02","TN","EM","Severe Storm","SEVERE STORMS, STRAIGHT-LINE WINDS, TORNADOES, AND FLOODING","2025-04-02","2025-04-24","Scott (County)"
3625,"2025-04-02","TN","EM","Severe Storm","SEVERE STORMS, STRAIGHT-LINE WINDS, TORNADOES, AND FLOODING","2025-04-02","2025-04-24","Sequatchie (County)"
3625,"2025-04-02","TN","EM","Severe Storm","SEVERE STORMS, STRAIGHT-LINE WINDS, TORNADOES, AND FLOODING","2025-04-02","2025-04-24","Stewart (County)"
3625,"2025-04-02","TN","EM","Severe Storm","SEVERE STORMS, STRAIGHT-LINE WINDS, TORNADOES, AND FLOODING","2025-04-02","2025-04-24","Hardeman (County)"
3625,"2025-04-02","TN","EM","Severe Storm","SEVERE STORMS, STRAIGHT-LINE WINDS, TORNADOES, AND FLOODING","2025-04-02","2025-04-24","Lincoln (County)"
3625,"2025-04-02","TN","EM","Severe Storm","SEVERE STORMS, STRAIGHT-LINE WINDS, TORNADOES, AND FLOODING","2025-04-02","2025-04-24","Madison (County)"
3625,"2025-04-02","TN","EM","Severe Storm","SEVERE STORMS, STRAIGHT-LINE WINDS, TORNADOES, AND FLOODING","2025-04-02","2025-04-24","Sevier (County)"
3625,"2025-04-02","TN","EM","Severe Storm","SEVERE STORMS, STRAIGHT-LINE WINDS, TORNADOES, AND FLOODING","2025-04-02","2025-04-24","Perry (County)"
3625,"2025-04-02","TN","EM","Severe Storm","SEVERE STORMS, STRAIGHT-LINE WINDS, TORNADOES, AND FLOODING","2025-04-02","2025-04-24","Pickett (County)"
3625,"2025-04-02","TN","EM","Severe Storm","SEVERE STORMS, STRAIGHT-LINE WINDS, TORNADOES, AND FLOODING","2025-04-02","2025-04-24","Polk (County)"
3625,"2025-04-02","TN","EM","Severe Storm","SEVERE STORMS, STRAIGHT-LINE WINDS, TORNADOES, AND FLOODING","2025-04-02","2025-04-24","Overton (County)"
3625,"2025-04-02","TN","EM","Severe Storm","SEVERE STORMS, STRAIGHT-LINE WINDS, TORNADOES, AND FLOODING","2025-04-02","2025-04-24","Moore (County)"
3625,"2025-04-02","TN","EM","Severe Storm","SEVERE STORMS, STRAIGHT-LINE WINDS, TORNADOES, AND FLOODING","2025-04-02","2025-04-24","Morgan (County)"
3625,"2025-04-02","TN","EM","Severe Storm","SEVERE STORMS, STRAIGHT-LINE WINDS, TORNADOES, AND FLOODING","2025-04-02","2025-04-24","Obion (County)"
3625,"2025-04-02","TN","EM","Severe Storm","SEVERE STORMS, STRAIGHT-LINE WINDS, TORNADOES, AND FLOODING","2025-04-02","2025-04-24","Putnam (County)"
3625,"2025-04-02","TN","EM","Severe Storm","SEVERE STORMS, STRAIGHT-LINE WINDS, TORNADOES, AND FLOODING","2025-04-02","2025-04-24","Maury (County)"
3625,"2025-04-02","TN","EM","Severe Storm","SEVERE STORMS, STRAIGHT-LINE WINDS, TORNADOES, AND FLOODING","2025-04-02","2025-04-24","Montgomery (County)"
3625,"2025-04-02","TN","EM","Severe Storm","SEVERE STORMS, STRAIGHT-LINE WINDS, TORNADOES, AND FLOODING","2025-04-02","2025-04-24","Roane (County)"
3625,"2025-04-02","TN","EM","Severe Storm","SEVERE STORMS, STRAIGHT-LINE WINDS, TORNADOES, AND FLOODING","2025-04-02","2025-04-24","Jackson (County)"
3625,"2025-04-02","TN","EM","Severe Storm","SEVERE STORMS, STRAIGHT-LINE WINDS, TORNADOES, AND FLOODING","2025-04-02","2025-04-24","Robertson (County)"
3625,"2025-04-02","TN","EM","Severe Storm","SEVERE STORMS, STRAIGHT-LINE WINDS, TORNADOES, AND FLOODING","2025-04-02","2025-04-24","Williamson (County)"
3625,"2025-04-02","TN","EM","Severe Storm","SEVERE STORMS, STRAIGHT-LINE WINDS, TORNADOES, AND FLOODING","2025-04-02","2025-04-24","Wilson (County)"
3625,"2025-04-02","TN","EM","Severe Storm","SEVERE STORMS, STRAIGHT-LINE WINDS, TORNADOES, AND FLOODING","2025-04-02","2025-04-24","Washington (County)"
3625,"2025-04-02","TN","EM","Severe Storm","SEVERE STORMS, STRAIGHT-LINE WINDS, TORNADOES, AND FLOODING","2025-04-02","2025-04-24","Wayne (County)"
3625,"2025-04-02","TN","EM","Severe Storm","SEVERE STORMS, STRAIGHT-LINE WINDS, TORNADOES, AND FLOODING","2025-04-02","2025-04-24","Campbell (County)"
3625,"2025-04-02","TN","EM","Severe Storm","SEVERE STORMS, STRAIGHT-LINE WINDS, TORNADOES, AND FLOODING","2025-04-02","2025-04-24","Weakley (County)"
3625,"2025-04-02","TN","EM","Severe Storm","SEVERE STORMS, STRAIGHT-LINE WINDS, TORNADOES, AND FLOODING","2025-04-02","2025-04-24","Warren (County)"
3625,"2025-04-02","TN","EM","Severe Storm","SEVERE STORMS, STRAIGHT-LINE WINDS, TORNADOES, AND FLOODING","2025-04-02","2025-04-24","Cannon (County)"
3625,"2025-04-02","TN","EM","Severe Storm","SEVERE STORMS, STRAIGHT-LINE WINDS, TORNADOES, AND FLOODING","2025-04-02","2025-04-24","Union (County)"
3625,"2025-04-02","TN","EM","Severe Storm","SEVERE STORMS, STRAIGHT-LINE WINDS, TORNADOES, AND FLOODING","2025-04-02","2025-04-24","Chester (County)"
3625,"2025-04-02","TN","EM","Severe Storm","SEVERE STORMS, STRAIGHT-LINE WINDS, TORNADOES, AND FLOODING","2025-04-02","2025-04-24","Carter (County)"
3625,"2025-04-02","TN","EM","Severe Storm","SEVERE STORMS, STRAIGHT-LINE WINDS, TORNADOES, AND FLOODING","2025-04-02","2025-04-24","White (County)"
3625,"2025-04-02","TN","EM","Severe Storm","SEVERE STORMS, STRAIGHT-LINE WINDS, TORNADOES, AND FLOODING","2025-04-02","2025-04-24","Rutherford (County)"
3625,"2025-04-02","TN","EM","Severe Storm","SEVERE STORMS, STRAIGHT-LINE WINDS, TORNADOES, AND FLOODING","2025-04-02","2025-04-24","Unicoi (County)"
3625,"2025-04-02","TN","EM","Severe Storm","SEVERE STORMS, STRAIGHT-LINE WINDS, TORNADOES, AND FLOODING","2025-04-02","2025-04-24","Trousdale (County)"
3625,"2025-04-02","TN","EM","Severe Storm","SEVERE STORMS, STRAIGHT-LINE WINDS, TORNADOES, AND FLOODING","2025-04-02","2025-04-24","Meigs (County)"
5578,"2025-03-27","NC","FM","Fire","TABLE ROCK FIRE","2025-03-26","","Transylvania (County)"
5577,"2025-03-26","NC","FM","Fire","ALARKA FIRE ","2025-03-25","","Swain (County)"
5576,"2025-03-23","SC","FM","Fire","TABLE ROCK FIRE COMPLEX","2025-03-23","","Pickens (County)"
5576,"2025-03-23","SC","FM","Fire","TABLE ROCK FIRE COMPLEX","2025-03-23","","Greenville (County)"
5575,"2025-03-23","SC","FM","Fire","TABLE ROCK FIRE ","2025-03-21","","Pickens (County)"
5574,"2025-03-22","NC","FM","Fire","BLACK COVE FIRE COMPLEX","2025-03-19","","Polk (County)"
5573,"2025-03-20","TX","FM","Fire","PAULINE ROAD FIRE","2025-03-19","2025-03-26","Montgomery (County)"
5573,"2025-03-20","TX","FM","Fire","PAULINE ROAD FIRE","2025-03-19","2025-03-26","San Jacinto (County)"
5572,"2025-03-19","OK","FM","Fire","328 FIRE","2025-03-19","2025-03-28","Pawnee (County)"
4862,"2025-03-18","OK","DR","Severe Storm","SEVERE STORMS, STRAIGHT-LINE WINDS, TORNADOES, AND FLOODING","2024-11-02","2024-11-05","Jefferson (County)"
4862,"2025-03-18","OK","DR","Severe Storm","SEVERE STORMS, STRAIGHT-LINE WINDS, TORNADOES, AND FLOODING","2024-11-02","2024-11-05","Lincoln (County)"
4862,"2025-03-18","OK","DR","Severe Storm","SEVERE STORMS, STRAIGHT-LINE WINDS, TORNADOES, AND FLOODING","2024-11-02","2024-11-05","Stephens (County)"
4862,"2025-03-18","OK","DR","Severe Storm","SEVERE STORMS, STRAIGHT-LINE WINDS, TORNADOES, AND FLOODING","2024-11-02","2024-11-05","Washita (County)"
4862,"2025-03-18","OK","DR","Severe Storm","SEVERE STORMS, STRAIGHT-LINE WINDS, TORNADOES, AND FLOODING","2024-11-02","2024-11-05","Okfuskee (County)"
4862,"2025-03-18","OK","DR","Severe Storm","SEVERE STORMS, STRAIGHT-LINE WINDS, TORNADOES, AND FLOODING","2024-11-02","2024-11-05","Oklahoma (County)"
4862,"2025-03-18","OK","DR","Severe Storm","SEVERE STORMS, STRAIGHT-LINE WINDS, TORNADOES, AND FLOODING","2024-11-02","2024-11-05","Adair (County)"
4862,"2025-03-18","OK","DR","Severe Storm","SEVERE STORMS, STRAIGHT-LINE WINDS, TORNADOES, AND FLOODING","2024-11-02","2024-11-05","Garvin (County)"
5571,"2025-03-18","TX","FM","Fire","DOUBLE S FIRE","2025-03-18","2025-03-21","Hutchinson (County)"
5563,"2025-03-15","OK","FM","Fire","EAST THUNDERBIRD FIRE","2025-03-14","2025-03-27","Cleveland (County)"
5563,"2025-03-15","OK","FM","Fire","EAST THUNDERBIRD FIRE","2025-03-14","2025-03-27","Pottawatomie (County)"
5566,"2025-03-15","OK","FM","Fire","UNDERWOOD FIRE","2025-03-14","2025-03-26","Creek (County)"
5569,"2025-03-15","OK","FM","Fire","NORGE FIRE","2025-03-14","2025-03-17","Grady (County)"
5564,"2025-03-15","OK","FM","Fire","WILDHORSE FIRE","2025-03-14","2025-03-19","Stephens (County)"
5565,"2025-03-15","OK","FM","Fire","CLEAR POND FIRE","2025-03-14","2025-03-15","Pottawatomie (County)"
5567,"2025-03-15","OK","FM","Fire","KEYSTONE FIRE","2025-03-14","2025-03-28","Pawnee (County)"
5568,"2025-03-15","OK","FM","Fire","BARN FIRE","2025-03-14","2025-03-17","Pawnee (County)"
5566,"2025-03-15","OK","FM","Fire","UNDERWOOD FIRE","2025-03-14","2025-03-26","Payne (County)"
5570,"2025-03-15","TX","FM","Fire","CRABAPPLE FIRE","2025-03-15","2025-03-21","Gillespie (County)"
5555,"2025-03-14","TX","FM","Fire","REST AREA FIRE","2025-03-14","2025-03-16","Gray (County)"
5556,"2025-03-14","KS","FM","Fire","YATES CENTER FIRE","2025-03-14","2025-03-16","Woodson (County)"
5561,"2025-03-14","OK","FM","Fire","LOGAN FIRE","2025-03-14","2025-03-30","Lincoln (County)"
5557,"2025-03-14","OK","FM","Fire","840 ROAD FIRE","2025-03-14","2025-03-25","Ellis (County)"
5558,"2025-03-14","OK","FM","Fire","STILLWATER FIRE","2025-03-14","2025-03-26","Payne (County)"
5557,"2025-03-14","OK","FM","Fire","840 ROAD FIRE","2025-03-14","2025-03-25","Roger Mills (County)"
5559,"2025-03-14","OK","FM","Fire","CHANDLER FIRE","2025-03-14","2025-03-19","Lincoln (County)"
5562,"2025-03-14","OK","FM","Fire","LUTHER FIRE","2025-03-14","2025-03-24","Oklahoma (County)"
5557,"2025-03-14","OK","FM","Fire","840 ROAD FIRE","2025-03-14","2025-03-25","Dewey (County)"
5561,"2025-03-14","OK","FM","Fire","LOGAN FIRE","2025-03-14","2025-03-30","Logan (County)"
5560,"2025-03-14","OK","FM","Fire","LITTLE SALT CREEK FIRE","2025-03-14","2025-03-26","Creek (County)"
5555,"2025-03-14","TX","FM","Fire","REST AREA FIRE","2025-03-14","2025-03-16","Donley (County)"
5562,"2025-03-14","OK","FM","Fire","LUTHER FIRE","2025-03-14","2025-03-24","Logan (County)"
5554,"2025-03-07","SC","FM","Fire","COVINGTON DRIVE FIRE","2025-03-01","","Horry (County)"
5553,"2025-03-05","TX","FM","Fire","DUKE FIRE","2025-03-04","2025-03-05","Bexar (County)"
5553,"2025-03-05","TX","FM","Fire","DUKE FIRE","2025-03-04","2025-03-05","Atascosa (County)"
5552,"2025-03-04","TX","FM","Fire","WELDER FIRE","2025-03-04","2025-03-09","San Patricio (County)"
4861,"2025-02-26","WV","DR","Severe Storm","SEVERE STORM, STRAIGHT-LINE WINDS, FLOODING, LANDSLIDES, AND MUDSLIDES","2025-02-15","2025-02-18","Wyoming (County)"
4861,"2025-02-26","WV","DR","Severe Storm","SEVERE STORM, STRAIGHT-LINE WINDS, FLOODING, LANDSLIDES, AND MUDSLIDES","2025-02-15","2025-02-18","Wayne (County)"
4861,"2025-02-26","WV","DR","Severe Storm","SEVERE STORM, STRAIGHT-LINE WINDS, FLOODING, LANDSLIDES, AND MUDSLIDES","2025-02-15","2025-02-18","Raleigh (County)"
4861,"2025-02-26","WV","DR","Severe Storm","SEVERE STORM, STRAIGHT-LINE WINDS, FLOODING, LANDSLIDES, AND MUDSLIDES","2025-02-15","2025-02-18","Mingo (County)"
4861,"2025-02-26","WV","DR","Severe Storm","SEVERE STORM, STRAIGHT-LINE WINDS, FLOODING, LANDSLIDES, AND MUDSLIDES","2025-02-15","2025-02-18","Summers (County)"
4861,"2025-02-26","WV","DR","Severe Storm","SEVERE STORM, STRAIGHT-LINE WINDS, FLOODING, LANDSLIDES, AND MUDSLIDES","2025-02-15","2025-02-18","Lincoln (County)"
4861,"2025-02-26","WV","DR","Severe Storm","SEVERE STORM, STRAIGHT-LINE WINDS, FLOODING, LANDSLIDES, AND MUDSLIDES","2025-02-15","2025-02-18","Greenbrier (County)"
4861,"2025-02-26","WV","DR","Severe Storm","SEVERE STORM, STRAIGHT-LINE WINDS, FLOODING, LANDSLIDES, AND MUDSLIDES","2025-02-15","2025-02-18","Monroe (County)"
4861,"2025-02-26","WV","DR","Severe Storm","SEVERE STORM, STRAIGHT-LINE WINDS, FLOODING, LANDSLIDES, AND MUDSLIDES","2025-02-15","2025-02-18","Boone (County)"
4861,"2025-02-26","WV","DR","Severe Storm","SEVERE STORM, STRAIGHT-LINE WINDS, FLOODING, LANDSLIDES, AND MUDSLIDES","2025-02-15","2025-02-18","Logan (County)"
4861,"2025-02-26","WV","DR","Severe Storm","SEVERE STORM, STRAIGHT-LINE WINDS, FLOODING, LANDSLIDES, AND MUDSLIDES","2025-02-15","2025-02-18","McDowell (County)"
4861,"2025-02-26","WV","DR","Severe Storm","SEVERE STORM, STRAIGHT-LINE WINDS, FLOODING, LANDSLIDES, AND MUDSLIDES","2025-02-15","2025-02-18","Mercer (County)"
4860,"2025-02-24","KY","DR","Severe Storm","SEVERE STORMS, STRAIGHT-LINE WINDS, FLOODING, LANDSLIDES, AND MUDSLIDES","2025-02-14","2025-03-07","Letcher (County)"
4860,"2025-02-24","KY","DR","Severe Storm","SEVERE STORMS, STRAIGHT-LINE WINDS, FLOODING, LANDSLIDES, AND MUDSLIDES","2025-02-14","2025-03-07","Martin (County)"
4860,"2025-02-24","KY","DR","Severe Storm","SEVERE STORMS, STRAIGHT-LINE WINDS, FLOODING, LANDSLIDES, AND MUDSLIDES","2025-02-14","2025-03-07","Owsley (County)"
4860,"2025-02-24","KY","DR","Severe Storm","SEVERE STORMS, STRAIGHT-LINE WINDS, FLOODING, LANDSLIDES, AND MUDSLIDES","2025-02-14","2025-03-07","Knott (County)"
4860,"2025-02-24","KY","DR","Severe Storm","SEVERE STORMS, STRAIGHT-LINE WINDS, FLOODING, LANDSLIDES, AND MUDSLIDES","2025-02-14","2025-03-07","Lee (County)"
4860,"2025-02-24","KY","DR","Severe Storm","SEVERE STORMS, STRAIGHT-LINE WINDS, FLOODING, LANDSLIDES, AND MUDSLIDES","2025-02-14","2025-03-07","Pike (County)"
4860,"2025-02-24","KY","DR","Severe Storm","SEVERE STORMS, STRAIGHT-LINE WINDS, FLOODING, LANDSLIDES, AND MUDSLIDES","2025-02-14","2025-03-07","Leslie (County)"
4860,"2025-02-24","KY","DR","Severe Storm","SEVERE STORMS, STRAIGHT-LINE WINDS, FLOODING, LANDSLIDES, AND MUDSLIDES","2025-02-14","2025-03-07","Perry (County)"
4860,"2025-02-24","KY","DR","Severe Storm","SEVERE STORMS, STRAIGHT-LINE WINDS, FLOODING, LANDSLIDES, AND MUDSLIDES","2025-02-14","2025-03-07","Harlan (County)"
4860,"2025-02-24","KY","DR","Severe Storm","SEVERE STORMS, STRAIGHT-LINE WINDS, FLOODING, LANDSLIDES, AND MUDSLIDES","2025-02-14","2025-03-07","Johnson (County)"
4860,"2025-02-24","KY","DR","Severe Storm","SEVERE STORMS, STRAIGHT-LINE WINDS, FLOODING, LANDSLIDES, AND MUDSLIDES","2025-02-14","2025-03-07","Woodford (County)"
4860,"2025-02-24","KY","DR","Severe Storm","SEVERE STORMS, STRAIGHT-LINE WINDS, FLOODING, LANDSLIDES, AND MUDSLIDES","2025-02-14","2025-03-07","Breathitt (County)"
4860,"2025-02-24","KY","DR","Severe Storm","SEVERE STORMS, STRAIGHT-LINE WINDS, FLOODING, LANDSLIDES, AND MUDSLIDES","2025-02-14","2025-03-07","Estill (County)"
4860,"2025-02-24","KY","DR","Severe Storm","SEVERE STORMS, STRAIGHT-LINE WINDS, FLOODING, LANDSLIDES, AND MUDSLIDES","2025-02-14","2025-03-07","Clay (County)"
4860,"2025-02-24","KY","DR","Severe Storm","SEVERE STORMS, STRAIGHT-LINE WINDS, FLOODING, LANDSLIDES, AND MUDSLIDES","2025-02-14","2025-03-07","Union (County)"
4860,"2025-02-24","KY","DR","Severe Storm","SEVERE STORMS, STRAIGHT-LINE WINDS, FLOODING, LANDSLIDES, AND MUDSLIDES","2025-02-14","2025-03-07","Wayne (County)"
4860,"2025-02-24","KY","DR","Severe Storm","SEVERE STORMS, STRAIGHT-LINE WINDS, FLOODING, LANDSLIDES, AND MUDSLIDES","2025-02-14","2025-03-07","Whitley (County)"
4860,"2025-02-24","KY","DR","Severe Storm","SEVERE STORMS, STRAIGHT-LINE WINDS, FLOODING, LANDSLIDES, AND MUDSLIDES","2025-02-14","2025-03-07","Wolfe (County)"
4860,"2025-02-24","KY","DR","Severe Storm","SEVERE STORMS, STRAIGHT-LINE WINDS, FLOODING, LANDSLIDES, AND MUDSLIDES","2025-02-14","2025-03-07","Floyd (County)"
4860,"2025-02-24","KY","DR","Severe Storm","SEVERE STORMS, STRAIGHT-LINE WINDS, FLOODING, LANDSLIDES, AND MUDSLIDES","2025-02-14","2025-03-07","Simpson (County)"
4860,"2025-02-24","KY","DR","Severe Storm","SEVERE STORMS, STRAIGHT-LINE WINDS, FLOODING, LANDSLIDES, AND MUDSLIDES","2025-02-14","2025-03-07","Spencer (County)"
4860,"2025-02-24","KY","DR","Severe Storm","SEVERE STORMS, STRAIGHT-LINE WINDS, FLOODING, LANDSLIDES, AND MUDSLIDES","2025-02-14","2025-03-07","Trigg (County)"
4860,"2025-02-24","KY","DR","Severe Storm","SEVERE STORMS, STRAIGHT-LINE WINDS, FLOODING, LANDSLIDES, AND MUDSLIDES","2025-02-14","2025-03-07","Pulaski (County)"
4860,"2025-02-24","KY","DR","Severe Storm","SEVERE STORMS, STRAIGHT-LINE WINDS, FLOODING, LANDSLIDES, AND MUDSLIDES","2025-02-14","2025-03-07","Robertson (County)"
4860,"2025-02-24","KY","DR","Severe Storm","SEVERE STORMS, STRAIGHT-LINE WINDS, FLOODING, LANDSLIDES, AND MUDSLIDES","2025-02-14","2025-03-07","Russell (County)"
4860,"2025-02-24","KY","DR","Severe Storm","SEVERE STORMS, STRAIGHT-LINE WINDS, FLOODING, LANDSLIDES, AND MUDSLIDES","2025-02-14","2025-03-07","Ohio (County)"
4860,"2025-02-24","KY","DR","Severe Storm","SEVERE STORMS, STRAIGHT-LINE WINDS, FLOODING, LANDSLIDES, AND MUDSLIDES","2025-02-14","2025-03-07","Powell (County)"
4860,"2025-02-24","KY","DR","Severe Storm","SEVERE STORMS, STRAIGHT-LINE WINDS, FLOODING, LANDSLIDES, AND MUDSLIDES","2025-02-14","2025-03-07","Morgan (County)"
4860,"2025-02-24","KY","DR","Severe Storm","SEVERE STORMS, STRAIGHT-LINE WINDS, FLOODING, LANDSLIDES, AND MUDSLIDES","2025-02-14","2025-03-07","Menifee (County)"
4860,"2025-02-24","KY","DR","Severe Storm","SEVERE STORMS, STRAIGHT-LINE WINDS, FLOODING, LANDSLIDES, AND MUDSLIDES","2025-02-14","2025-03-07","Muhlenberg (County)"
4860,"2025-02-24","KY","DR","Severe Storm","SEVERE STORMS, STRAIGHT-LINE WINDS, FLOODING, LANDSLIDES, AND MUDSLIDES","2025-02-14","2025-03-07","McLean (County)"
4860,"2025-02-24","KY","DR","Severe Storm","SEVERE STORMS, STRAIGHT-LINE WINDS, FLOODING, LANDSLIDES, AND MUDSLIDES","2025-02-14","2025-03-07","Livingston (County)"
4860,"2025-02-24","KY","DR","Severe Storm","SEVERE STORMS, STRAIGHT-LINE WINDS, FLOODING, LANDSLIDES, AND MUDSLIDES","2025-02-14","2025-03-07","Magoffin (County)"
4860,"2025-02-24","KY","DR","Severe Storm","SEVERE STORMS, STRAIGHT-LINE WINDS, FLOODING, LANDSLIDES, AND MUDSLIDES","2025-02-14","2025-03-07","Nicholas (County)"
4860,"2025-02-24","KY","DR","Severe Storm","SEVERE STORMS, STRAIGHT-LINE WINDS, FLOODING, LANDSLIDES, AND MUDSLIDES","2025-02-14","2025-03-07","Knox (County)"
4860,"2025-02-24","KY","DR","Severe Storm","SEVERE STORMS, STRAIGHT-LINE WINDS, FLOODING, LANDSLIDES, AND MUDSLIDES","2025-02-14","2025-03-07","Hopkins (County)"
4860,"2025-02-24","KY","DR","Severe Storm","SEVERE STORMS, STRAIGHT-LINE WINDS, FLOODING, LANDSLIDES, AND MUDSLIDES","2025-02-14","2025-03-07","Laurel (County)"
4860,"2025-02-24","KY","DR","Severe Storm","SEVERE STORMS, STRAIGHT-LINE WINDS, FLOODING, LANDSLIDES, AND MUDSLIDES","2025-02-14","2025-03-07","Henderson (County)"
4860,"2025-02-24","KY","DR","Severe Storm","SEVERE STORMS, STRAIGHT-LINE WINDS, FLOODING, LANDSLIDES, AND MUDSLIDES","2025-02-14","2025-03-07","Hancock (County)"
4860,"2025-02-24","KY","DR","Severe Storm","SEVERE STORMS, STRAIGHT-LINE WINDS, FLOODING, LANDSLIDES, AND MUDSLIDES","2025-02-14","2025-03-07","Henry (County)"
4860,"2025-02-24","KY","DR","Severe Storm","SEVERE STORMS, STRAIGHT-LINE WINDS, FLOODING, LANDSLIDES, AND MUDSLIDES","2025-02-14","2025-03-07","Lawrence (County)"
4860,"2025-02-24","KY","DR","Severe Storm","SEVERE STORMS, STRAIGHT-LINE WINDS, FLOODING, LANDSLIDES, AND MUDSLIDES","2025-02-14","2025-03-07","Edmonson (County)"
4860,"2025-02-24","KY","DR","Severe Storm","SEVERE STORMS, STRAIGHT-LINE WINDS, FLOODING, LANDSLIDES, AND MUDSLIDES","2025-02-14","2025-03-07","Elliott (County)"
4860,"2025-02-24","KY","DR","Severe Storm","SEVERE STORMS, STRAIGHT-LINE WINDS, FLOODING, LANDSLIDES, AND MUDSLIDES","2025-02-14","2025-03-07","Franklin (County)"
4860,"2025-02-24","KY","DR","Severe Storm","SEVERE STORMS, STRAIGHT-LINE WINDS, FLOODING, LANDSLIDES, AND MUDSLIDES","2025-02-14","2025-03-07","Lewis (County)"
4860,"2025-02-24","KY","DR","Severe Storm","SEVERE STORMS, STRAIGHT-LINE WINDS, FLOODING, LANDSLIDES, AND MUDSLIDES","2025-02-14","2025-03-07","Green (County)"
4860,"2025-02-24","KY","DR","Severe Storm","SEVERE STORMS, STRAIGHT-LINE WINDS, FLOODING, LANDSLIDES, AND MUDSLIDES","2025-02-14","2025-03-07","Crittenden (County)"
4860,"2025-02-24","KY","DR","Severe Storm","SEVERE STORMS, STRAIGHT-LINE WINDS, FLOODING, LANDSLIDES, AND MUDSLIDES","2025-02-14","2025-03-07","Cumberland (County)"
4860,"2025-02-24","KY","DR","Severe Storm","SEVERE STORMS, STRAIGHT-LINE WINDS, FLOODING, LANDSLIDES, AND MUDSLIDES","2025-02-14","2025-03-07","Carlisle (County)"
4860,"2025-02-24","KY","DR","Severe Storm","SEVERE STORMS, STRAIGHT-LINE WINDS, FLOODING, LANDSLIDES, AND MUDSLIDES","2025-02-14","2025-03-07","Breckinridge (County)"
4860,"2025-02-24","KY","DR","Severe Storm","SEVERE STORMS, STRAIGHT-LINE WINDS, FLOODING, LANDSLIDES, AND MUDSLIDES","2025-02-14","2025-03-07","Bullitt (County)"
4860,"2025-02-24","KY","DR","Severe Storm","SEVERE STORMS, STRAIGHT-LINE WINDS, FLOODING, LANDSLIDES, AND MUDSLIDES","2025-02-14","2025-03-07","Caldwell (County)"
4860,"2025-02-24","KY","DR","Severe Storm","SEVERE STORMS, STRAIGHT-LINE WINDS, FLOODING, LANDSLIDES, AND MUDSLIDES","2025-02-14","2025-03-07","Boyd (County)"
4860,"2025-02-24","KY","DR","Severe Storm","SEVERE STORMS, STRAIGHT-LINE WINDS, FLOODING, LANDSLIDES, AND MUDSLIDES","2025-02-14","2025-03-07","Butler (County)"
4860,"2025-02-24","KY","DR","Severe Storm","SEVERE STORMS, STRAIGHT-LINE WINDS, FLOODING, LANDSLIDES, AND MUDSLIDES","2025-02-14","2025-03-07","Bell (County)"
4860,"2025-02-24","KY","DR","Severe Storm","SEVERE STORMS, STRAIGHT-LINE WINDS, FLOODING, LANDSLIDES, AND MUDSLIDES","2025-02-14","2025-03-07","Barren (County)"
4860,"2025-02-24","KY","DR","Severe Storm","SEVERE STORMS, STRAIGHT-LINE WINDS, FLOODING, LANDSLIDES, AND MUDSLIDES","2025-02-14","2025-03-07","Greenup (County)"
4860,"2025-02-24","KY","DR","Severe Storm","SEVERE STORMS, STRAIGHT-LINE WINDS, FLOODING, LANDSLIDES, AND MUDSLIDES","2025-02-14","2025-03-07","Hart (County)"
4860,"2025-02-24","KY","DR","Severe Storm","SEVERE STORMS, STRAIGHT-LINE WINDS, FLOODING, LANDSLIDES, AND MUDSLIDES","2025-02-14","2025-03-07","McCreary (County)"
4860,"2025-02-24","KY","DR","Severe Storm","SEVERE STORMS, STRAIGHT-LINE WINDS, FLOODING, LANDSLIDES, AND MUDSLIDES","2025-02-14","2025-03-07","Monroe (County)"
4860,"2025-02-24","KY","DR","Severe Storm","SEVERE STORMS, STRAIGHT-LINE WINDS, FLOODING, LANDSLIDES, AND MUDSLIDES","2025-02-14","2025-03-07","Metcalfe (County)"
4860,"2025-02-24","KY","DR","Severe Storm","SEVERE STORMS, STRAIGHT-LINE WINDS, FLOODING, LANDSLIDES, AND MUDSLIDES","2025-02-14","2025-03-07","Marshall (County)"
4860,"2025-02-24","KY","DR","Severe Storm","SEVERE STORMS, STRAIGHT-LINE WINDS, FLOODING, LANDSLIDES, AND MUDSLIDES","2025-02-14","2025-03-07","Rockcastle (County)"
4860,"2025-02-24","KY","DR","Severe Storm","SEVERE STORMS, STRAIGHT-LINE WINDS, FLOODING, LANDSLIDES, AND MUDSLIDES","2025-02-14","2025-03-07","Jefferson (County)"
4860,"2025-02-24","KY","DR","Severe Storm","SEVERE STORMS, STRAIGHT-LINE WINDS, FLOODING, LANDSLIDES, AND MUDSLIDES","2025-02-14","2025-03-07","Jackson (County)"
4860,"2025-02-24","KY","DR","Severe Storm","SEVERE STORMS, STRAIGHT-LINE WINDS, FLOODING, LANDSLIDES, AND MUDSLIDES","2025-02-14","2025-03-07","Adair (County)"
4860,"2025-02-24","KY","DR","Severe Storm","SEVERE STORMS, STRAIGHT-LINE WINDS, FLOODING, LANDSLIDES, AND MUDSLIDES","2025-02-14","2025-03-07","Allen (County)"
4860,"2025-02-24","KY","DR","Severe Storm","SEVERE STORMS, STRAIGHT-LINE WINDS, FLOODING, LANDSLIDES, AND MUDSLIDES","2025-02-14","2025-03-07","Ballard (County)"
4860,"2025-02-24","KY","DR","Severe Storm","SEVERE STORMS, STRAIGHT-LINE WINDS, FLOODING, LANDSLIDES, AND MUDSLIDES","2025-02-14","2025-03-07","Hickman (County)"
3624,"2025-02-16","KY","EM","Severe Storm","SEVERE STORMS, STRAIGHT-LINE WINDS, FLOODING, AND LANDSLIDES","2025-02-14","2025-03-07","Owsley (County)"
3624,"2025-02-16","KY","EM","Severe Storm","SEVERE STORMS, STRAIGHT-LINE WINDS, FLOODING, AND LANDSLIDES","2025-02-14","2025-03-07","Nicholas (County)"
3624,"2025-02-16","KY","EM","Severe Storm","SEVERE STORMS, STRAIGHT-LINE WINDS, FLOODING, AND LANDSLIDES","2025-02-14","2025-03-07","Wolfe (County)"
3624,"2025-02-16","KY","EM","Severe Storm","SEVERE STORMS, STRAIGHT-LINE WINDS, FLOODING, AND LANDSLIDES","2025-02-14","2025-03-07","Oldham (County)"
3624,"2025-02-16","KY","EM","Severe Storm","SEVERE STORMS, STRAIGHT-LINE WINDS, FLOODING, AND LANDSLIDES","2025-02-14","2025-03-07","Whitley (County)"
3624,"2025-02-16","KY","EM","Severe Storm","SEVERE STORMS, STRAIGHT-LINE WINDS, FLOODING, AND LANDSLIDES","2025-02-14","2025-03-07","Trigg (County)"
3624,"2025-02-16","KY","EM","Severe Storm","SEVERE STORMS, STRAIGHT-LINE WINDS, FLOODING, AND LANDSLIDES","2025-02-14","2025-03-07","Washington (County)"
3624,"2025-02-16","KY","EM","Severe Storm","SEVERE STORMS, STRAIGHT-LINE WINDS, FLOODING, AND LANDSLIDES","2025-02-14","2025-03-07","Shelby (County)"
3624,"2025-02-16","KY","EM","Severe Storm","SEVERE STORMS, STRAIGHT-LINE WINDS, FLOODING, AND LANDSLIDES","2025-02-14","2025-03-07","Wayne (County)"
3624,"2025-02-16","KY","EM","Severe Storm","SEVERE STORMS, STRAIGHT-LINE WINDS, FLOODING, AND LANDSLIDES","2025-02-14","2025-03-07","Simpson (County)"
3624,"2025-02-16","KY","EM","Severe Storm","SEVERE STORMS, STRAIGHT-LINE WINDS, FLOODING, AND LANDSLIDES","2025-02-14","2025-03-07","Robertson (County)"
3624,"2025-02-16","KY","EM","Severe Storm","SEVERE STORMS, STRAIGHT-LINE WINDS, FLOODING, AND LANDSLIDES","2025-02-14","2025-03-07","Pulaski (County)"
3624,"2025-02-16","KY","EM","Severe Storm","SEVERE STORMS, STRAIGHT-LINE WINDS, FLOODING, AND LANDSLIDES","2025-02-14","2025-03-07","Letcher (County)"
3624,"2025-02-16","KY","EM","Severe Storm","SEVERE STORMS, STRAIGHT-LINE WINDS, FLOODING, AND LANDSLIDES","2025-02-14","2025-03-07","Martin (County)"
3624,"2025-02-16","KY","EM","Severe Storm","SEVERE STORMS, STRAIGHT-LINE WINDS, FLOODING, AND LANDSLIDES","2025-02-14","2025-03-07","Montgomery (County)"
3624,"2025-02-16","KY","EM","Severe Storm","SEVERE STORMS, STRAIGHT-LINE WINDS, FLOODING, AND LANDSLIDES","2025-02-14","2025-03-07","Lewis (County)"
3624,"2025-02-16","KY","EM","Severe Storm","SEVERE STORMS, STRAIGHT-LINE WINDS, FLOODING, AND LANDSLIDES","2025-02-14","2025-03-07","Livingston (County)"
3624,"2025-02-16","KY","EM","Severe Storm","SEVERE STORMS, STRAIGHT-LINE WINDS, FLOODING, AND LANDSLIDES","2025-02-14","2025-03-07","McLean (County)"
3624,"2025-02-16","KY","EM","Severe Storm","SEVERE STORMS, STRAIGHT-LINE WINDS, FLOODING, AND LANDSLIDES","2025-02-14","2025-03-07","McCracken (County)"
3624,"2025-02-16","KY","EM","Severe Storm","SEVERE STORMS, STRAIGHT-LINE WINDS, FLOODING, AND LANDSLIDES","2025-02-14","2025-03-07","McCreary (County)"
3624,"2025-02-16","KY","EM","Severe Storm","SEVERE STORMS, STRAIGHT-LINE WINDS, FLOODING, AND LANDSLIDES","2025-02-14","2025-03-07","Lincoln (County)"
3624,"2025-02-16","KY","EM","Severe Storm","SEVERE STORMS, STRAIGHT-LINE WINDS, FLOODING, AND LANDSLIDES","2025-02-14","2025-03-07","Madison (County)"
3624,"2025-02-16","KY","EM","Severe Storm","SEVERE STORMS, STRAIGHT-LINE WINDS, FLOODING, AND LANDSLIDES","2025-02-14","2025-03-07","Magoffin (County)"
3624,"2025-02-16","KY","EM","Severe Storm","SEVERE STORMS, STRAIGHT-LINE WINDS, FLOODING, AND LANDSLIDES","2025-02-14","2025-03-07","Pendleton (County)"
3624,"2025-02-16","KY","EM","Severe Storm","SEVERE STORMS, STRAIGHT-LINE WINDS, FLOODING, AND LANDSLIDES","2025-02-14","2025-03-07","Webster (County)"
3624,"2025-02-16","KY","EM","Severe Storm","SEVERE STORMS, STRAIGHT-LINE WINDS, FLOODING, AND LANDSLIDES","2025-02-14","2025-03-07","Owen (County)"
3624,"2025-02-16","KY","EM","Severe Storm","SEVERE STORMS, STRAIGHT-LINE WINDS, FLOODING, AND LANDSLIDES","2025-02-14","2025-03-07","Woodford (County)"
3624,"2025-02-16","KY","EM","Severe Storm","SEVERE STORMS, STRAIGHT-LINE WINDS, FLOODING, AND LANDSLIDES","2025-02-14","2025-03-07","Ohio (County)"
3624,"2025-02-16","KY","EM","Severe Storm","SEVERE STORMS, STRAIGHT-LINE WINDS, FLOODING, AND LANDSLIDES","2025-02-14","2025-03-07","Kenton (County)"
3624,"2025-02-16","KY","EM","Severe Storm","SEVERE STORMS, STRAIGHT-LINE WINDS, FLOODING, AND LANDSLIDES","2025-02-14","2025-03-07","Trimble (County)"
3624,"2025-02-16","KY","EM","Severe Storm","SEVERE STORMS, STRAIGHT-LINE WINDS, FLOODING, AND LANDSLIDES","2025-02-14","2025-03-07","Union (County)"
3624,"2025-02-16","KY","EM","Severe Storm","SEVERE STORMS, STRAIGHT-LINE WINDS, FLOODING, AND LANDSLIDES","2025-02-14","2025-03-07","Rockcastle (County)"
3624,"2025-02-16","KY","EM","Severe Storm","SEVERE STORMS, STRAIGHT-LINE WINDS, FLOODING, AND LANDSLIDES","2025-02-14","2025-03-07","Perry (County)"
3624,"2025-02-16","KY","EM","Severe Storm","SEVERE STORMS, STRAIGHT-LINE WINDS, FLOODING, AND LANDSLIDES","2025-02-14","2025-03-07","Rowan (County)"
3624,"2025-02-16","KY","EM","Severe Storm","SEVERE STORMS, STRAIGHT-LINE WINDS, FLOODING, AND LANDSLIDES","2025-02-14","2025-03-07","Russell (County)"
3624,"2025-02-16","KY","EM","Severe Storm","SEVERE STORMS, STRAIGHT-LINE WINDS, FLOODING, AND LANDSLIDES","2025-02-14","2025-03-07","Scott (County)"
3624,"2025-02-16","KY","EM","Severe Storm","SEVERE STORMS, STRAIGHT-LINE WINDS, FLOODING, AND LANDSLIDES","2025-02-14","2025-03-07","Todd (County)"
3624,"2025-02-16","KY","EM","Severe Storm","SEVERE STORMS, STRAIGHT-LINE WINDS, FLOODING, AND LANDSLIDES","2025-02-14","2025-03-07","Taylor (County)"
3624,"2025-02-16","KY","EM","Severe Storm","SEVERE STORMS, STRAIGHT-LINE WINDS, FLOODING, AND LANDSLIDES","2025-02-14","2025-03-07","Warren (County)"
3624,"2025-02-16","KY","EM","Severe Storm","SEVERE STORMS, STRAIGHT-LINE WINDS, FLOODING, AND LANDSLIDES","2025-02-14","2025-03-07","Boone (County)"
3624,"2025-02-16","KY","EM","Severe Storm","SEVERE STORMS, STRAIGHT-LINE WINDS, FLOODING, AND LANDSLIDES","2025-02-14","2025-03-07","Leslie (County)"
3624,"2025-02-16","KY","EM","Severe Storm","SEVERE STORMS, STRAIGHT-LINE WINDS, FLOODING, AND LANDSLIDES","2025-02-14","2025-03-07","Nelson (County)"
3624,"2025-02-16","KY","EM","Severe Storm","SEVERE STORMS, STRAIGHT-LINE WINDS, FLOODING, AND LANDSLIDES","2025-02-14","2025-03-07","Harrison (County)"
3624,"2025-02-16","KY","EM","Severe Storm","SEVERE STORMS, STRAIGHT-LINE WINDS, FLOODING, AND LANDSLIDES","2025-02-14","2025-03-07","Powell (County)"
3624,"2025-02-16","KY","EM","Severe Storm","SEVERE STORMS, STRAIGHT-LINE WINDS, FLOODING, AND LANDSLIDES","2025-02-14","2025-03-07","Pike (County)"
3624,"2025-02-16","KY","EM","Severe Storm","SEVERE STORMS, STRAIGHT-LINE WINDS, FLOODING, AND LANDSLIDES","2025-02-14","2025-03-07","Hardin (County)"
3624,"2025-02-16","KY","EM","Severe Storm","SEVERE STORMS, STRAIGHT-LINE WINDS, FLOODING, AND LANDSLIDES","2025-02-14","2025-03-07","Muhlenberg (County)"
3624,"2025-02-16","KY","EM","Severe Storm","SEVERE STORMS, STRAIGHT-LINE WINDS, FLOODING, AND LANDSLIDES","2025-02-14","2025-03-07","Clinton (County)"
3624,"2025-02-16","KY","EM","Severe Storm","SEVERE STORMS, STRAIGHT-LINE WINDS, FLOODING, AND LANDSLIDES","2025-02-14","2025-03-07","Calloway (County)"
3624,"2025-02-16","KY","EM","Severe Storm","SEVERE STORMS, STRAIGHT-LINE WINDS, FLOODING, AND LANDSLIDES","2025-02-14","2025-03-07","Boyle (County)"
3624,"2025-02-16","KY","EM","Severe Storm","SEVERE STORMS, STRAIGHT-LINE WINDS, FLOODING, AND LANDSLIDES","2025-02-14","2025-03-07","Green (County)"
3624,"2025-02-16","KY","EM","Severe Storm","SEVERE STORMS, STRAIGHT-LINE WINDS, FLOODING, AND LANDSLIDES","2025-02-14","2025-03-07","Morgan (County)"
3624,"2025-02-16","KY","EM","Severe Storm","SEVERE STORMS, STRAIGHT-LINE WINDS, FLOODING, AND LANDSLIDES","2025-02-14","2025-03-07","Spencer (County)"
3624,"2025-02-16","KY","EM","Severe Storm","SEVERE STORMS, STRAIGHT-LINE WINDS, FLOODING, AND LANDSLIDES","2025-02-14","2025-03-07","Gallatin (County)"
3624,"2025-02-16","KY","EM","Severe Storm","SEVERE STORMS, STRAIGHT-LINE WINDS, FLOODING, AND LANDSLIDES","2025-02-14","2025-03-07","Garrard (County)"
3624,"2025-02-16","KY","EM","Severe Storm","SEVERE STORMS, STRAIGHT-LINE WINDS, FLOODING, AND LANDSLIDES","2025-02-14","2025-03-07","Fulton (County)"
3624,"2025-02-16","KY","EM","Severe Storm","SEVERE STORMS, STRAIGHT-LINE WINDS, FLOODING, AND LANDSLIDES","2025-02-14","2025-03-07","Grant (County)"
3624,"2025-02-16","KY","EM","Severe Storm","SEVERE STORMS, STRAIGHT-LINE WINDS, FLOODING, AND LANDSLIDES","2025-02-14","2025-03-07","Fleming (County)"
3624,"2025-02-16","KY","EM","Severe Storm","SEVERE STORMS, STRAIGHT-LINE WINDS, FLOODING, AND LANDSLIDES","2025-02-14","2025-03-07","Floyd (County)"
3624,"2025-02-16","KY","EM","Severe Storm","SEVERE STORMS, STRAIGHT-LINE WINDS, FLOODING, AND LANDSLIDES","2025-02-14","2025-03-07","Graves (County)"
3624,"2025-02-16","KY","EM","Severe Storm","SEVERE STORMS, STRAIGHT-LINE WINDS, FLOODING, AND LANDSLIDES","2025-02-14","2025-03-07","Franklin (County)"
3624,"2025-02-16","KY","EM","Severe Storm","SEVERE STORMS, STRAIGHT-LINE WINDS, FLOODING, AND LANDSLIDES","2025-02-14","2025-03-07","Edmonson (County)"
3624,"2025-02-16","KY","EM","Severe Storm","SEVERE STORMS, STRAIGHT-LINE WINDS, FLOODING, AND LANDSLIDES","2025-02-14","2025-03-07","Elliott (County)"
3624,"2025-02-16","KY","EM","Severe Storm","SEVERE STORMS, STRAIGHT-LINE WINDS, FLOODING, AND LANDSLIDES","2025-02-14","2025-03-07","Estill (County)"
3624,"2025-02-16","KY","EM","Severe Storm","SEVERE STORMS, STRAIGHT-LINE WINDS, FLOODING, AND LANDSLIDES","2025-02-14","2025-03-07","Daviess (County)"
3624,"2025-02-16","KY","EM","Severe Storm","SEVERE STORMS, STRAIGHT-LINE WINDS, FLOODING, AND LANDSLIDES","2025-02-14","2025-03-07","Cumberland (County)"
3624,"2025-02-16","KY","EM","Severe Storm","SEVERE STORMS, STRAIGHT-LINE WINDS, FLOODING, AND LANDSLIDES","2025-02-14","2025-03-07","Fayette (County)"
3624,"2025-02-16","KY","EM","Severe Storm","SEVERE STORMS, STRAIGHT-LINE WINDS, FLOODING, AND LANDSLIDES","2025-02-14","2025-03-07","Grayson (County)"
3624,"2025-02-16","KY","EM","Severe Storm","SEVERE STORMS, STRAIGHT-LINE WINDS, FLOODING, AND LANDSLIDES","2025-02-14","2025-03-07","Casey (County)"
3624,"2025-02-16","KY","EM","Severe Storm","SEVERE STORMS, STRAIGHT-LINE WINDS, FLOODING, AND LANDSLIDES","2025-02-14","2025-03-07","Christian (County)"
3624,"2025-02-16","KY","EM","Severe Storm","SEVERE STORMS, STRAIGHT-LINE WINDS, FLOODING, AND LANDSLIDES","2025-02-14","2025-03-07","Clark (County)"
3624,"2025-02-16","KY","EM","Severe Storm","SEVERE STORMS, STRAIGHT-LINE WINDS, FLOODING, AND LANDSLIDES","2025-02-14","2025-03-07","Carter (County)"
3624,"2025-02-16","KY","EM","Severe Storm","SEVERE STORMS, STRAIGHT-LINE WINDS, FLOODING, AND LANDSLIDES","2025-02-14","2025-03-07","Campbell (County)"
3624,"2025-02-16","KY","EM","Severe Storm","SEVERE STORMS, STRAIGHT-LINE WINDS, FLOODING, AND LANDSLIDES","2025-02-14","2025-03-07","Carlisle (County)"
3624,"2025-02-16","KY","EM","Severe Storm","SEVERE STORMS, STRAIGHT-LINE WINDS, FLOODING, AND LANDSLIDES","2025-02-14","2025-03-07","Clay (County)"
3624,"2025-02-16","KY","EM","Severe Storm","SEVERE STORMS, STRAIGHT-LINE WINDS, FLOODING, AND LANDSLIDES","2025-02-14","2025-03-07","Carroll (County)"
3624,"2025-02-16","KY","EM","Severe Storm","SEVERE STORMS, STRAIGHT-LINE WINDS, FLOODING, AND LANDSLIDES","2025-02-14","2025-03-07","Bullitt (County)"
3624,"2025-02-16","KY","EM","Severe Storm","SEVERE STORMS, STRAIGHT-LINE WINDS, FLOODING, AND LANDSLIDES","2025-02-14","2025-03-07","Butler (County)"
3624,"2025-02-16","KY","EM","Severe Storm","SEVERE STORMS, STRAIGHT-LINE WINDS, FLOODING, AND LANDSLIDES","2025-02-14","2025-03-07","Caldwell (County)"
3624,"2025-02-16","KY","EM","Severe Storm","SEVERE STORMS, STRAIGHT-LINE WINDS, FLOODING, AND LANDSLIDES","2025-02-14","2025-03-07","Breckinridge (County)"
3624,"2025-02-16","KY","EM","Severe Storm","SEVERE STORMS, STRAIGHT-LINE WINDS, FLOODING, AND LANDSLIDES","2025-02-14","2025-03-07","Bracken (County)"
3624,"2025-02-16","KY","EM","Severe Storm","SEVERE STORMS, STRAIGHT-LINE WINDS, FLOODING, AND LANDSLIDES","2025-02-14","2025-03-07","Breathitt (County)"
3624,"2025-02-16","KY","EM","Severe Storm","SEVERE STORMS, STRAIGHT-LINE WINDS, FLOODING, AND LANDSLIDES","2025-02-14","2025-03-07","Boyd (County)"
3624,"2025-02-16","KY","EM","Severe Storm","SEVERE STORMS, STRAIGHT-LINE WINDS, FLOODING, AND LANDSLIDES","2025-02-14","2025-03-07","Crittenden (County)"
3624,"2025-02-16","KY","EM","Severe Storm","SEVERE STORMS, STRAIGHT-LINE WINDS, FLOODING, AND LANDSLIDES","2025-02-14","2025-03-07","Greenup (County)"
3624,"2025-02-16","KY","EM","Severe Storm","SEVERE STORMS, STRAIGHT-LINE WINDS, FLOODING, AND LANDSLIDES","2025-02-14","2025-03-07","Anderson (County)"
3624,"2025-02-16","KY","EM","Severe Storm","SEVERE STORMS, STRAIGHT-LINE WINDS, FLOODING, AND LANDSLIDES","2025-02-14","2025-03-07","Ballard (County)"
3624,"2025-02-16","KY","EM","Severe Storm","SEVERE STORMS, STRAIGHT-LINE WINDS, FLOODING, AND LANDSLIDES","2025-02-14","2025-03-07","Barren (County)"
3624,"2025-02-16","KY","EM","Severe Storm","SEVERE STORMS, STRAIGHT-LINE WINDS, FLOODING, AND LANDSLIDES","2025-02-14","2025-03-07","Allen (County)"
3624,"2025-02-16","KY","EM","Severe Storm","SEVERE STORMS, STRAIGHT-LINE WINDS, FLOODING, AND LANDSLIDES","2025-02-14","2025-03-07","Bath (County)"
3624,"2025-02-16","KY","EM","Severe Storm","SEVERE STORMS, STRAIGHT-LINE WINDS, FLOODING, AND LANDSLIDES","2025-02-14","2025-03-07","Adair (County)"
3624,"2025-02-16","KY","EM","Severe Storm","SEVERE STORMS, STRAIGHT-LINE WINDS, FLOODING, AND LANDSLIDES","2025-02-14","2025-03-07","Bell (County)"
3624,"2025-02-16","KY","EM","Severe Storm","SEVERE STORMS, STRAIGHT-LINE WINDS, FLOODING, AND LANDSLIDES","2025-02-14","2025-03-07","Lee (County)"
3624,"2025-02-16","KY","EM","Severe Storm","SEVERE STORMS, STRAIGHT-LINE WINDS, FLOODING, AND LANDSLIDES","2025-02-14","2025-03-07","Knox (County)"
3624,"2025-02-16","KY","EM","Severe Storm","SEVERE STORMS, STRAIGHT-LINE WINDS, FLOODING, AND LANDSLIDES","2025-02-14","2025-03-07","Larue (County)"
3624,"2025-02-16","KY","EM","Severe Storm","SEVERE STORMS, STRAIGHT-LINE WINDS, FLOODING, AND LANDSLIDES","2025-02-14","2025-03-07","Laurel (County)"
3624,"2025-02-16","KY","EM","Severe Storm","SEVERE STORMS, STRAIGHT-LINE WINDS, FLOODING, AND LANDSLIDES","2025-02-14","2025-03-07","Knott (County)"
3624,"2025-02-16","KY","EM","Severe Storm","SEVERE STORMS, STRAIGHT-LINE WINDS, FLOODING, AND LANDSLIDES","2025-02-14","2025-03-07","Bourbon (County)"
3624,"2025-02-16","KY","EM","Severe Storm","SEVERE STORMS, STRAIGHT-LINE WINDS, FLOODING, AND LANDSLIDES","2025-02-14","2025-03-07","Hopkins (County)"
3624,"2025-02-16","KY","EM","Severe Storm","SEVERE STORMS, STRAIGHT-LINE WINDS, FLOODING, AND LANDSLIDES","2025-02-14","2025-03-07","Lawrence (County)"
3624,"2025-02-16","KY","EM","Severe Storm","SEVERE STORMS, STRAIGHT-LINE WINDS, FLOODING, AND LANDSLIDES","2025-02-14","2025-03-07","Henry (County)"
3624,"2025-02-16","KY","EM","Severe Storm","SEVERE STORMS, STRAIGHT-LINE WINDS, FLOODING, AND LANDSLIDES","2025-02-14","2025-03-07","Hancock (County)"
3624,"2025-02-16","KY","EM","Severe Storm","SEVERE STORMS, STRAIGHT-LINE WINDS, FLOODING, AND LANDSLIDES","2025-02-14","2025-03-07","Harlan (County)"
3624,"2025-02-16","KY","EM","Severe Storm","SEVERE STORMS, STRAIGHT-LINE WINDS, FLOODING, AND LANDSLIDES","2025-02-14","2025-03-07","Hart (County)"
3624,"2025-02-16","KY","EM","Severe Storm","SEVERE STORMS, STRAIGHT-LINE WINDS, FLOODING, AND LANDSLIDES","2025-02-14","2025-03-07","Henderson (County)"
3624,"2025-02-16","KY","EM","Severe Storm","SEVERE STORMS, STRAIGHT-LINE WINDS, FLOODING, AND LANDSLIDES","2025-02-14","2025-03-07","Jefferson (County)"
3624,"2025-02-16","KY","EM","Severe Storm","SEVERE STORMS, STRAIGHT-LINE WINDS, FLOODING, AND LANDSLIDES","2025-02-14","2025-03-07","Jackson (County)"
3624,"2025-02-16","KY","EM","Severe Storm","SEVERE STORMS, STRAIGHT-LINE WINDS, FLOODING, AND LANDSLIDES","2025-02-14","2025-03-07","Menifee (County)"
3624,"2025-02-16","KY","EM","Severe Storm","SEVERE STORMS, STRAIGHT-LINE WINDS, FLOODING, AND LANDSLIDES","2025-02-14","2025-03-07","Mercer (County)"
3624,"2025-02-16","KY","EM","Severe Storm","SEVERE STORMS, STRAIGHT-LINE WINDS, FLOODING, AND LANDSLIDES","2025-02-14","2025-03-07","Hickman (County)"
3624,"2025-02-16","KY","EM","Severe Storm","SEVERE STORMS, STRAIGHT-LINE WINDS, FLOODING, AND LANDSLIDES","2025-02-14","2025-03-07","Jessamine (County)"
3624,"2025-02-16","KY","EM","Severe Storm","SEVERE STORMS, STRAIGHT-LINE WINDS, FLOODING, AND LANDSLIDES","2025-02-14","2025-03-07","Mason (County)"
3624,"2025-02-16","KY","EM","Severe Storm","SEVERE STORMS, STRAIGHT-LINE WINDS, FLOODING, AND LANDSLIDES","2025-02-14","2025-03-07","Meade (County)"
3624,"2025-02-16","KY","EM","Severe Storm","SEVERE STORMS, STRAIGHT-LINE WINDS, FLOODING, AND LANDSLIDES","2025-02-14","2025-03-07","Marion (County)"
3624,"2025-02-16","KY","EM","Severe Storm","SEVERE STORMS, STRAIGHT-LINE WINDS, FLOODING, AND LANDSLIDES","2025-02-14","2025-03-07","Marshall (County)"
3624,"2025-02-16","KY","EM","Severe Storm","SEVERE STORMS, STRAIGHT-LINE WINDS, FLOODING, AND LANDSLIDES","2025-02-14","2025-03-07","Logan (County)"
3624,"2025-02-16","KY","EM","Severe Storm","SEVERE STORMS, STRAIGHT-LINE WINDS, FLOODING, AND LANDSLIDES","2025-02-14","2025-03-07","Johnson (County)"
3624,"2025-02-16","KY","EM","Severe Storm","SEVERE STORMS, STRAIGHT-LINE WINDS, FLOODING, AND LANDSLIDES","2025-02-14","2025-03-07","Metcalfe (County)"
3624,"2025-02-16","KY","EM","Severe Storm","SEVERE STORMS, STRAIGHT-LINE WINDS, FLOODING, AND LANDSLIDES","2025-02-14","2025-03-07","Lyon (County)"
3624,"2025-02-16","KY","EM","Severe Storm","SEVERE STORMS, STRAIGHT-LINE WINDS, FLOODING, AND LANDSLIDES","2025-02-14","2025-03-07","Monroe (County)"
4859,"2025-01-15","AK","DR","Severe Storm","SEVERE STORM AND FLOODING","2024-10-20","2024-10-23","Bering Strait Regional Educational Attendance Area"
4859,"2025-01-15","AK","DR","Severe Storm","SEVERE STORM AND FLOODING","2024-10-20","2024-10-23","Northwest Arctic (Borough)"
4858,"2025-01-10","SC","DR","Flood","SEVERE STORMS AND FLOODING","2024-11-06","2024-11-14","Orangeburg (County)"
4857,"2025-01-10","AK","DR","Severe Storm","SEVERE STORM AND FLOODING","2024-08-15","2024-08-18","Kwigillingok (ANV/ANVSA)"
4858,"2025-01-10","SC","DR","Flood","SEVERE STORMS AND FLOODING","2024-11-06","2024-11-14","Bamberg (County)"
4858,"2025-01-10","SC","DR","Flood","SEVERE STORMS AND FLOODING","2024-11-06","2024-11-14","Calhoun (County)"
4856,"2025-01-08","CA","DR","Fire","WILDFIRES AND STRAIGHT-LINE WINDS","2025-01-07","2025-01-31","Los Angeles (County)"
5551,"2025-01-08","CA","FM","Fire","HURST FIRE","2025-01-07","","Los Angeles (County)"
5550,"2025-01-08","CA","FM","Fire","EATON FIRE","2025-01-07","","Los Angeles (County)"
5549,"2025-01-07","CA","FM","Fire","PALISADES FIRE","2025-01-07","","Los Angeles (County)"
4855,"2025-01-01","MO","DR","Severe Storm","SEVERE STORMS, TORNADOES, STRAIGHT-LINE WINDS, AND FLOODING","2024-11-03","2024-11-09","Carter (County)"
4855,"2025-01-01","MO","DR","Severe Storm","SEVERE STORMS, TORNADOES, STRAIGHT-LINE WINDS, AND FLOODING","2024-11-03","2024-11-09","Dent (County)"
4853,"2025-01-01","AK","DR","Severe Storm","SEVERE STORM AND FLOODING","2024-08-16","2024-08-18","Kipnuk (ANV/ANVSA)"
4855,"2025-01-01","MO","DR","Severe Storm","SEVERE STORMS, TORNADOES, STRAIGHT-LINE WINDS, AND FLOODING","2024-11-03","2024-11-09","Wright (County)"
4855,"2025-01-01","MO","DR","Severe Storm","SEVERE STORMS, TORNADOES, STRAIGHT-LINE WINDS, AND FLOODING","2024-11-03","2024-11-09","Texas (County)"
4855,"2025-01-01","MO","DR","Severe Storm","SEVERE STORMS, TORNADOES, STRAIGHT-LINE WINDS, AND FLOODING","2024-11-03","2024-11-09","Pulaski (County)"
4855,"2025-01-01","MO","DR","Severe Storm","SEVERE STORMS, TORNADOES, STRAIGHT-LINE WINDS, AND FLOODING","2024-11-03","2024-11-09","Phelps (County)"
4855,"2025-01-01","MO","DR","Severe Storm","SEVERE STORMS, TORNADOES, STRAIGHT-LINE WINDS, AND FLOODING","2024-11-03","2024-11-09","Washington (County)"
4855,"2025-01-01","MO","DR","Severe Storm","SEVERE STORMS, TORNADOES, STRAIGHT-LINE WINDS, AND FLOODING","2024-11-03","2024-11-09","Reynolds (County)"
4855,"2025-01-01","MO","DR","Severe Storm","SEVERE STORMS, TORNADOES, STRAIGHT-LINE WINDS, AND FLOODING","2024-11-03","2024-11-09","Ozark (County)"
4855,"2025-01-01","MO","DR","Severe Storm","SEVERE STORMS, TORNADOES, STRAIGHT-LINE WINDS, AND FLOODING","2024-11-03","2024-11-09","Shannon (County)"
4855,"2025-01-01","MO","DR","Severe Storm","SEVERE STORMS, TORNADOES, STRAIGHT-LINE WINDS, AND FLOODING","2024-11-03","2024-11-09","Douglas (County)"
4855,"2025-01-01","MO","DR","Severe Storm","SEVERE STORMS, TORNADOES, STRAIGHT-LINE WINDS, AND FLOODING","2024-11-03","2024-11-09","Crawford (County)"
4855,"2025-01-01","MO","DR","Severe Storm","SEVERE STORMS, TORNADOES, STRAIGHT-LINE WINDS, AND FLOODING","2024-11-03","2024-11-09","Howell (County)"
4855,"2025-01-01","MO","DR","Severe Storm","SEVERE STORMS, TORNADOES, STRAIGHT-LINE WINDS, AND FLOODING","2024-11-03","2024-11-09","Oregon (County)"
4854,"2025-01-01","OR","DR","Fire","WILDFIRES","2024-07-10","2024-08-23","Wasco (County)"
4854,"2025-01-01","OR","DR","Fire","WILDFIRES","2024-07-10","2024-08-23","Umatilla (County)"
4854,"2025-01-01","OR","DR","Fire","WILDFIRES","2024-07-10","2024-08-23","Wheeler (County)"
4854,"2025-01-01","OR","DR","Fire","WILDFIRES","2024-07-10","2024-08-23","Gilliam (County)"
4854,"2025-01-01","OR","DR","Fire","WILDFIRES","2024-07-10","2024-08-23","Grant (County)"
4852,"2024-12-24","ND","DR","Fire","WILDFIRES AND STRAIGHT-LINE WINDS","2024-10-05","2024-10-06","McKenzie (County)"
4852,"2024-12-24","ND","DR","Fire","WILDFIRES AND STRAIGHT-LINE WINDS","2024-10-05","2024-10-06","Williams (County)"
5548,"2024-12-10","CA","FM","Fire","FRANKLIN FIRE","2024-12-10","2024-12-18","Los Angeles (County)"
4851,"2024-12-09","WV","DR","Tropical Storm","POST-TROPICAL STORM HELENE","2024-09-25","2024-09-28","Mercer (County)"
4850,"2024-11-27","PR","DR","Tropical Storm","TROPICAL STORM ERNESTO ","2024-08-13","2024-08-16","San Lorenzo (Municipio)"
4850,"2024-11-27","PR","DR","Tropical Storm","TROPICAL STORM ERNESTO ","2024-08-13","2024-08-16","Fajardo (Municipio)"
4850,"2024-11-27","PR","DR","Tropical Storm","TROPICAL STORM ERNESTO ","2024-08-13","2024-08-16","Corozal (Municipio)"
4850,"2024-11-27","PR","DR","Tropical Storm","TROPICAL STORM ERNESTO ","2024-08-13","2024-08-16","Coamo (Municipio)"
4850,"2024-11-27","PR","DR","Tropical Storm","TROPICAL STORM ERNESTO ","2024-08-13","2024-08-16","Maricao (Municipio)"
4850,"2024-11-27","PR","DR","Tropical Storm","TROPICAL STORM ERNESTO ","2024-08-13","2024-08-16","San German (Municipio)"
4850,"2024-11-27","PR","DR","Tropical Storm","TROPICAL STORM ERNESTO ","2024-08-13","2024-08-16","Orocovis (Municipio)"
4850,"2024-11-27","PR","DR","Tropical Storm","TROPICAL STORM ERNESTO ","2024-08-13","2024-08-16","Rio Grande (Municipio)"
4850,"2024-11-27","PR","DR","Tropical Storm","TROPICAL STORM ERNESTO ","2024-08-13","2024-08-16","Ponce (Municipio)"
4850,"2024-11-27","PR","DR","Tropical Storm","TROPICAL STORM ERNESTO ","2024-08-13","2024-08-16","Maunabo (Municipio)"
4850,"2024-11-27","PR","DR","Tropical Storm","TROPICAL STORM ERNESTO ","2024-08-13","2024-08-16","Manati (Municipio)"
4850,"2024-11-27","PR","DR","Tropical Storm","TROPICAL STORM ERNESTO ","2024-08-13","2024-08-16","Mayaguez (Municipio)"
4850,"2024-11-27","PR","DR","Tropical Storm","TROPICAL STORM ERNESTO ","2024-08-13","2024-08-16","Las Piedras (Municipio)"
4850,"2024-11-27","PR","DR","Tropical Storm","TROPICAL STORM ERNESTO ","2024-08-13","2024-08-16","Loiza (Municipio)"
4850,"2024-11-27","PR","DR","Tropical Storm","TROPICAL STORM ERNESTO ","2024-08-13","2024-08-16","Naguabo (Municipio)"
4850,"2024-11-27","PR","DR","Tropical Storm","TROPICAL STORM ERNESTO ","2024-08-13","2024-08-16","Luquillo (Municipio)"
4850,"2024-11-27","PR","DR","Tropical Storm","TROPICAL STORM ERNESTO ","2024-08-13","2024-08-16","Hormigueros (Municipio)"
4850,"2024-11-27","PR","DR","Tropical Storm","TROPICAL STORM ERNESTO ","2024-08-13","2024-08-16","Comerio (Municipio)"
4850,"2024-11-27","PR","DR","Tropical Storm","TROPICAL STORM ERNESTO ","2024-08-13","2024-08-16","Jayuya (Municipio)"
4850,"2024-11-27","PR","DR","Tropical Storm","TROPICAL STORM ERNESTO ","2024-08-13","2024-08-16","Ceiba (Municipio)"
4850,"2024-11-27","PR","DR","Tropical Storm","TROPICAL STORM ERNESTO ","2024-08-13","2024-08-16","Canovanas (Municipio)"
4850,"2024-11-27","PR","DR","Tropical Storm","TROPICAL STORM ERNESTO ","2024-08-13","2024-08-16","Lares (Municipio)"
4850,"2024-11-27","PR","DR","Tropical Storm","TROPICAL STORM ERNESTO ","2024-08-13","2024-08-16","San Sebastian (Municipio)"
4850,"2024-11-27","PR","DR","Tropical Storm","TROPICAL STORM ERNESTO ","2024-08-13","2024-08-16","Camuy (Municipio)"
4850,"2024-11-27","PR","DR","Tropical Storm","TROPICAL STORM ERNESTO ","2024-08-13","2024-08-16","Las Marias (Municipio)"
4850,"2024-11-27","PR","DR","Tropical Storm","TROPICAL STORM ERNESTO ","2024-08-13","2024-08-16","Adjuntas (Municipio)"
4850,"2024-11-27","PR","DR","Tropical Storm","TROPICAL STORM ERNESTO ","2024-08-13","2024-08-16","Aguas Buenas (Municipio)"
4850,"2024-11-27","PR","DR","Tropical Storm","TROPICAL STORM ERNESTO ","2024-08-13","2024-08-16","Aibonito (Municipio)"
4850,"2024-11-27","PR","DR","Tropical Storm","TROPICAL STORM ERNESTO ","2024-08-13","2024-08-16","Anasco (Municipio)"
4850,"2024-11-27","PR","DR","Tropical Storm","TROPICAL STORM ERNESTO ","2024-08-13","2024-08-16","Arroyo (Municipio)"
4850,"2024-11-27","PR","DR","Tropical Storm","TROPICAL STORM ERNESTO ","2024-08-13","2024-08-16","Barranquitas (Municipio)"
4850,"2024-11-27","PR","DR","Tropical Storm","TROPICAL STORM ERNESTO ","2024-08-13","2024-08-16","Cabo Rojo (Municipio)"
4850,"2024-11-27","PR","DR","Tropical Storm","TROPICAL STORM ERNESTO ","2024-08-13","2024-08-16","Santa Isabel (Municipio)"
4850,"2024-11-27","PR","DR","Tropical Storm","TROPICAL STORM ERNESTO ","2024-08-13","2024-08-16","Vieques (Municipio)"
4850,"2024-11-27","PR","DR","Tropical Storm","TROPICAL STORM ERNESTO ","2024-08-13","2024-08-16","Yabucoa (Municipio)"
4850,"2024-11-27","PR","DR","Tropical Storm","TROPICAL STORM ERNESTO ","2024-08-13","2024-08-16","Villalba (Municipio)"
4850,"2024-11-27","PR","DR","Tropical Storm","TROPICAL STORM ERNESTO ","2024-08-13","2024-08-16","Utuado (Municipio)"
4850,"2024-11-27","PR","DR","Tropical Storm","TROPICAL STORM ERNESTO ","2024-08-13","2024-08-16","Vega Alta (Municipio)"
4848,"2024-11-26","KY","DR","Tropical Storm","REMNANTS OF HURRICANE HELENE","2024-09-27","2024-09-30","Harrison (County)"
4848,"2024-11-26","KY","DR","Tropical Storm","REMNANTS OF HURRICANE HELENE","2024-09-27","2024-09-30","Lee (County)"
4848,"2024-11-26","KY","DR","Tropical Storm","REMNANTS OF HURRICANE HELENE","2024-09-27","2024-09-30","Menifee (County)"
4848,"2024-11-26","KY","DR","Tropical Storm","REMNANTS OF HURRICANE HELENE","2024-09-27","2024-09-30","Rowan (County)"
4848,"2024-11-26","KY","DR","Tropical Storm","REMNANTS OF HURRICANE HELENE","2024-09-27","2024-09-30","Bracken (County)"
4848,"2024-11-26","KY","DR","Tropical Storm","REMNANTS OF HURRICANE HELENE","2024-09-27","2024-09-30","Jackson (County)"
4849,"2024-11-26","WA","DR","Fire","WILDFIRES","2024-07-17","2024-08-21","Colville Indian Reservation"
4848,"2024-11-26","KY","DR","Tropical Storm","REMNANTS OF HURRICANE HELENE","2024-09-27","2024-09-30","Breathitt (County)"
4848,"2024-11-26","KY","DR","Tropical Storm","REMNANTS OF HURRICANE HELENE","2024-09-27","2024-09-30","Carter (County)"
4848,"2024-11-26","KY","DR","Tropical Storm","REMNANTS OF HURRICANE HELENE","2024-09-27","2024-09-30","Bourbon (County)"
4848,"2024-11-26","KY","DR","Tropical Storm","REMNANTS OF HURRICANE HELENE","2024-09-27","2024-09-30","Clark (County)"
4848,"2024-11-26","KY","DR","Tropical Storm","REMNANTS OF HURRICANE HELENE","2024-09-27","2024-09-30","Anderson (County)"
4848,"2024-11-26","KY","DR","Tropical Storm","REMNANTS OF HURRICANE HELENE","2024-09-27","2024-09-30","Bath (County)"
4848,"2024-11-26","KY","DR","Tropical Storm","REMNANTS OF HURRICANE HELENE","2024-09-27","2024-09-30","Bell (County)"
4848,"2024-11-26","KY","DR","Tropical Storm","REMNANTS OF HURRICANE HELENE","2024-09-27","2024-09-30","Clay (County)"
4848,"2024-11-26","KY","DR","Tropical Storm","REMNANTS OF HURRICANE HELENE","2024-09-27","2024-09-30","Washington (County)"
4848,"2024-11-26","KY","DR","Tropical Storm","REMNANTS OF HURRICANE HELENE","2024-09-27","2024-09-30","Rockcastle (County)"
4848,"2024-11-26","KY","DR","Tropical Storm","REMNANTS OF HURRICANE HELENE","2024-09-27","2024-09-30","Wolfe (County)"
4848,"2024-11-26","KY","DR","Tropical Storm","REMNANTS OF HURRICANE HELENE","2024-09-27","2024-09-30","Montgomery (County)"
4848,"2024-11-26","KY","DR","Tropical Storm","REMNANTS OF HURRICANE HELENE","2024-09-27","2024-09-30","Magoffin (County)"
4848,"2024-11-26","KY","DR","Tropical Storm","REMNANTS OF HURRICANE HELENE","2024-09-27","2024-09-30","Morgan (County)"
4848,"2024-11-26","KY","DR","Tropical Storm","REMNANTS OF HURRICANE HELENE","2024-09-27","2024-09-30","Letcher (County)"
4848,"2024-11-26","KY","DR","Tropical Storm","REMNANTS OF HURRICANE HELENE","2024-09-27","2024-09-30","Lewis (County)"
4848,"2024-11-26","KY","DR","Tropical Storm","REMNANTS OF HURRICANE HELENE","2024-09-27","2024-09-30","Nicholas (County)"
4848,"2024-11-26","KY","DR","Tropical Storm","REMNANTS OF HURRICANE HELENE","2024-09-27","2024-09-30","Owsley (County)"
4848,"2024-11-26","KY","DR","Tropical Storm","REMNANTS OF HURRICANE HELENE","2024-09-27","2024-09-30","Harlan (County)"
4848,"2024-11-26","KY","DR","Tropical Storm","REMNANTS OF HURRICANE HELENE","2024-09-27","2024-09-30","Johnson (County)"
4848,"2024-11-26","KY","DR","Tropical Storm","REMNANTS OF HURRICANE HELENE","2024-09-27","2024-09-30","Franklin (County)"
4848,"2024-11-26","KY","DR","Tropical Storm","REMNANTS OF HURRICANE HELENE","2024-09-27","2024-09-30","Greenup (County)"
4848,"2024-11-26","KY","DR","Tropical Storm","REMNANTS OF HURRICANE HELENE","2024-09-27","2024-09-30","Lawrence (County)"
4848,"2024-11-26","KY","DR","Tropical Storm","REMNANTS OF HURRICANE HELENE","2024-09-27","2024-09-30","Elliott (County)"
4848,"2024-11-26","KY","DR","Tropical Storm","REMNANTS OF HURRICANE HELENE","2024-09-27","2024-09-30","Estill (County)"
4848,"2024-11-26","KY","DR","Tropical Storm","REMNANTS OF HURRICANE HELENE","2024-09-27","2024-09-30","Powell (County)"
4848,"2024-11-26","KY","DR","Tropical Storm","REMNANTS OF HURRICANE HELENE","2024-09-27","2024-09-30","Fleming (County)"
4848,"2024-11-26","KY","DR","Tropical Storm","REMNANTS OF HURRICANE HELENE","2024-09-27","2024-09-30","Robertson (County)"
5547,"2024-11-15","NY","FM","Fire","JENNINGS CREEK FIRE","2024-11-08","2024-11-22","Orange (County)"
4847,"2024-11-14","MT","DR","Severe Storm","SEVERE STORM AND STRAIGHT-LINE WINDS","2024-08-06","2024-08-06","Crow Indian Reservation"
4845,"2024-11-13","WY","DR","Fire","WILDFIRES","2024-08-21","2024-08-31","Johnson (County)"
4846,"2024-11-13","AK","DR","Mud/Landslide","LANDSLIDES","2024-08-25","2024-08-25","Ketchikan Gateway (Borough)"
4845,"2024-11-13","WY","DR","Fire","WILDFIRES","2024-08-21","2024-08-31","Campbell (County)"
5546,"2024-11-11","NV","FM","Fire","CALLAHAN FIRE","2024-11-11","2024-11-13","Washoe (County)"
5545,"2024-11-06","CA","FM","Fire","MOUNTAIN FIRE","2024-11-06","2024-11-15","Ventura (County)"
4844,"2024-11-05","FL","DR","Hurricane","HURRICANE MILTON","2024-10-05","2024-11-02","Immokalee Indian Reservation"
4844,"2024-11-05","FL","DR","Hurricane","HURRICANE MILTON","2024-10-05","2024-11-02","Seminole Tribe of Florida"
4844,"2024-11-05","FL","DR","Hurricane","HURRICANE MILTON","2024-10-05","2024-11-02","Tampa Reservation"
4844,"2024-11-05","FL","DR","Hurricane","HURRICANE MILTON","2024-10-05","2024-11-02","Big Cypress Indian Reservation"
4844,"2024-11-05","FL","DR","Hurricane","HURRICANE MILTON","2024-10-05","2024-11-02","Brighton Indian Reservation"
4844,"2024-11-05","FL","DR","Hurricane","HURRICANE MILTON","2024-10-05","2024-11-02","Fort Pierce Indian Reservation"
4844,"2024-11-05","FL","DR","Hurricane","HURRICANE MILTON","2024-10-05","2024-11-02","Hollywood Indian Reservation"
4842,"2024-11-01","SD","DR","Severe Storm","SEVERE STORM, STRAIGHT-LINE WINDS, AND FLOODING","2024-07-13","2024-07-14","Cheyenne River Indian Reservation"
4843,"2024-11-01","NM","DR","Flood","SEVERE STORM AND FLOODING ","2024-10-19","2024-10-20","Chaves (County)"
5544,"2024-10-30","OK","FM","Fire","NORTH ROAD FIRE","2024-10-29","","Osage (County)"
5543,"2024-10-30","OK","FM","Fire","EUCHEE CREEK FIRE","2024-10-29","","Creek (County)"
5543,"2024-10-30","OK","FM","Fire","EUCHEE CREEK FIRE","2024-10-29","","Payne (County)"
4840,"2024-10-25","AZ","DR","Flood","FLOODING","2024-08-22","2024-08-23","Havasupai Indian Reservation"
4841,"2024-10-25","VI","DR","Tropical Storm","TROPICAL STORM ERNESTO","2024-08-13","2024-08-16","St. John (Island) (County-equivalent)"
4841,"2024-10-25","VI","DR","Tropical Storm","TROPICAL STORM ERNESTO","2024-08-13","2024-08-16","St. Croix (Island) (County-equivalent)"
4841,"2024-10-25","VI","DR","Tropical Storm","TROPICAL STORM ERNESTO","2024-08-13","2024-08-16","St. Thomas (Island) (County-equivalent)"
5542,"2024-10-24","CT","FM","Fire","HAWTHORNE FIRE ","2024-10-21","","New Haven (County)(in (P)MSA 1160,5480,8880)"
5542,"2024-10-24","CT","FM","Fire","HAWTHORNE FIRE ","2024-10-21","","Hartford (County)(in PMSA 1170,3280,5440)"
4838,"2024-10-21","NE","DR","Severe Storm","SEVERE STORMS, STRAIGHT-LINE WINDS, TORNADOES, AND FLOODING","2024-07-31","2024-07-31","Cass (County)"
4838,"2024-10-21","NE","DR","Severe Storm","SEVERE STORMS, STRAIGHT-LINE WINDS, TORNADOES, AND FLOODING","2024-07-31","2024-07-31","Douglas (County)"
4839,"2024-10-21","NY","DR","Severe Storm","SEVERE STORM AND FLOODING","2024-08-18","2024-08-19","Suffolk (County)"
4838,"2024-10-21","NE","DR","Severe Storm","SEVERE STORMS, STRAIGHT-LINE WINDS, TORNADOES, AND FLOODING","2024-07-31","2024-07-31","Lancaster (County)"
4839,"2024-10-21","NY","DR","Severe Storm","SEVERE STORM AND FLOODING","2024-08-18","2024-08-19","Lewis (County)"
4839,"2024-10-21","NY","DR","Severe Storm","SEVERE STORM AND FLOODING","2024-08-18","2024-08-19","Oswego (County)"
4838,"2024-10-21","NE","DR","Severe Storm","SEVERE STORMS, STRAIGHT-LINE WINDS, TORNADOES, AND FLOODING","2024-07-31","2024-07-31","Sarpy (County)"
4838,"2024-10-21","NE","DR","Severe Storm","SEVERE STORMS, STRAIGHT-LINE WINDS, TORNADOES, AND FLOODING","2024-07-31","2024-07-31","Saunders (County)"
4837,"2024-10-19","NC","DR","Tropical Storm","POTENTIAL TROPICAL CYCLONE EIGHT","2024-09-16","2024-09-20","New Hanover (County)"
4837,"2024-10-19","NC","DR","Tropical Storm","POTENTIAL TROPICAL CYCLONE EIGHT","2024-09-16","2024-09-20","Dare (County)"
4837,"2024-10-19","NC","DR","Tropical Storm","POTENTIAL TROPICAL CYCLONE EIGHT","2024-09-16","2024-09-20","Onslow (County)"
4837,"2024-10-19","NC","DR","Tropical Storm","POTENTIAL TROPICAL CYCLONE EIGHT","2024-09-16","2024-09-20","Stokes (County)"
4837,"2024-10-19","NC","DR","Tropical Storm","POTENTIAL TROPICAL CYCLONE EIGHT","2024-09-16","2024-09-20","Brunswick (County)"
4837,"2024-10-19","NC","DR","Tropical Storm","POTENTIAL TROPICAL CYCLONE EIGHT","2024-09-16","2024-09-20","Carteret (County)"
4836,"2024-10-16","AK","DR","Flood","FLOODING","2024-08-05","2024-08-06","Juneau (Borough)"
4834,"2024-10-11","FL","DR","Hurricane","HURRICANE MILTON ","2024-10-05","2024-11-02","Miccosukee Tribe of Indians of Florida"
4834,"2024-10-11","FL","DR","Hurricane","HURRICANE MILTON ","2024-10-05","2024-11-02","Martin (County)"
4834,"2024-10-11","FL","DR","Hurricane","HURRICANE MILTON ","2024-10-05","2024-11-02","Baker (County)"
4834,"2024-10-11","FL","DR","Hurricane","HURRICANE MILTON ","2024-10-05","2024-11-02","Hernando (County)"
4834,"2024-10-11","FL","DR","Hurricane","HURRICANE MILTON ","2024-10-05","2024-11-02","Dixie (County)"
4834,"2024-10-11","FL","DR","Hurricane","HURRICANE MILTON ","2024-10-05","2024-11-02","Nassau (County)"
4834,"2024-10-11","FL","DR","Hurricane","HURRICANE MILTON ","2024-10-05","2024-11-02","Clay (County)"
4834,"2024-10-11","FL","DR","Hurricane","HURRICANE MILTON ","2024-10-05","2024-11-02","Seminole (County)"
4834,"2024-10-11","FL","DR","Hurricane","HURRICANE MILTON ","2024-10-05","2024-11-02","Sumter (County)"
4834,"2024-10-11","FL","DR","Hurricane","HURRICANE MILTON ","2024-10-05","2024-11-02","Volusia (County)"
4834,"2024-10-11","FL","DR","Hurricane","HURRICANE MILTON ","2024-10-05","2024-11-02","St. Lucie (County)"
4834,"2024-10-11","FL","DR","Hurricane","HURRICANE MILTON ","2024-10-05","2024-11-02","Sarasota (County)"
4834,"2024-10-11","FL","DR","Hurricane","HURRICANE MILTON ","2024-10-05","2024-11-02","Okeechobee (County)"
4834,"2024-10-11","FL","DR","Hurricane","HURRICANE MILTON ","2024-10-05","2024-11-02","Marion (County)"
4834,"2024-10-11","FL","DR","Hurricane","HURRICANE MILTON ","2024-10-05","2024-11-02","Orange (County)"
4834,"2024-10-11","FL","DR","Hurricane","HURRICANE MILTON ","2024-10-05","2024-11-02","Lee (County)"
4834,"2024-10-11","FL","DR","Hurricane","HURRICANE MILTON ","2024-10-05","2024-11-02","Manatee (County)"
4834,"2024-10-11","FL","DR","Hurricane","HURRICANE MILTON ","2024-10-05","2024-11-02","Osceola (County)"
4834,"2024-10-11","FL","DR","Hurricane","HURRICANE MILTON ","2024-10-05","2024-11-02","Highlands (County)"
4834,"2024-10-11","FL","DR","Hurricane","HURRICANE MILTON ","2024-10-05","2024-11-02","Hendry (County)"
4834,"2024-10-11","FL","DR","Hurricane","HURRICANE MILTON ","2024-10-05","2024-11-02","Hillsborough (County)"
4834,"2024-10-11","FL","DR","Hurricane","HURRICANE MILTON ","2024-10-05","2024-11-02","Glades (County)"
4834,"2024-10-11","FL","DR","Hurricane","HURRICANE MILTON ","2024-10-05","2024-11-02","Palm Beach (County)"
4834,"2024-10-11","FL","DR","Hurricane","HURRICANE MILTON ","2024-10-05","2024-11-02","Hardee (County)"
4834,"2024-10-11","FL","DR","Hurricane","HURRICANE MILTON ","2024-10-05","2024-11-02","Indian River (County)"
4834,"2024-10-11","FL","DR","Hurricane","HURRICANE MILTON ","2024-10-05","2024-11-02","Collier (County)"
4834,"2024-10-11","FL","DR","Hurricane","HURRICANE MILTON ","2024-10-05","2024-11-02","Citrus (County)"
4834,"2024-10-11","FL","DR","Hurricane","HURRICANE MILTON ","2024-10-05","2024-11-02","DeSoto (County)"
4834,"2024-10-11","FL","DR","Hurricane","HURRICANE MILTON ","2024-10-05","2024-11-02","Brevard (County)"
4834,"2024-10-11","FL","DR","Hurricane","HURRICANE MILTON ","2024-10-05","2024-11-02","Charlotte (County)"
4834,"2024-10-11","FL","DR","Hurricane","HURRICANE MILTON ","2024-10-05","2024-11-02","Duval (County)"
4834,"2024-10-11","FL","DR","Hurricane","HURRICANE MILTON ","2024-10-05","2024-11-02","Suwannee (County)"
4834,"2024-10-11","FL","DR","Hurricane","HURRICANE MILTON ","2024-10-05","2024-11-02","Monroe (County)"
4834,"2024-10-11","FL","DR","Hurricane","HURRICANE MILTON ","2024-10-05","2024-11-02","Taylor (County)"
4834,"2024-10-11","FL","DR","Hurricane","HURRICANE MILTON ","2024-10-05","2024-11-02","Pasco (County)"
4834,"2024-10-11","FL","DR","Hurricane","HURRICANE MILTON ","2024-10-05","2024-11-02","Miami-Dade (County)"
4834,"2024-10-11","FL","DR","Hurricane","HURRICANE MILTON ","2024-10-05","2024-11-02","Union (County)"
4834,"2024-10-11","FL","DR","Hurricane","HURRICANE MILTON ","2024-10-05","2024-11-02","Flagler (County)"
4834,"2024-10-11","FL","DR","Hurricane","HURRICANE MILTON ","2024-10-05","2024-11-02","Gilchrist (County)"
4834,"2024-10-11","FL","DR","Hurricane","HURRICANE MILTON ","2024-10-05","2024-11-02","Columbia (County)"
4834,"2024-10-11","FL","DR","Hurricane","HURRICANE MILTON ","2024-10-05","2024-11-02","Hamilton (County)"
4834,"2024-10-11","FL","DR","Hurricane","HURRICANE MILTON ","2024-10-05","2024-11-02","Bradford (County)"
4834,"2024-10-11","FL","DR","Hurricane","HURRICANE MILTON ","2024-10-05","2024-11-02","Broward (County)"
4834,"2024-10-11","FL","DR","Hurricane","HURRICANE MILTON ","2024-10-05","2024-11-02","Lafayette (County)"
4834,"2024-10-11","FL","DR","Hurricane","HURRICANE MILTON ","2024-10-05","2024-11-02","Alachua (County)"
4834,"2024-10-11","FL","DR","Hurricane","HURRICANE MILTON ","2024-10-05","2024-11-02","Madison (County)"
4834,"2024-10-11","FL","DR","Hurricane","HURRICANE MILTON ","2024-10-05","2024-11-02","Levy (County)"
4834,"2024-10-11","FL","DR","Hurricane","HURRICANE MILTON ","2024-10-05","2024-11-02","Pinellas (County)"
4834,"2024-10-11","FL","DR","Hurricane","HURRICANE MILTON ","2024-10-05","2024-11-02","Polk (County)"
4834,"2024-10-11","FL","DR","Hurricane","HURRICANE MILTON ","2024-10-05","2024-11-02","Putnam (County)"
4834,"2024-10-11","FL","DR","Hurricane","HURRICANE MILTON ","2024-10-05","2024-11-02","St. Johns (County)"
4834,"2024-10-11","FL","DR","Hurricane","HURRICANE MILTON ","2024-10-05","2024-11-02","Lake (County)"
3623,"2024-10-08","FL","EM","Hurricane","HURRICANE MILTON","2024-10-05","2024-11-02","Brighton Indian Reservation"
3623,"2024-10-08","FL","EM","Hurricane","HURRICANE MILTON","2024-10-05","2024-11-02","Fort Pierce Indian Reservation"
3623,"2024-10-08","FL","EM","Hurricane","HURRICANE MILTON","2024-10-05","2024-11-02","Hollywood Indian Reservation"
3623,"2024-10-08","FL","EM","Hurricane","HURRICANE MILTON","2024-10-05","2024-11-02","Immokalee Indian Reservation"
3623,"2024-10-08","FL","EM","Hurricane","HURRICANE MILTON","2024-10-05","2024-11-02","Seminole Tribe of Florida"
3623,"2024-10-08","FL","EM","Hurricane","HURRICANE MILTON","2024-10-05","2024-11-02","Tampa Reservation"
3623,"2024-10-08","FL","EM","Hurricane","HURRICANE MILTON","2024-10-05","2024-11-02","Big Cypress Indian Reservation"
3622,"2024-10-07","FL","EM","Hurricane","HURRICANE MILTON","2024-10-05","2024-11-02","Marion (County)"
3622,"2024-10-07","FL","EM","Hurricane","HURRICANE MILTON","2024-10-05","2024-11-02","Dixie (County)"
3622,"2024-10-07","FL","EM","Hurricane","HURRICANE MILTON","2024-10-05","2024-11-02","Clay (County)"
3622,"2024-10-07","FL","EM","Hurricane","HURRICANE MILTON","2024-10-05","2024-11-02","Flagler (County)"
3622,"2024-10-07","FL","EM","Hurricane","HURRICANE MILTON","2024-10-05","2024-11-02","Levy (County)"
3622,"2024-10-07","FL","EM","Hurricane","HURRICANE MILTON","2024-10-05","2024-11-02","Gilchrist (County)"
3622,"2024-10-07","FL","EM","Hurricane","HURRICANE MILTON","2024-10-05","2024-11-02","Glades (County)"
3622,"2024-10-07","FL","EM","Hurricane","HURRICANE MILTON","2024-10-05","2024-11-02","Lee (County)"
3622,"2024-10-07","FL","EM","Hurricane","HURRICANE MILTON","2024-10-05","2024-11-02","Manatee (County)"
3622,"2024-10-07","FL","EM","Hurricane","HURRICANE MILTON","2024-10-05","2024-11-02","Lake (County)"
3622,"2024-10-07","FL","EM","Hurricane","HURRICANE MILTON","2024-10-05","2024-11-02","Columbia (County)"
3622,"2024-10-07","FL","EM","Hurricane","HURRICANE MILTON","2024-10-05","2024-11-02","DeSoto (County)"
3622,"2024-10-07","FL","EM","Hurricane","HURRICANE MILTON","2024-10-05","2024-11-02","Collier (County)"
3622,"2024-10-07","FL","EM","Hurricane","HURRICANE MILTON","2024-10-05","2024-11-02","Highlands (County)"
3622,"2024-10-07","FL","EM","Hurricane","HURRICANE MILTON","2024-10-05","2024-11-02","Hendry (County)"
3622,"2024-10-07","FL","EM","Hurricane","HURRICANE MILTON","2024-10-05","2024-11-02","Indian River (County)"
3622,"2024-10-07","FL","EM","Hurricane","HURRICANE MILTON","2024-10-05","2024-11-02","Citrus (County)"
3622,"2024-10-07","FL","EM","Hurricane","HURRICANE MILTON","2024-10-05","2024-11-02","Hamilton (County)"
3622,"2024-10-07","FL","EM","Hurricane","HURRICANE MILTON","2024-10-05","2024-11-02","Bradford (County)"
3622,"2024-10-07","FL","EM","Hurricane","HURRICANE MILTON","2024-10-05","2024-11-02","Alachua (County)"
3622,"2024-10-07","FL","EM","Hurricane","HURRICANE MILTON","2024-10-05","2024-11-02","Miami-Dade (County)"
3622,"2024-10-07","FL","EM","Hurricane","HURRICANE MILTON","2024-10-05","2024-11-02","Baker (County)"
3622,"2024-10-07","FL","EM","Hurricane","HURRICANE MILTON","2024-10-05","2024-11-02","Nassau (County)"
3622,"2024-10-07","FL","EM","Hurricane","HURRICANE MILTON","2024-10-05","2024-11-02","Hernando (County)"
3622,"2024-10-07","FL","EM","Hurricane","HURRICANE MILTON","2024-10-05","2024-11-02","Volusia (County)"
3622,"2024-10-07","FL","EM","Hurricane","HURRICANE MILTON","2024-10-05","2024-11-02","Lafayette (County)"
3622,"2024-10-07","FL","EM","Hurricane","HURRICANE MILTON","2024-10-05","2024-11-02","Union (County)"
3622,"2024-10-07","FL","EM","Hurricane","HURRICANE MILTON","2024-10-05","2024-11-02","Taylor (County)"
3622,"2024-10-07","FL","EM","Hurricane","HURRICANE MILTON","2024-10-05","2024-11-02","Hardee (County)"
3622,"2024-10-07","FL","EM","Hurricane","HURRICANE MILTON","2024-10-05","2024-11-02","Putnam (County)"
3622,"2024-10-07","FL","EM","Hurricane","HURRICANE MILTON","2024-10-05","2024-11-02","St. Johns (County)"
3622,"2024-10-07","FL","EM","Hurricane","HURRICANE MILTON","2024-10-05","2024-11-02","Polk (County)"
3622,"2024-10-07","FL","EM","Hurricane","HURRICANE MILTON","2024-10-05","2024-11-02","St. Lucie (County)"
3622,"2024-10-07","FL","EM","Hurricane","HURRICANE MILTON","2024-10-05","2024-11-02","Sarasota (County)"
3622,"2024-10-07","FL","EM","Hurricane","HURRICANE MILTON","2024-10-05","2024-11-02","Madison (County)"
3622,"2024-10-07","FL","EM","Hurricane","HURRICANE MILTON","2024-10-05","2024-11-02","Seminole (County)"
3622,"2024-10-07","FL","EM","Hurricane","HURRICANE MILTON","2024-10-05","2024-11-02","Duval (County)"
3622,"2024-10-07","FL","EM","Hurricane","HURRICANE MILTON","2024-10-05","2024-11-02","Pasco (County)"
3622,"2024-10-07","FL","EM","Hurricane","HURRICANE MILTON","2024-10-05","2024-11-02","Pinellas (County)"
3622,"2024-10-07","FL","EM","Hurricane","HURRICANE MILTON","2024-10-05","2024-11-02","Charlotte (County)"
3622,"2024-10-07","FL","EM","Hurricane","HURRICANE MILTON","2024-10-05","2024-11-02","Brevard (County)"
3622,"2024-10-07","FL","EM","Hurricane","HURRICANE MILTON","2024-10-05","2024-11-02","Broward (County)"
3622,"2024-10-07","FL","EM","Hurricane","HURRICANE MILTON","2024-10-05","2024-11-02","Palm Beach (County)"
3622,"2024-10-07","FL","EM","Hurricane","HURRICANE MILTON","2024-10-05","2024-11-02","Orange (County)"
3622,"2024-10-07","FL","EM","Hurricane","HURRICANE MILTON","2024-10-05","2024-11-02","Osceola (County)"
3622,"2024-10-07","FL","EM","Hurricane","HURRICANE MILTON","2024-10-05","2024-11-02","Sumter (County)"
3622,"2024-10-07","FL","EM","Hurricane","HURRICANE MILTON","2024-10-05","2024-11-02","Monroe (County)"
3622,"2024-10-07","FL","EM","Hurricane","HURRICANE MILTON","2024-10-05","2024-11-02","Okeechobee (County)"
3622,"2024-10-07","FL","EM","Hurricane","HURRICANE MILTON","2024-10-05","2024-11-02","Hillsborough (County)"
3622,"2024-10-07","FL","EM","Hurricane","HURRICANE MILTON","2024-10-05","2024-11-02","Suwannee (County)"
3622,"2024-10-07","FL","EM","Hurricane","HURRICANE MILTON","2024-10-05","2024-11-02","Martin (County)"
5541,"2024-10-06","ND","FM","Fire","ELK HORN FIRE","2024-10-05","2024-10-17","McKenzie (County)"
5540,"2024-10-06","ND","FM","Fire","BEAR DEN FIRE","2024-10-05","2024-10-21","McKenzie (County)"
4833,"2024-10-04","AZ","DR","Fire","WATCH FIRE","2024-07-10","2024-07-17","San Carlos Indian Reservation"
4832,"2024-10-02","TN","DR","Tropical Storm","TROPICAL STORM HELENE","2024-09-26","2024-09-30","Cocke (County)"
4832,"2024-10-02","TN","DR","Tropical Storm","TROPICAL STORM HELENE","2024-09-26","2024-09-30","Greene (County)"
4832,"2024-10-02","TN","DR","Tropical Storm","TROPICAL STORM HELENE","2024-09-26","2024-09-30","Sevier (County)"
4832,"2024-10-02","TN","DR","Tropical Storm","TROPICAL STORM HELENE","2024-09-26","2024-09-30","Unicoi (County)"
4832,"2024-10-02","TN","DR","Tropical Storm","TROPICAL STORM HELENE","2024-09-26","2024-09-30","Hawkins (County)"
4832,"2024-10-02","TN","DR","Tropical Storm","TROPICAL STORM HELENE","2024-09-26","2024-09-30","Johnson (County)"
4832,"2024-10-02","TN","DR","Tropical Storm","TROPICAL STORM HELENE","2024-09-26","2024-09-30","Hamblen (County)"
4832,"2024-10-02","TN","DR","Tropical Storm","TROPICAL STORM HELENE","2024-09-26","2024-09-30","Hancock (County)"
4832,"2024-10-02","TN","DR","Tropical Storm","TROPICAL STORM HELENE","2024-09-26","2024-09-30","Carter (County)"
4832,"2024-10-02","TN","DR","Tropical Storm","TROPICAL STORM HELENE","2024-09-26","2024-09-30","Jefferson (County)"
4832,"2024-10-02","TN","DR","Tropical Storm","TROPICAL STORM HELENE","2024-09-26","2024-09-30","Washington (County)"
4832,"2024-10-02","TN","DR","Tropical Storm","TROPICAL STORM HELENE","2024-09-26","2024-09-30","Claiborne (County)"
4832,"2024-10-02","TN","DR","Tropical Storm","TROPICAL STORM HELENE","2024-09-26","2024-09-30","Sullivan (County)"
4832,"2024-10-02","TN","DR","Tropical Storm","TROPICAL STORM HELENE","2024-09-26","2024-09-30","Grainger (County)"
4831,"2024-10-01","VA","DR","Tropical Storm","TROPICAL STORM HELENE","2024-09-25","2024-10-03","Roanoke (County)"
4831,"2024-10-01","VA","DR","Tropical Storm","TROPICAL STORM HELENE","2024-09-25","2024-10-03","Montgomery (County)"
4831,"2024-10-01","VA","DR","Tropical Storm","TROPICAL STORM HELENE","2024-09-25","2024-10-03","Roanoke"
4831,"2024-10-01","VA","DR","Tropical Storm","TROPICAL STORM HELENE","2024-09-25","2024-10-03","Covington"
4831,"2024-10-01","VA","DR","Tropical Storm","TROPICAL STORM HELENE","2024-09-25","2024-10-03","Patrick (County)"
4831,"2024-10-01","VA","DR","Tropical Storm","TROPICAL STORM HELENE","2024-09-25","2024-10-03","Danville"
4831,"2024-10-01","VA","DR","Tropical Storm","TROPICAL STORM HELENE","2024-09-25","2024-10-03","Bland (County)"
4831,"2024-10-01","VA","DR","Tropical Storm","TROPICAL STORM HELENE","2024-09-25","2024-10-03","Norton"
4831,"2024-10-01","VA","DR","Tropical Storm","TROPICAL STORM HELENE","2024-09-25","2024-10-03","Bedford (County)"
4831,"2024-10-01","VA","DR","Tropical Storm","TROPICAL STORM HELENE","2024-09-25","2024-10-03","Dickenson (County)"
4831,"2024-10-01","VA","DR","Tropical Storm","TROPICAL STORM HELENE","2024-09-25","2024-10-03","Charlotte (County)"
4831,"2024-10-01","VA","DR","Tropical Storm","TROPICAL STORM HELENE","2024-09-25","2024-10-03","Floyd (County)"
4831,"2024-10-01","VA","DR","Tropical Storm","TROPICAL STORM HELENE","2024-09-25","2024-10-03","Buchanan (County)"
4831,"2024-10-01","VA","DR","Tropical Storm","TROPICAL STORM HELENE","2024-09-25","2024-10-03","Buckingham (County)"
4831,"2024-10-01","VA","DR","Tropical Storm","TROPICAL STORM HELENE","2024-09-25","2024-10-03","Greene (County)"
4831,"2024-10-01","VA","DR","Tropical Storm","TROPICAL STORM HELENE","2024-09-25","2024-10-03","Albemarle (County)"
4831,"2024-10-01","VA","DR","Tropical Storm","TROPICAL STORM HELENE","2024-09-25","2024-10-03","Madison (County)"
4831,"2024-10-01","VA","DR","Tropical Storm","TROPICAL STORM HELENE","2024-09-25","2024-10-03","Appomattox (County)"
4831,"2024-10-01","VA","DR","Tropical Storm","TROPICAL STORM HELENE","2024-09-25","2024-10-03","Nelson (County)"
4831,"2024-10-01","VA","DR","Tropical Storm","TROPICAL STORM HELENE","2024-09-25","2024-10-03","Carroll (County)"
4831,"2024-10-01","VA","DR","Tropical Storm","TROPICAL STORM HELENE","2024-09-25","2024-10-03","Wythe (County)"
4831,"2024-10-01","VA","DR","Tropical Storm","TROPICAL STORM HELENE","2024-09-25","2024-10-03","Washington (County)"
4831,"2024-10-01","VA","DR","Tropical Storm","TROPICAL STORM HELENE","2024-09-25","2024-10-03","Galax"
4831,"2024-10-01","VA","DR","Tropical Storm","TROPICAL STORM HELENE","2024-09-25","2024-10-03","Smyth (County)"
4831,"2024-10-01","VA","DR","Tropical Storm","TROPICAL STORM HELENE","2024-09-25","2024-10-03","Tazewell (County)"
4831,"2024-10-01","VA","DR","Tropical Storm","TROPICAL STORM HELENE","2024-09-25","2024-10-03","Radford"
4831,"2024-10-01","VA","DR","Tropical Storm","TROPICAL STORM HELENE","2024-09-25","2024-10-03","Pittsylvania (County)"
4831,"2024-10-01","VA","DR","Tropical Storm","TROPICAL STORM HELENE","2024-09-25","2024-10-03","Lee (County)"
4831,"2024-10-01","VA","DR","Tropical Storm","TROPICAL STORM HELENE","2024-09-25","2024-10-03","Pulaski (County)"
4831,"2024-10-01","VA","DR","Tropical Storm","TROPICAL STORM HELENE","2024-09-25","2024-10-03","Giles (County)"
4831,"2024-10-01","VA","DR","Tropical Storm","TROPICAL STORM HELENE","2024-09-25","2024-10-03","Russell (County)"
4831,"2024-10-01","VA","DR","Tropical Storm","TROPICAL STORM HELENE","2024-09-25","2024-10-03","Grayson (County)"
4831,"2024-10-01","VA","DR","Tropical Storm","TROPICAL STORM HELENE","2024-09-25","2024-10-03","Scott (County)"
4831,"2024-10-01","VA","DR","Tropical Storm","TROPICAL STORM HELENE","2024-09-25","2024-10-03","Wise (County)"
4831,"2024-10-01","VA","DR","Tropical Storm","TROPICAL STORM HELENE","2024-09-25","2024-10-03","Craig (County)"
4831,"2024-10-01","VA","DR","Tropical Storm","TROPICAL STORM HELENE","2024-09-25","2024-10-03","Bristol"
4831,"2024-10-01","VA","DR","Tropical Storm","TROPICAL STORM HELENE","2024-09-25","2024-10-03","Botetourt (County)"
4830,"2024-09-30","GA","DR","Hurricane","HURRICANE HELENE","2024-09-24","2024-10-30","Franklin (County)"
4830,"2024-09-30","GA","DR","Hurricane","HURRICANE HELENE","2024-09-24","2024-10-30","Grady (County)"
4830,"2024-09-30","GA","DR","Hurricane","HURRICANE HELENE","2024-09-24","2024-10-30","Hart (County)"
4830,"2024-09-30","GA","DR","Hurricane","HURRICANE HELENE","2024-09-24","2024-10-30","Gilmer (County)"
4830,"2024-09-30","GA","DR","Hurricane","HURRICANE HELENE","2024-09-24","2024-10-30","Greene (County)"
4830,"2024-09-30","GA","DR","Hurricane","HURRICANE HELENE","2024-09-24","2024-10-30","Habersham (County)"
4830,"2024-09-30","GA","DR","Hurricane","HURRICANE HELENE","2024-09-24","2024-10-30","Twiggs (County)"
4830,"2024-09-30","GA","DR","Hurricane","HURRICANE HELENE","2024-09-24","2024-10-30","Jackson (County)"
4830,"2024-09-30","GA","DR","Hurricane","HURRICANE HELENE","2024-09-24","2024-10-30","Lumpkin (County)"
4830,"2024-09-30","GA","DR","Hurricane","HURRICANE HELENE","2024-09-24","2024-10-30","Madison (County)"
4830,"2024-09-30","GA","DR","Hurricane","HURRICANE HELENE","2024-09-24","2024-10-30","Lamar (County)"
4830,"2024-09-30","GA","DR","Hurricane","HURRICANE HELENE","2024-09-24","2024-10-30","Mitchell (County)"
4830,"2024-09-30","GA","DR","Hurricane","HURRICANE HELENE","2024-09-24","2024-10-30","Decatur (County)"
4830,"2024-09-30","GA","DR","Hurricane","HURRICANE HELENE","2024-09-24","2024-10-30","Dooly (County)"
4830,"2024-09-30","GA","DR","Hurricane","HURRICANE HELENE","2024-09-24","2024-10-30","Monroe (County)"
4830,"2024-09-30","GA","DR","Hurricane","HURRICANE HELENE","2024-09-24","2024-10-30","Jasper (County)"
4830,"2024-09-30","GA","DR","Hurricane","HURRICANE HELENE","2024-09-24","2024-10-30","Oglethorpe (County)"
4830,"2024-09-30","GA","DR","Hurricane","HURRICANE HELENE","2024-09-24","2024-10-30","Paulding (County)"
4830,"2024-09-30","GA","DR","Hurricane","HURRICANE HELENE","2024-09-24","2024-10-30","Pike (County)"
4830,"2024-09-30","GA","DR","Hurricane","HURRICANE HELENE","2024-09-24","2024-10-30","Pulaski (County)"
4830,"2024-09-30","GA","DR","Hurricane","HURRICANE HELENE","2024-09-24","2024-10-30","Warren (County)"
4830,"2024-09-30","GA","DR","Hurricane","HURRICANE HELENE","2024-09-24","2024-10-30","Washington (County)"
4830,"2024-09-30","GA","DR","Hurricane","HURRICANE HELENE","2024-09-24","2024-10-30","Toombs (County)"
4830,"2024-09-30","GA","DR","Hurricane","HURRICANE HELENE","2024-09-24","2024-10-30","Telfair (County)"
4830,"2024-09-30","GA","DR","Hurricane","HURRICANE HELENE","2024-09-24","2024-10-30","Thomas (County)"
4830,"2024-09-30","GA","DR","Hurricane","HURRICANE HELENE","2024-09-24","2024-10-30","Tift (County)"
4830,"2024-09-30","GA","DR","Hurricane","HURRICANE HELENE","2024-09-24","2024-10-30","Treutlen (County)"
4830,"2024-09-30","GA","DR","Hurricane","HURRICANE HELENE","2024-09-24","2024-10-30","Ware (County)"
4830,"2024-09-30","GA","DR","Hurricane","HURRICANE HELENE","2024-09-24","2024-10-30","Montgomery (County)"
4830,"2024-09-30","GA","DR","Hurricane","HURRICANE HELENE","2024-09-24","2024-10-30","Pierce (County)"
4830,"2024-09-30","GA","DR","Hurricane","HURRICANE HELENE","2024-09-24","2024-10-30","McIntosh (County)"
4830,"2024-09-30","GA","DR","Hurricane","HURRICANE HELENE","2024-09-24","2024-10-30","Rabun (County)"
4830,"2024-09-30","GA","DR","Hurricane","HURRICANE HELENE","2024-09-24","2024-10-30","Long (County)"
4830,"2024-09-30","GA","DR","Hurricane","HURRICANE HELENE","2024-09-24","2024-10-30","Lowndes (County)"
4830,"2024-09-30","GA","DR","Hurricane","HURRICANE HELENE","2024-09-24","2024-10-30","McDuffie (County)"
4830,"2024-09-30","GA","DR","Hurricane","HURRICANE HELENE","2024-09-24","2024-10-30","Richmond (County)"
4830,"2024-09-30","GA","DR","Hurricane","HURRICANE HELENE","2024-09-24","2024-10-30","Lanier (County)"
4830,"2024-09-30","GA","DR","Hurricane","HURRICANE HELENE","2024-09-24","2024-10-30","Laurens (County)"
4830,"2024-09-30","GA","DR","Hurricane","HURRICANE HELENE","2024-09-24","2024-10-30","Liberty (County)"
4830,"2024-09-30","GA","DR","Hurricane","HURRICANE HELENE","2024-09-24","2024-10-30","Wheeler (County)"
4830,"2024-09-30","GA","DR","Hurricane","HURRICANE HELENE","2024-09-24","2024-10-30","Lincoln (County)"
4830,"2024-09-30","GA","DR","Hurricane","HURRICANE HELENE","2024-09-24","2024-10-30","Screven (County)"
4830,"2024-09-30","GA","DR","Hurricane","HURRICANE HELENE","2024-09-24","2024-10-30","Stephens (County)"
4830,"2024-09-30","GA","DR","Hurricane","HURRICANE HELENE","2024-09-24","2024-10-30","Taliaferro (County)"
4830,"2024-09-30","GA","DR","Hurricane","HURRICANE HELENE","2024-09-24","2024-10-30","Tattnall (County)"
4830,"2024-09-30","GA","DR","Hurricane","HURRICANE HELENE","2024-09-24","2024-10-30","Fulton (County)"
4830,"2024-09-30","GA","DR","Hurricane","HURRICANE HELENE","2024-09-24","2024-10-30","Newton (County)"
4830,"2024-09-30","GA","DR","Hurricane","HURRICANE HELENE","2024-09-24","2024-10-30","Wayne (County)"
4830,"2024-09-30","GA","DR","Hurricane","HURRICANE HELENE","2024-09-24","2024-10-30","Irwin (County)"
4830,"2024-09-30","GA","DR","Hurricane","HURRICANE HELENE","2024-09-24","2024-10-30","Jeff Davis (County)"
4830,"2024-09-30","GA","DR","Hurricane","HURRICANE HELENE","2024-09-24","2024-10-30","Atkinson (County)"
4830,"2024-09-30","GA","DR","Hurricane","HURRICANE HELENE","2024-09-24","2024-10-30","Hancock (County)"
4830,"2024-09-30","GA","DR","Hurricane","HURRICANE HELENE","2024-09-24","2024-10-30","Jefferson (County)"
4830,"2024-09-30","GA","DR","Hurricane","HURRICANE HELENE","2024-09-24","2024-10-30","Appling (County)"
4830,"2024-09-30","GA","DR","Hurricane","HURRICANE HELENE","2024-09-24","2024-10-30","Jenkins (County)"
4830,"2024-09-30","GA","DR","Hurricane","HURRICANE HELENE","2024-09-24","2024-10-30","Johnson (County)"
4830,"2024-09-30","GA","DR","Hurricane","HURRICANE HELENE","2024-09-24","2024-10-30","Effingham (County)"
4830,"2024-09-30","GA","DR","Hurricane","HURRICANE HELENE","2024-09-24","2024-10-30","Elbert (County)"
4830,"2024-09-30","GA","DR","Hurricane","HURRICANE HELENE","2024-09-24","2024-10-30","Echols (County)"
4830,"2024-09-30","GA","DR","Hurricane","HURRICANE HELENE","2024-09-24","2024-10-30","Emanuel (County)"
4830,"2024-09-30","GA","DR","Hurricane","HURRICANE HELENE","2024-09-24","2024-10-30","Columbia (County)"
4830,"2024-09-30","GA","DR","Hurricane","HURRICANE HELENE","2024-09-24","2024-10-30","Cook (County)"
4830,"2024-09-30","GA","DR","Hurricane","HURRICANE HELENE","2024-09-24","2024-10-30","Dodge (County)"
4830,"2024-09-30","GA","DR","Hurricane","HURRICANE HELENE","2024-09-24","2024-10-30","Evans (County)"
4830,"2024-09-30","GA","DR","Hurricane","HURRICANE HELENE","2024-09-24","2024-10-30","Chatham (County)"
4830,"2024-09-30","GA","DR","Hurricane","HURRICANE HELENE","2024-09-24","2024-10-30","Clinch (County)"
4830,"2024-09-30","GA","DR","Hurricane","HURRICANE HELENE","2024-09-24","2024-10-30","Charlton (County)"
4830,"2024-09-30","GA","DR","Hurricane","HURRICANE HELENE","2024-09-24","2024-10-30","Coffee (County)"
4830,"2024-09-30","GA","DR","Hurricane","HURRICANE HELENE","2024-09-24","2024-10-30","Camden (County)"
4830,"2024-09-30","GA","DR","Hurricane","HURRICANE HELENE","2024-09-24","2024-10-30","Candler (County)"
4830,"2024-09-30","GA","DR","Hurricane","HURRICANE HELENE","2024-09-24","2024-10-30","Colquitt (County)"
4830,"2024-09-30","GA","DR","Hurricane","HURRICANE HELENE","2024-09-24","2024-10-30","Glascock (County)"
4830,"2024-09-30","GA","DR","Hurricane","HURRICANE HELENE","2024-09-24","2024-10-30","Bryan (County)"
4830,"2024-09-30","GA","DR","Hurricane","HURRICANE HELENE","2024-09-24","2024-10-30","Bacon (County)"
4830,"2024-09-30","GA","DR","Hurricane","HURRICANE HELENE","2024-09-24","2024-10-30","Bulloch (County)"
4830,"2024-09-30","GA","DR","Hurricane","HURRICANE HELENE","2024-09-24","2024-10-30","Burke (County)"
4830,"2024-09-30","GA","DR","Hurricane","HURRICANE HELENE","2024-09-24","2024-10-30","Butts (County)"
4830,"2024-09-30","GA","DR","Hurricane","HURRICANE HELENE","2024-09-24","2024-10-30","Glynn (County)"
4830,"2024-09-30","GA","DR","Hurricane","HURRICANE HELENE","2024-09-24","2024-10-30","White (County)"
4830,"2024-09-30","GA","DR","Hurricane","HURRICANE HELENE","2024-09-24","2024-10-30","Turner (County)"
4830,"2024-09-30","GA","DR","Hurricane","HURRICANE HELENE","2024-09-24","2024-10-30","Ben Hill (County)"
4830,"2024-09-30","GA","DR","Hurricane","HURRICANE HELENE","2024-09-24","2024-10-30","Bleckley (County)"
4830,"2024-09-30","GA","DR","Hurricane","HURRICANE HELENE","2024-09-24","2024-10-30","Crisp (County)"
4830,"2024-09-30","GA","DR","Hurricane","HURRICANE HELENE","2024-09-24","2024-10-30","Worth (County)"
4830,"2024-09-30","GA","DR","Hurricane","HURRICANE HELENE","2024-09-24","2024-10-30","Banks (County)"
4830,"2024-09-30","GA","DR","Hurricane","HURRICANE HELENE","2024-09-24","2024-10-30","Dawson (County)"
4830,"2024-09-30","GA","DR","Hurricane","HURRICANE HELENE","2024-09-24","2024-10-30","Berrien (County)"
4830,"2024-09-30","GA","DR","Hurricane","HURRICANE HELENE","2024-09-24","2024-10-30","Baldwin (County)"
4830,"2024-09-30","GA","DR","Hurricane","HURRICANE HELENE","2024-09-24","2024-10-30","Putnam (County)"
4830,"2024-09-30","GA","DR","Hurricane","HURRICANE HELENE","2024-09-24","2024-10-30","Brantley (County)"
4830,"2024-09-30","GA","DR","Hurricane","HURRICANE HELENE","2024-09-24","2024-10-30","Wilcox (County)"
4830,"2024-09-30","GA","DR","Hurricane","HURRICANE HELENE","2024-09-24","2024-10-30","Wilkinson (County)"
5539,"2024-09-30","WY","FM","Fire","ELK FIRE","2024-09-28","2024-10-22","Sheridan (County)"
4830,"2024-09-30","GA","DR","Hurricane","HURRICANE HELENE","2024-09-24","2024-10-30","Brooks (County)"
4830,"2024-09-30","GA","DR","Hurricane","HURRICANE HELENE","2024-09-24","2024-10-30","Wilkes (County)"
4835,"2024-09-29","SC","DR","Tropical Storm","TROPICAL STORM DEBBY","2024-08-04","2024-08-22","Beaufort (County)"
4835,"2024-09-29","SC","DR","Tropical Storm","TROPICAL STORM DEBBY","2024-08-04","2024-08-22","Florence (County)"
4829,"2024-09-29","SC","DR","Hurricane","HURRICANE HELENE","2024-09-25","2024-10-07","Anderson (County)"
4829,"2024-09-29","SC","DR","Hurricane","HURRICANE HELENE","2024-09-25","2024-10-07","Cherokee (County)"
4829,"2024-09-29","SC","DR","Hurricane","HURRICANE HELENE","2024-09-25","2024-10-07","McCormick (County)"
4829,"2024-09-29","SC","DR","Hurricane","HURRICANE HELENE","2024-09-25","2024-10-07","Greenville (County)"
4835,"2024-09-29","SC","DR","Tropical Storm","TROPICAL STORM DEBBY","2024-08-04","2024-08-22","Bamberg (County)"
4829,"2024-09-29","SC","DR","Hurricane","HURRICANE HELENE","2024-09-25","2024-10-07","York (County)"
4829,"2024-09-29","SC","DR","Hurricane","HURRICANE HELENE","2024-09-25","2024-10-07","Richland (County)"
4829,"2024-09-29","SC","DR","Hurricane","HURRICANE HELENE","2024-09-25","2024-10-07","Calhoun (County)"
3621,"2024-09-29","VA","EM","Tropical Storm","POST-TROPICAL CYCLONE HELENE","2024-09-25","2024-10-03","Washington (County)"
4829,"2024-09-29","SC","DR","Hurricane","HURRICANE HELENE","2024-09-25","2024-10-07","Abbeville (County)"
4829,"2024-09-29","SC","DR","Hurricane","HURRICANE HELENE","2024-09-25","2024-10-07","Catawba Indian Nation"
4835,"2024-09-29","SC","DR","Tropical Storm","TROPICAL STORM DEBBY","2024-08-04","2024-08-22","Berkeley (County)"
4835,"2024-09-29","SC","DR","Tropical Storm","TROPICAL STORM DEBBY","2024-08-04","2024-08-22","Orangeburg (County)"
3621,"2024-09-29","VA","EM","Tropical Storm","POST-TROPICAL CYCLONE HELENE","2024-09-25","2024-10-03","Scott (County)"
3621,"2024-09-29","VA","EM","Tropical Storm","POST-TROPICAL CYCLONE HELENE","2024-09-25","2024-10-03","Covington"
3621,"2024-09-29","VA","EM","Tropical Storm","POST-TROPICAL CYCLONE HELENE","2024-09-25","2024-10-03","Radford"
3621,"2024-09-29","VA","EM","Tropical Storm","POST-TROPICAL CYCLONE HELENE","2024-09-25","2024-10-03","Galax"
3621,"2024-09-29","VA","EM","Tropical Storm","POST-TROPICAL CYCLONE HELENE","2024-09-25","2024-10-03","Norton"
3621,"2024-09-29","VA","EM","Tropical Storm","POST-TROPICAL CYCLONE HELENE","2024-09-25","2024-10-03","Smyth (County)"
3621,"2024-09-29","VA","EM","Tropical Storm","POST-TROPICAL CYCLONE HELENE","2024-09-25","2024-10-03","Russell (County)"
3621,"2024-09-29","VA","EM","Tropical Storm","POST-TROPICAL CYCLONE HELENE","2024-09-25","2024-10-03","Danville"
3621,"2024-09-29","VA","EM","Tropical Storm","POST-TROPICAL CYCLONE HELENE","2024-09-25","2024-10-03","Pittsylvania (County)"
3621,"2024-09-29","VA","EM","Tropical Storm","POST-TROPICAL CYCLONE HELENE","2024-09-25","2024-10-03","Pulaski (County)"
3621,"2024-09-29","VA","EM","Tropical Storm","POST-TROPICAL CYCLONE HELENE","2024-09-25","2024-10-03","Tazewell (County)"
3621,"2024-09-29","VA","EM","Tropical Storm","POST-TROPICAL CYCLONE HELENE","2024-09-25","2024-10-03","Wise (County)"
3621,"2024-09-29","VA","EM","Tropical Storm","POST-TROPICAL CYCLONE HELENE","2024-09-25","2024-10-03","Craig (County)"
3621,"2024-09-29","VA","EM","Tropical Storm","POST-TROPICAL CYCLONE HELENE","2024-09-25","2024-10-03","Carroll (County)"
3621,"2024-09-29","VA","EM","Tropical Storm","POST-TROPICAL CYCLONE HELENE","2024-09-25","2024-10-03","Dickenson (County)"
3621,"2024-09-29","VA","EM","Tropical Storm","POST-TROPICAL CYCLONE HELENE","2024-09-25","2024-10-03","Grayson (County)"
3621,"2024-09-29","VA","EM","Tropical Storm","POST-TROPICAL CYCLONE HELENE","2024-09-25","2024-10-03","Bland (County)"
3621,"2024-09-29","VA","EM","Tropical Storm","POST-TROPICAL CYCLONE HELENE","2024-09-25","2024-10-03","Giles (County)"
3621,"2024-09-29","VA","EM","Tropical Storm","POST-TROPICAL CYCLONE HELENE","2024-09-25","2024-10-03","Bedford (County)"
3621,"2024-09-29","VA","EM","Tropical Storm","POST-TROPICAL CYCLONE HELENE","2024-09-25","2024-10-03","Buchanan (County)"
3621,"2024-09-29","VA","EM","Tropical Storm","POST-TROPICAL CYCLONE HELENE","2024-09-25","2024-10-03","Montgomery (County)"
3621,"2024-09-29","VA","EM","Tropical Storm","POST-TROPICAL CYCLONE HELENE","2024-09-25","2024-10-03","Wythe (County)"
3621,"2024-09-29","VA","EM","Tropical Storm","POST-TROPICAL CYCLONE HELENE","2024-09-25","2024-10-03","Bristol"
4835,"2024-09-29","SC","DR","Tropical Storm","TROPICAL STORM DEBBY","2024-08-04","2024-08-22","Union (County)"
4835,"2024-09-29","SC","DR","Tropical Storm","TROPICAL STORM DEBBY","2024-08-04","2024-08-22","Jasper (County)"
4835,"2024-09-29","SC","DR","Tropical Storm","TROPICAL STORM DEBBY","2024-08-04","2024-08-22","Georgetown (County)"
4835,"2024-09-29","SC","DR","Tropical Storm","TROPICAL STORM DEBBY","2024-08-04","2024-08-22","Hampton (County)"
4835,"2024-09-29","SC","DR","Tropical Storm","TROPICAL STORM DEBBY","2024-08-04","2024-08-22","Horry (County)"
4835,"2024-09-29","SC","DR","Tropical Storm","TROPICAL STORM DEBBY","2024-08-04","2024-08-22","Colleton (County)"
4835,"2024-09-29","SC","DR","Tropical Storm","TROPICAL STORM DEBBY","2024-08-04","2024-08-22","Barnwell (County)"
4835,"2024-09-29","SC","DR","Tropical Storm","TROPICAL STORM DEBBY","2024-08-04","2024-08-22","Dillon (County)"
4835,"2024-09-29","SC","DR","Tropical Storm","TROPICAL STORM DEBBY","2024-08-04","2024-08-22","Dorchester (County)"
4829,"2024-09-29","SC","DR","Hurricane","HURRICANE HELENE","2024-09-25","2024-10-07","Union (County)"
4829,"2024-09-29","SC","DR","Hurricane","HURRICANE HELENE","2024-09-25","2024-10-07","Pickens (County)"
4829,"2024-09-29","SC","DR","Hurricane","HURRICANE HELENE","2024-09-25","2024-10-07","Saluda (County)"
4829,"2024-09-29","SC","DR","Hurricane","HURRICANE HELENE","2024-09-25","2024-10-07","Newberry (County)"
4829,"2024-09-29","SC","DR","Hurricane","HURRICANE HELENE","2024-09-25","2024-10-07","Lexington (County)"
4829,"2024-09-29","SC","DR","Hurricane","HURRICANE HELENE","2024-09-25","2024-10-07","Oconee (County)"
4829,"2024-09-29","SC","DR","Hurricane","HURRICANE HELENE","2024-09-25","2024-10-07","Orangeburg (County)"
4829,"2024-09-29","SC","DR","Hurricane","HURRICANE HELENE","2024-09-25","2024-10-07","Spartanburg (County)"
4829,"2024-09-29","SC","DR","Hurricane","HURRICANE HELENE","2024-09-25","2024-10-07","Greenwood (County)"
4829,"2024-09-29","SC","DR","Hurricane","HURRICANE HELENE","2024-09-25","2024-10-07","Fairfield (County)"
4829,"2024-09-29","SC","DR","Hurricane","HURRICANE HELENE","2024-09-25","2024-10-07","Hampton (County)"
4829,"2024-09-29","SC","DR","Hurricane","HURRICANE HELENE","2024-09-25","2024-10-07","Chester (County)"
4829,"2024-09-29","SC","DR","Hurricane","HURRICANE HELENE","2024-09-25","2024-10-07","Edgefield (County)"
4829,"2024-09-29","SC","DR","Hurricane","HURRICANE HELENE","2024-09-25","2024-10-07","Jasper (County)"
4829,"2024-09-29","SC","DR","Hurricane","HURRICANE HELENE","2024-09-25","2024-10-07","Bamberg (County)"
4829,"2024-09-29","SC","DR","Hurricane","HURRICANE HELENE","2024-09-25","2024-10-07","Allendale (County)"
4829,"2024-09-29","SC","DR","Hurricane","HURRICANE HELENE","2024-09-25","2024-10-07","Barnwell (County)"
4829,"2024-09-29","SC","DR","Hurricane","HURRICANE HELENE","2024-09-25","2024-10-07","Aiken (County)"
4829,"2024-09-29","SC","DR","Hurricane","HURRICANE HELENE","2024-09-25","2024-10-07","Beaufort (County)"
4829,"2024-09-29","SC","DR","Hurricane","HURRICANE HELENE","2024-09-25","2024-10-07","Kershaw (County)"
4829,"2024-09-29","SC","DR","Hurricane","HURRICANE HELENE","2024-09-25","2024-10-07","Colleton (County)"
4829,"2024-09-29","SC","DR","Hurricane","HURRICANE HELENE","2024-09-25","2024-10-07","Berkeley (County)"
4829,"2024-09-29","SC","DR","Hurricane","HURRICANE HELENE","2024-09-25","2024-10-07","Lancaster (County)"
4829,"2024-09-29","SC","DR","Hurricane","HURRICANE HELENE","2024-09-25","2024-10-07","Williamsburg (County)"
4829,"2024-09-29","SC","DR","Hurricane","HURRICANE HELENE","2024-09-25","2024-10-07","Laurens (County)"
4827,"2024-09-28","NC","DR","Tropical Storm","TROPICAL STORM HELENE","2024-09-25","2024-12-18","Lincoln (County)"
4827,"2024-09-28","NC","DR","Tropical Storm","TROPICAL STORM HELENE","2024-09-25","2024-12-18","Henderson (County)"
4827,"2024-09-28","NC","DR","Tropical Storm","TROPICAL STORM HELENE","2024-09-25","2024-12-18","Forsyth (County)"
4827,"2024-09-28","NC","DR","Tropical Storm","TROPICAL STORM HELENE","2024-09-25","2024-12-18","Avery (County)"
4827,"2024-09-28","NC","DR","Tropical Storm","TROPICAL STORM HELENE","2024-09-25","2024-12-18","Gaston (County)"
4827,"2024-09-28","NC","DR","Tropical Storm","TROPICAL STORM HELENE","2024-09-25","2024-12-18","Cleveland (County)"
4827,"2024-09-28","NC","DR","Tropical Storm","TROPICAL STORM HELENE","2024-09-25","2024-12-18","Yancey (County)"
4828,"2024-09-28","FL","DR","Hurricane","HURRICANE HELENE","2024-09-23","2024-10-07","Lee (County)"
4828,"2024-09-28","FL","DR","Hurricane","HURRICANE HELENE","2024-09-23","2024-10-07","Jackson (County)"
4828,"2024-09-28","FL","DR","Hurricane","HURRICANE HELENE","2024-09-23","2024-10-07","Liberty (County)"
4828,"2024-09-28","FL","DR","Hurricane","HURRICANE HELENE","2024-09-23","2024-10-07","Marion (County)"
4828,"2024-09-28","FL","DR","Hurricane","HURRICANE HELENE","2024-09-23","2024-10-07","Monroe (County)"
4828,"2024-09-28","FL","DR","Hurricane","HURRICANE HELENE","2024-09-23","2024-10-07","Santa Rosa (County)"
4828,"2024-09-28","FL","DR","Hurricane","HURRICANE HELENE","2024-09-23","2024-10-07","Sumter (County)"
4828,"2024-09-28","FL","DR","Hurricane","HURRICANE HELENE","2024-09-23","2024-10-07","Nassau (County)"
4828,"2024-09-28","FL","DR","Hurricane","HURRICANE HELENE","2024-09-23","2024-10-07","Gulf (County)"
4828,"2024-09-28","FL","DR","Hurricane","HURRICANE HELENE","2024-09-23","2024-10-07","Okaloosa (County)"
4828,"2024-09-28","FL","DR","Hurricane","HURRICANE HELENE","2024-09-23","2024-10-07","Hamilton (County)"
4828,"2024-09-28","FL","DR","Hurricane","HURRICANE HELENE","2024-09-23","2024-10-07","Gadsden (County)"
4828,"2024-09-28","FL","DR","Hurricane","HURRICANE HELENE","2024-09-23","2024-10-07","Hernando (County)"
4828,"2024-09-28","FL","DR","Hurricane","HURRICANE HELENE","2024-09-23","2024-10-07","Hillsborough (County)"
4828,"2024-09-28","FL","DR","Hurricane","HURRICANE HELENE","2024-09-23","2024-10-07","Jefferson (County)"
4828,"2024-09-28","FL","DR","Hurricane","HURRICANE HELENE","2024-09-23","2024-10-07","Putnam (County)"
4828,"2024-09-28","FL","DR","Hurricane","HURRICANE HELENE","2024-09-23","2024-10-07","Lafayette (County)"
4828,"2024-09-28","FL","DR","Hurricane","HURRICANE HELENE","2024-09-23","2024-10-07","Leon (County)"
4828,"2024-09-28","FL","DR","Hurricane","HURRICANE HELENE","2024-09-23","2024-10-07","Madison (County)"
4828,"2024-09-28","FL","DR","Hurricane","HURRICANE HELENE","2024-09-23","2024-10-07","Pasco (County)"
4828,"2024-09-28","FL","DR","Hurricane","HURRICANE HELENE","2024-09-23","2024-10-07","Pinellas (County)"
4827,"2024-09-28","NC","DR","Tropical Storm","TROPICAL STORM HELENE","2024-09-25","2024-12-18","Wilkes (County)"
4828,"2024-09-28","FL","DR","Hurricane","HURRICANE HELENE","2024-09-23","2024-10-07","Bay (County)"
4828,"2024-09-28","FL","DR","Hurricane","HURRICANE HELENE","2024-09-23","2024-10-07","Calhoun (County)"
4827,"2024-09-28","NC","DR","Tropical Storm","TROPICAL STORM HELENE","2024-09-25","2024-12-18","Rutherford (County)"
4827,"2024-09-28","NC","DR","Tropical Storm","TROPICAL STORM HELENE","2024-09-25","2024-12-18","Stanly (County)"
4827,"2024-09-28","NC","DR","Tropical Storm","TROPICAL STORM HELENE","2024-09-25","2024-12-18","Polk (County)"
4827,"2024-09-28","NC","DR","Tropical Storm","TROPICAL STORM HELENE","2024-09-25","2024-12-18","Swain (County)"
4827,"2024-09-28","NC","DR","Tropical Storm","TROPICAL STORM HELENE","2024-09-25","2024-12-18","Rowan (County)"
4827,"2024-09-28","NC","DR","Tropical Storm","TROPICAL STORM HELENE","2024-09-25","2024-12-18","Transylvania (County)"
4827,"2024-09-28","NC","DR","Tropical Storm","TROPICAL STORM HELENE","2024-09-25","2024-12-18","Surry (County)"
4827,"2024-09-28","NC","DR","Tropical Storm","TROPICAL STORM HELENE","2024-09-25","2024-12-18","McDowell (County)"
4827,"2024-09-28","NC","DR","Tropical Storm","TROPICAL STORM HELENE","2024-09-25","2024-12-18","Lee (County)"
4827,"2024-09-28","NC","DR","Tropical Storm","TROPICAL STORM HELENE","2024-09-25","2024-12-18","Macon (County)"
4827,"2024-09-28","NC","DR","Tropical Storm","TROPICAL STORM HELENE","2024-09-25","2024-12-18","Iredell (County)"
4827,"2024-09-28","NC","DR","Tropical Storm","TROPICAL STORM HELENE","2024-09-25","2024-12-18","Jackson (County)"
4827,"2024-09-28","NC","DR","Tropical Storm","TROPICAL STORM HELENE","2024-09-25","2024-12-18","Madison (County)"
4827,"2024-09-28","NC","DR","Tropical Storm","TROPICAL STORM HELENE","2024-09-25","2024-12-18","Mecklenburg (County)"
4827,"2024-09-28","NC","DR","Tropical Storm","TROPICAL STORM HELENE","2024-09-25","2024-12-18","Graham (County)"
4827,"2024-09-28","NC","DR","Tropical Storm","TROPICAL STORM HELENE","2024-09-25","2024-12-18","Watauga (County)"
4827,"2024-09-28","NC","DR","Tropical Storm","TROPICAL STORM HELENE","2024-09-25","2024-12-18","Catawba (County)"
4827,"2024-09-28","NC","DR","Tropical Storm","TROPICAL STORM HELENE","2024-09-25","2024-12-18","Cherokee (County)"
4827,"2024-09-28","NC","DR","Tropical Storm","TROPICAL STORM HELENE","2024-09-25","2024-12-18","Clay (County)"
4827,"2024-09-28","NC","DR","Tropical Storm","TROPICAL STORM HELENE","2024-09-25","2024-12-18","Haywood (County)"
4827,"2024-09-28","NC","DR","Tropical Storm","TROPICAL STORM HELENE","2024-09-25","2024-12-18","Buncombe (County)"
4827,"2024-09-28","NC","DR","Tropical Storm","TROPICAL STORM HELENE","2024-09-25","2024-12-18","Ashe (County)"
4827,"2024-09-28","NC","DR","Tropical Storm","TROPICAL STORM HELENE","2024-09-25","2024-12-18","Burke (County)"
4827,"2024-09-28","NC","DR","Tropical Storm","TROPICAL STORM HELENE","2024-09-25","2024-12-18","Eastern Band of Cherokee Indians"
4827,"2024-09-28","NC","DR","Tropical Storm","TROPICAL STORM HELENE","2024-09-25","2024-12-18","Alexander (County)"
4827,"2024-09-28","NC","DR","Tropical Storm","TROPICAL STORM HELENE","2024-09-25","2024-12-18","Alleghany (County)"
4827,"2024-09-28","NC","DR","Tropical Storm","TROPICAL STORM HELENE","2024-09-25","2024-12-18","Cabarrus (County)"
4827,"2024-09-28","NC","DR","Tropical Storm","TROPICAL STORM HELENE","2024-09-25","2024-12-18","Mitchell (County)"
4827,"2024-09-28","NC","DR","Tropical Storm","TROPICAL STORM HELENE","2024-09-25","2024-12-18","Caldwell (County)"
4827,"2024-09-28","NC","DR","Tropical Storm","TROPICAL STORM HELENE","2024-09-25","2024-12-18","Nash (County)"
4827,"2024-09-28","NC","DR","Tropical Storm","TROPICAL STORM HELENE","2024-09-25","2024-12-18","Union (County)"
4828,"2024-09-28","FL","DR","Hurricane","HURRICANE HELENE","2024-09-23","2024-10-07","DeSoto (County)"
4828,"2024-09-28","FL","DR","Hurricane","HURRICANE HELENE","2024-09-23","2024-10-07","Walton (County)"
4828,"2024-09-28","FL","DR","Hurricane","HURRICANE HELENE","2024-09-23","2024-10-07","Alachua (County)"
4828,"2024-09-28","FL","DR","Hurricane","HURRICANE HELENE","2024-09-23","2024-10-07","Washington (County)"
4828,"2024-09-28","FL","DR","Hurricane","HURRICANE HELENE","2024-09-23","2024-10-07","Escambia (County)"
4828,"2024-09-28","FL","DR","Hurricane","HURRICANE HELENE","2024-09-23","2024-10-07","Citrus (County)"
4828,"2024-09-28","FL","DR","Hurricane","HURRICANE HELENE","2024-09-23","2024-10-07","Charlotte (County)"
4828,"2024-09-28","FL","DR","Hurricane","HURRICANE HELENE","2024-09-23","2024-10-07","Dixie (County)"
4828,"2024-09-28","FL","DR","Hurricane","HURRICANE HELENE","2024-09-23","2024-10-07","Baker (County)"
4828,"2024-09-28","FL","DR","Hurricane","HURRICANE HELENE","2024-09-23","2024-10-07","Collier (County)"
4828,"2024-09-28","FL","DR","Hurricane","HURRICANE HELENE","2024-09-23","2024-10-07","Bradford (County)"
4828,"2024-09-28","FL","DR","Hurricane","HURRICANE HELENE","2024-09-23","2024-10-07","Columbia (County)"
4828,"2024-09-28","FL","DR","Hurricane","HURRICANE HELENE","2024-09-23","2024-10-07","Duval (County)"
4828,"2024-09-28","FL","DR","Hurricane","HURRICANE HELENE","2024-09-23","2024-10-07","Franklin (County)"
4828,"2024-09-28","FL","DR","Hurricane","HURRICANE HELENE","2024-09-23","2024-10-07","Gilchrist (County)"
4828,"2024-09-28","FL","DR","Hurricane","HURRICANE HELENE","2024-09-23","2024-10-07","Clay (County)"
4828,"2024-09-28","FL","DR","Hurricane","HURRICANE HELENE","2024-09-23","2024-10-07","Taylor (County)"
4828,"2024-09-28","FL","DR","Hurricane","HURRICANE HELENE","2024-09-23","2024-10-07","Suwannee (County)"
4828,"2024-09-28","FL","DR","Hurricane","HURRICANE HELENE","2024-09-23","2024-10-07","Union (County)"
4828,"2024-09-28","FL","DR","Hurricane","HURRICANE HELENE","2024-09-23","2024-10-07","Manatee (County)"
4828,"2024-09-28","FL","DR","Hurricane","HURRICANE HELENE","2024-09-23","2024-10-07","Wakulla (County)"
4828,"2024-09-28","FL","DR","Hurricane","HURRICANE HELENE","2024-09-23","2024-10-07","Sarasota (County)"
4828,"2024-09-28","FL","DR","Hurricane","HURRICANE HELENE","2024-09-23","2024-10-07","Levy (County)"
4827,"2024-09-28","NC","DR","Tropical Storm","TROPICAL STORM HELENE","2024-09-25","2024-12-18","Yadkin (County)"
4828,"2024-09-28","FL","DR","Hurricane","HURRICANE HELENE","2024-09-23","2024-10-07","Holmes (County)"
3620,"2024-09-27","TN","EM","Tropical Storm","TROPICAL STORM HELENE","2024-09-26","2024-09-30","Cocke (County)"
3620,"2024-09-27","TN","EM","Tropical Storm","TROPICAL STORM HELENE","2024-09-26","2024-09-30","Johnson (County)"
3620,"2024-09-27","TN","EM","Tropical Storm","TROPICAL STORM HELENE","2024-09-26","2024-09-30","Greene (County)"
3620,"2024-09-27","TN","EM","Tropical Storm","TROPICAL STORM HELENE","2024-09-26","2024-09-30","Hamblen (County)"
3620,"2024-09-27","TN","EM","Tropical Storm","TROPICAL STORM HELENE","2024-09-26","2024-09-30","Hawkins (County)"
3620,"2024-09-27","TN","EM","Tropical Storm","TROPICAL STORM HELENE","2024-09-26","2024-09-30","Carter (County)"
3620,"2024-09-27","TN","EM","Tropical Storm","TROPICAL STORM HELENE","2024-09-26","2024-09-30","Unicoi (County)"
3620,"2024-09-27","TN","EM","Tropical Storm","TROPICAL STORM HELENE","2024-09-26","2024-09-30","Washington (County)"
3618,"2024-09-26","AL","EM","Hurricane","HURRICANE HELENE","2024-09-22","2024-09-29","Limestone (County)"
3617,"2024-09-26","NC","EM","Tropical Storm","HURRICANE HELENE","2024-09-25","2024-12-18","Moore (County)"
3617,"2024-09-26","NC","EM","Tropical Storm","HURRICANE HELENE","2024-09-25","2024-12-18","McDowell (County)"
3618,"2024-09-26","AL","EM","Hurricane","HURRICANE HELENE","2024-09-22","2024-09-29","Lowndes (County)"
3618,"2024-09-26","AL","EM","Hurricane","HURRICANE HELENE","2024-09-22","2024-09-29","Lauderdale (County)"
3618,"2024-09-26","AL","EM","Hurricane","HURRICANE HELENE","2024-09-22","2024-09-29","Macon (County)"
3618,"2024-09-26","AL","EM","Hurricane","HURRICANE HELENE","2024-09-22","2024-09-29","Jackson (County)"
3618,"2024-09-26","AL","EM","Hurricane","HURRICANE HELENE","2024-09-22","2024-09-29","Henry (County)"
3618,"2024-09-26","AL","EM","Hurricane","HURRICANE HELENE","2024-09-22","2024-09-29","Jefferson (County)"
3618,"2024-09-26","AL","EM","Hurricane","HURRICANE HELENE","2024-09-22","2024-09-29","Hale (County)"
3618,"2024-09-26","AL","EM","Hurricane","HURRICANE HELENE","2024-09-22","2024-09-29","Lamar (County)"
3618,"2024-09-26","AL","EM","Hurricane","HURRICANE HELENE","2024-09-22","2024-09-29","Lawrence (County)"
3618,"2024-09-26","AL","EM","Hurricane","HURRICANE HELENE","2024-09-22","2024-09-29","Etowah (County)"
3618,"2024-09-26","AL","EM","Hurricane","HURRICANE HELENE","2024-09-22","2024-09-29","Elmore (County)"
3618,"2024-09-26","AL","EM","Hurricane","HURRICANE HELENE","2024-09-22","2024-09-29","Fayette (County)"
3618,"2024-09-26","AL","EM","Hurricane","HURRICANE HELENE","2024-09-22","2024-09-29","DeKalb (County)"
3618,"2024-09-26","AL","EM","Hurricane","HURRICANE HELENE","2024-09-22","2024-09-29","Franklin (County)"
3618,"2024-09-26","AL","EM","Hurricane","HURRICANE HELENE","2024-09-22","2024-09-29","Geneva (County)"
3618,"2024-09-26","AL","EM","Hurricane","HURRICANE HELENE","2024-09-22","2024-09-29","Cullman (County)"
3618,"2024-09-26","AL","EM","Hurricane","HURRICANE HELENE","2024-09-22","2024-09-29","Dale (County)"
3618,"2024-09-26","AL","EM","Hurricane","HURRICANE HELENE","2024-09-22","2024-09-29","Greene (County)"
3618,"2024-09-26","AL","EM","Hurricane","HURRICANE HELENE","2024-09-22","2024-09-29","Coffee (County)"
3618,"2024-09-26","AL","EM","Hurricane","HURRICANE HELENE","2024-09-22","2024-09-29","Conecuh (County)"
3618,"2024-09-26","AL","EM","Hurricane","HURRICANE HELENE","2024-09-22","2024-09-29","Coosa (County)"
3618,"2024-09-26","AL","EM","Hurricane","HURRICANE HELENE","2024-09-22","2024-09-29","Dallas (County)"
3618,"2024-09-26","AL","EM","Hurricane","HURRICANE HELENE","2024-09-22","2024-09-29","Choctaw (County)"
3618,"2024-09-26","AL","EM","Hurricane","HURRICANE HELENE","2024-09-22","2024-09-29","Cherokee (County)"
3618,"2024-09-26","AL","EM","Hurricane","HURRICANE HELENE","2024-09-22","2024-09-29","Clarke (County)"
3618,"2024-09-26","AL","EM","Hurricane","HURRICANE HELENE","2024-09-22","2024-09-29","Calhoun (County)"
3618,"2024-09-26","AL","EM","Hurricane","HURRICANE HELENE","2024-09-22","2024-09-29","Chambers (County)"
3618,"2024-09-26","AL","EM","Hurricane","HURRICANE HELENE","2024-09-22","2024-09-29","Clay (County)"
3618,"2024-09-26","AL","EM","Hurricane","HURRICANE HELENE","2024-09-22","2024-09-29","Blount (County)"
3618,"2024-09-26","AL","EM","Hurricane","HURRICANE HELENE","2024-09-22","2024-09-29","Baldwin (County)"
3618,"2024-09-26","AL","EM","Hurricane","HURRICANE HELENE","2024-09-22","2024-09-29","Bullock (County)"
3618,"2024-09-26","AL","EM","Hurricane","HURRICANE HELENE","2024-09-22","2024-09-29","Autauga (County)"
3618,"2024-09-26","AL","EM","Hurricane","HURRICANE HELENE","2024-09-22","2024-09-29","Butler (County)"
3618,"2024-09-26","AL","EM","Hurricane","HURRICANE HELENE","2024-09-22","2024-09-29","Cleburne (County)"
3619,"2024-09-26","SC","EM","Tropical Storm","HURRICANE HELENE","2024-09-25","2024-10-07","Williamsburg (County)"
3617,"2024-09-26","NC","EM","Tropical Storm","HURRICANE HELENE","2024-09-25","2024-12-18","Lenoir (County)"
3619,"2024-09-26","SC","EM","Tropical Storm","HURRICANE HELENE","2024-09-25","2024-10-07","Union (County)"
3617,"2024-09-26","NC","EM","Tropical Storm","HURRICANE HELENE","2024-09-25","2024-12-18","Lincoln (County)"
3617,"2024-09-26","NC","EM","Tropical Storm","HURRICANE HELENE","2024-09-25","2024-12-18","Jackson (County)"
3617,"2024-09-26","NC","EM","Tropical Storm","HURRICANE HELENE","2024-09-25","2024-12-18","Johnston (County)"
3617,"2024-09-26","NC","EM","Tropical Storm","HURRICANE HELENE","2024-09-25","2024-12-18","Iredell (County)"
3617,"2024-09-26","NC","EM","Tropical Storm","HURRICANE HELENE","2024-09-25","2024-12-18","Jones (County)"
3619,"2024-09-26","SC","EM","Tropical Storm","HURRICANE HELENE","2024-09-25","2024-10-07","York (County)"
3617,"2024-09-26","NC","EM","Tropical Storm","HURRICANE HELENE","2024-09-25","2024-12-18","Hoke (County)"
3617,"2024-09-26","NC","EM","Tropical Storm","HURRICANE HELENE","2024-09-25","2024-12-18","Lee (County)"
3617,"2024-09-26","NC","EM","Tropical Storm","HURRICANE HELENE","2024-09-25","2024-12-18","Hyde (County)"
3619,"2024-09-26","SC","EM","Tropical Storm","HURRICANE HELENE","2024-09-25","2024-10-07","Allendale (County)"
3617,"2024-09-26","NC","EM","Tropical Storm","HURRICANE HELENE","2024-09-25","2024-12-18","Haywood (County)"
3617,"2024-09-26","NC","EM","Tropical Storm","HURRICANE HELENE","2024-09-25","2024-12-18","Henderson (County)"
3617,"2024-09-26","NC","EM","Tropical Storm","HURRICANE HELENE","2024-09-25","2024-12-18","Hertford (County)"
3617,"2024-09-26","NC","EM","Tropical Storm","HURRICANE HELENE","2024-09-25","2024-12-18","Guilford (County)"
3617,"2024-09-26","NC","EM","Tropical Storm","HURRICANE HELENE","2024-09-25","2024-12-18","Graham (County)"
3617,"2024-09-26","NC","EM","Tropical Storm","HURRICANE HELENE","2024-09-25","2024-12-18","Greene (County)"
3617,"2024-09-26","NC","EM","Tropical Storm","HURRICANE HELENE","2024-09-25","2024-12-18","Granville (County)"
3617,"2024-09-26","NC","EM","Tropical Storm","HURRICANE HELENE","2024-09-25","2024-12-18","Forsyth (County)"
3617,"2024-09-26","NC","EM","Tropical Storm","HURRICANE HELENE","2024-09-25","2024-12-18","Franklin (County)"
3617,"2024-09-26","NC","EM","Tropical Storm","HURRICANE HELENE","2024-09-25","2024-12-18","Edgecombe (County)"
3617,"2024-09-26","NC","EM","Tropical Storm","HURRICANE HELENE","2024-09-25","2024-12-18","Gaston (County)"
3617,"2024-09-26","NC","EM","Tropical Storm","HURRICANE HELENE","2024-09-25","2024-12-18","Gates (County)"
3619,"2024-09-26","SC","EM","Tropical Storm","HURRICANE HELENE","2024-09-25","2024-10-07","Sumter (County)"
3619,"2024-09-26","SC","EM","Tropical Storm","HURRICANE HELENE","2024-09-25","2024-10-07","Barnwell (County)"
3618,"2024-09-26","AL","EM","Hurricane","HURRICANE HELENE","2024-09-22","2024-09-29","Madison (County)"
3619,"2024-09-26","SC","EM","Tropical Storm","HURRICANE HELENE","2024-09-25","2024-10-07","Spartanburg (County)"
3618,"2024-09-26","AL","EM","Hurricane","HURRICANE HELENE","2024-09-22","2024-09-29","Marengo (County)"
3619,"2024-09-26","SC","EM","Tropical Storm","HURRICANE HELENE","2024-09-25","2024-10-07","Berkeley (County)"
3617,"2024-09-26","NC","EM","Tropical Storm","HURRICANE HELENE","2024-09-25","2024-12-18","Cumberland (County)"
3617,"2024-09-26","NC","EM","Tropical Storm","HURRICANE HELENE","2024-09-25","2024-12-18","Currituck (County)"
3617,"2024-09-26","NC","EM","Tropical Storm","HURRICANE HELENE","2024-09-25","2024-12-18","Craven (County)"
3617,"2024-09-26","NC","EM","Tropical Storm","HURRICANE HELENE","2024-09-25","2024-12-18","Dare (County)"
3617,"2024-09-26","NC","EM","Tropical Storm","HURRICANE HELENE","2024-09-25","2024-12-18","Clay (County)"
3617,"2024-09-26","NC","EM","Tropical Storm","HURRICANE HELENE","2024-09-25","2024-12-18","Cleveland (County)"
3617,"2024-09-26","NC","EM","Tropical Storm","HURRICANE HELENE","2024-09-25","2024-12-18","Columbus (County)"
3617,"2024-09-26","NC","EM","Tropical Storm","HURRICANE HELENE","2024-09-25","2024-12-18","Davidson (County)"
3617,"2024-09-26","NC","EM","Tropical Storm","HURRICANE HELENE","2024-09-25","2024-12-18","Catawba (County)"
3617,"2024-09-26","NC","EM","Tropical Storm","HURRICANE HELENE","2024-09-25","2024-12-18","Chatham (County)"
3617,"2024-09-26","NC","EM","Tropical Storm","HURRICANE HELENE","2024-09-25","2024-12-18","Caswell (County)"
3617,"2024-09-26","NC","EM","Tropical Storm","HURRICANE HELENE","2024-09-25","2024-12-18","Cherokee (County)"
3617,"2024-09-26","NC","EM","Tropical Storm","HURRICANE HELENE","2024-09-25","2024-12-18","Camden (County)"
3617,"2024-09-26","NC","EM","Tropical Storm","HURRICANE HELENE","2024-09-25","2024-12-18","Carteret (County)"
3617,"2024-09-26","NC","EM","Tropical Storm","HURRICANE HELENE","2024-09-25","2024-12-18","Chowan (County)"
3617,"2024-09-26","NC","EM","Tropical Storm","HURRICANE HELENE","2024-09-25","2024-12-18","Davie (County)"
3617,"2024-09-26","NC","EM","Tropical Storm","HURRICANE HELENE","2024-09-25","2024-12-18","Brunswick (County)"
3617,"2024-09-26","NC","EM","Tropical Storm","HURRICANE HELENE","2024-09-25","2024-12-18","Buncombe (County)"
3617,"2024-09-26","NC","EM","Tropical Storm","HURRICANE HELENE","2024-09-25","2024-12-18","Bladen (County)"
3617,"2024-09-26","NC","EM","Tropical Storm","HURRICANE HELENE","2024-09-25","2024-12-18","Burke (County)"
3617,"2024-09-26","NC","EM","Tropical Storm","HURRICANE HELENE","2024-09-25","2024-12-18","Avery (County)"
3617,"2024-09-26","NC","EM","Tropical Storm","HURRICANE HELENE","2024-09-25","2024-12-18","Beaufort (County)"
3617,"2024-09-26","NC","EM","Tropical Storm","HURRICANE HELENE","2024-09-25","2024-12-18","Bertie (County)"
3617,"2024-09-26","NC","EM","Tropical Storm","HURRICANE HELENE","2024-09-25","2024-12-18","Cabarrus (County)"
3617,"2024-09-26","NC","EM","Tropical Storm","HURRICANE HELENE","2024-09-25","2024-12-18","Alleghany (County)"
3617,"2024-09-26","NC","EM","Tropical Storm","HURRICANE HELENE","2024-09-25","2024-12-18","Anson (County)"
3617,"2024-09-26","NC","EM","Tropical Storm","HURRICANE HELENE","2024-09-25","2024-12-18","Ashe (County)"
3617,"2024-09-26","NC","EM","Tropical Storm","HURRICANE HELENE","2024-09-25","2024-12-18","Caldwell (County)"
3617,"2024-09-26","NC","EM","Tropical Storm","HURRICANE HELENE","2024-09-25","2024-12-18","Alamance (County)"
3617,"2024-09-26","NC","EM","Tropical Storm","HURRICANE HELENE","2024-09-25","2024-12-18","Duplin (County)"
3616,"2024-09-26","GA","EM","Tropical Storm","HURRICANE HELENE","2024-09-24","2024-10-30","Schley (County)"
3617,"2024-09-26","NC","EM","Tropical Storm","HURRICANE HELENE","2024-09-25","2024-12-18","Eastern Band of Cherokee Indians"
3618,"2024-09-26","AL","EM","Hurricane","HURRICANE HELENE","2024-09-22","2024-09-29","Tallapoosa (County)"
3618,"2024-09-26","AL","EM","Hurricane","HURRICANE HELENE","2024-09-22","2024-09-29","Tuscaloosa (County)"
3618,"2024-09-26","AL","EM","Hurricane","HURRICANE HELENE","2024-09-22","2024-09-29","Talladega (County)"
3618,"2024-09-26","AL","EM","Hurricane","HURRICANE HELENE","2024-09-22","2024-09-29","Sumter (County)"
3618,"2024-09-26","AL","EM","Hurricane","HURRICANE HELENE","2024-09-22","2024-09-29","Pike (County)"
3618,"2024-09-26","AL","EM","Hurricane","HURRICANE HELENE","2024-09-22","2024-09-29","Perry (County)"
3618,"2024-09-26","AL","EM","Hurricane","HURRICANE HELENE","2024-09-22","2024-09-29","Randolph (County)"
3618,"2024-09-26","AL","EM","Hurricane","HURRICANE HELENE","2024-09-22","2024-09-29","Montgomery (County)"
3618,"2024-09-26","AL","EM","Hurricane","HURRICANE HELENE","2024-09-22","2024-09-29","Morgan (County)"
3618,"2024-09-26","AL","EM","Hurricane","HURRICANE HELENE","2024-09-22","2024-09-29","Russell (County)"
3618,"2024-09-26","AL","EM","Hurricane","HURRICANE HELENE","2024-09-22","2024-09-29","Wilcox (County)"
3618,"2024-09-26","AL","EM","Hurricane","HURRICANE HELENE","2024-09-22","2024-09-29","Marion (County)"
3618,"2024-09-26","AL","EM","Hurricane","HURRICANE HELENE","2024-09-22","2024-09-29","Marshall (County)"
3617,"2024-09-26","NC","EM","Tropical Storm","HURRICANE HELENE","2024-09-25","2024-12-18","Madison (County)"
3618,"2024-09-26","AL","EM","Hurricane","HURRICANE HELENE","2024-09-22","2024-09-29","Mobile (County)"
3617,"2024-09-26","NC","EM","Tropical Storm","HURRICANE HELENE","2024-09-25","2024-12-18","Macon (County)"
3618,"2024-09-26","AL","EM","Hurricane","HURRICANE HELENE","2024-09-22","2024-09-29","Monroe (County)"
3618,"2024-09-26","AL","EM","Hurricane","HURRICANE HELENE","2024-09-22","2024-09-29","Winston (County)"
3617,"2024-09-26","NC","EM","Tropical Storm","HURRICANE HELENE","2024-09-25","2024-12-18","Martin (County)"
3617,"2024-09-26","NC","EM","Tropical Storm","HURRICANE HELENE","2024-09-25","2024-12-18","Mecklenburg (County)"
3617,"2024-09-26","NC","EM","Tropical Storm","HURRICANE HELENE","2024-09-25","2024-12-18","Durham (County)"
3617,"2024-09-26","NC","EM","Tropical Storm","HURRICANE HELENE","2024-09-25","2024-12-18","Mitchell (County)"
3617,"2024-09-26","NC","EM","Tropical Storm","HURRICANE HELENE","2024-09-25","2024-12-18","Northampton (County)"
3618,"2024-09-26","AL","EM","Hurricane","HURRICANE HELENE","2024-09-22","2024-09-29","Lee (County)"
3617,"2024-09-26","NC","EM","Tropical Storm","HURRICANE HELENE","2024-09-25","2024-12-18","Polk (County)"
3617,"2024-09-26","NC","EM","Tropical Storm","HURRICANE HELENE","2024-09-25","2024-12-18","Pasquotank (County)"
3617,"2024-09-26","NC","EM","Tropical Storm","HURRICANE HELENE","2024-09-25","2024-12-18","Robeson (County)"
3616,"2024-09-26","GA","EM","Tropical Storm","HURRICANE HELENE","2024-09-24","2024-10-30","Brantley (County)"
3616,"2024-09-26","GA","EM","Tropical Storm","HURRICANE HELENE","2024-09-24","2024-10-30","Berrien (County)"
3616,"2024-09-26","GA","EM","Tropical Storm","HURRICANE HELENE","2024-09-24","2024-10-30","Bibb (County)"
3616,"2024-09-26","GA","EM","Tropical Storm","HURRICANE HELENE","2024-09-24","2024-10-30","Ben Hill (County)"
3616,"2024-09-26","GA","EM","Tropical Storm","HURRICANE HELENE","2024-09-24","2024-10-30","Barrow (County)"
3616,"2024-09-26","GA","EM","Tropical Storm","HURRICANE HELENE","2024-09-24","2024-10-30","Randolph (County)"
3616,"2024-09-26","GA","EM","Tropical Storm","HURRICANE HELENE","2024-09-24","2024-10-30","Bleckley (County)"
3616,"2024-09-26","GA","EM","Tropical Storm","HURRICANE HELENE","2024-09-24","2024-10-30","Bartow (County)"
3616,"2024-09-26","GA","EM","Tropical Storm","HURRICANE HELENE","2024-09-24","2024-10-30","Atkinson (County)"
3616,"2024-09-26","GA","EM","Tropical Storm","HURRICANE HELENE","2024-09-24","2024-10-30","Bacon (County)"
3616,"2024-09-26","GA","EM","Tropical Storm","HURRICANE HELENE","2024-09-24","2024-10-30","Appling (County)"
3616,"2024-09-26","GA","EM","Tropical Storm","HURRICANE HELENE","2024-09-24","2024-10-30","Baker (County)"
3616,"2024-09-26","GA","EM","Tropical Storm","HURRICANE HELENE","2024-09-24","2024-10-30","Baldwin (County)"
3616,"2024-09-26","GA","EM","Tropical Storm","HURRICANE HELENE","2024-09-24","2024-10-30","Georgetown - Quitman (County)"
3616,"2024-09-26","GA","EM","Tropical Storm","HURRICANE HELENE","2024-09-24","2024-10-30","Screven (County)"
3616,"2024-09-26","GA","EM","Tropical Storm","HURRICANE HELENE","2024-09-24","2024-10-30","Pike (County)"
3616,"2024-09-26","GA","EM","Tropical Storm","HURRICANE HELENE","2024-09-24","2024-10-30","Polk (County)"
3616,"2024-09-26","GA","EM","Tropical Storm","HURRICANE HELENE","2024-09-24","2024-10-30","Pulaski (County)"
3616,"2024-09-26","GA","EM","Tropical Storm","HURRICANE HELENE","2024-09-24","2024-10-30","Brooks (County)"
3616,"2024-09-26","GA","EM","Tropical Storm","HURRICANE HELENE","2024-09-24","2024-10-30","Banks (County)"
3616,"2024-09-26","GA","EM","Tropical Storm","HURRICANE HELENE","2024-09-24","2024-10-30","Putnam (County)"
3616,"2024-09-26","GA","EM","Tropical Storm","HURRICANE HELENE","2024-09-24","2024-10-30","Rabun (County)"
3616,"2024-09-26","GA","EM","Tropical Storm","HURRICANE HELENE","2024-09-24","2024-10-30","Oconee (County)"
3616,"2024-09-26","GA","EM","Tropical Storm","HURRICANE HELENE","2024-09-24","2024-10-30","Oglethorpe (County)"
3616,"2024-09-26","GA","EM","Tropical Storm","HURRICANE HELENE","2024-09-24","2024-10-30","Paulding (County)"
3616,"2024-09-26","GA","EM","Tropical Storm","HURRICANE HELENE","2024-09-24","2024-10-30","Newton (County)"
3616,"2024-09-26","GA","EM","Tropical Storm","HURRICANE HELENE","2024-09-24","2024-10-30","Morgan (County)"
3616,"2024-09-26","GA","EM","Tropical Storm","HURRICANE HELENE","2024-09-24","2024-10-30","Murray (County)"
3616,"2024-09-26","GA","EM","Tropical Storm","HURRICANE HELENE","2024-09-24","2024-10-30","Peach (County)"
3616,"2024-09-26","GA","EM","Tropical Storm","HURRICANE HELENE","2024-09-24","2024-10-30","Muscogee (County)"
3616,"2024-09-26","GA","EM","Tropical Storm","HURRICANE HELENE","2024-09-24","2024-10-30","Miller (County)"
3616,"2024-09-26","GA","EM","Tropical Storm","HURRICANE HELENE","2024-09-24","2024-10-30","Monroe (County)"
3616,"2024-09-26","GA","EM","Tropical Storm","HURRICANE HELENE","2024-09-24","2024-10-30","Mitchell (County)"
3616,"2024-09-26","GA","EM","Tropical Storm","HURRICANE HELENE","2024-09-24","2024-10-30","Meriwether (County)"
3616,"2024-09-26","GA","EM","Tropical Storm","HURRICANE HELENE","2024-09-24","2024-10-30","Madison (County)"
3616,"2024-09-26","GA","EM","Tropical Storm","HURRICANE HELENE","2024-09-24","2024-10-30","Marion (County)"
3616,"2024-09-26","GA","EM","Tropical Storm","HURRICANE HELENE","2024-09-24","2024-10-30","Montgomery (County)"
3616,"2024-09-26","GA","EM","Tropical Storm","HURRICANE HELENE","2024-09-24","2024-10-30","Pickens (County)"
3616,"2024-09-26","GA","EM","Tropical Storm","HURRICANE HELENE","2024-09-24","2024-10-30","Richmond (County)"
3616,"2024-09-26","GA","EM","Tropical Storm","HURRICANE HELENE","2024-09-24","2024-10-30","Jefferson (County)"
3616,"2024-09-26","GA","EM","Tropical Storm","HURRICANE HELENE","2024-09-24","2024-10-30","Jeff Davis (County)"
3616,"2024-09-26","GA","EM","Tropical Storm","HURRICANE HELENE","2024-09-24","2024-10-30","Macon (County)"
3616,"2024-09-26","GA","EM","Tropical Storm","HURRICANE HELENE","2024-09-24","2024-10-30","Pierce (County)"
3616,"2024-09-26","GA","EM","Tropical Storm","HURRICANE HELENE","2024-09-24","2024-10-30","Jenkins (County)"
3616,"2024-09-26","GA","EM","Tropical Storm","HURRICANE HELENE","2024-09-24","2024-10-30","Rockdale (County)"
3616,"2024-09-26","GA","EM","Tropical Storm","HURRICANE HELENE","2024-09-24","2024-10-30","Burke (County)"
3616,"2024-09-26","GA","EM","Tropical Storm","HURRICANE HELENE","2024-09-24","2024-10-30","Houston (County)"
3616,"2024-09-26","GA","EM","Tropical Storm","HURRICANE HELENE","2024-09-24","2024-10-30","Bulloch (County)"
3616,"2024-09-26","GA","EM","Tropical Storm","HURRICANE HELENE","2024-09-24","2024-10-30","Bryan (County)"
3616,"2024-09-26","GA","EM","Tropical Storm","HURRICANE HELENE","2024-09-24","2024-10-30","Irwin (County)"
3616,"2024-09-26","GA","EM","Tropical Storm","HURRICANE HELENE","2024-09-24","2024-10-30","Jackson (County)"
3616,"2024-09-26","GA","EM","Tropical Storm","HURRICANE HELENE","2024-09-24","2024-10-30","Jasper (County)"
3616,"2024-09-26","GA","EM","Tropical Storm","HURRICANE HELENE","2024-09-24","2024-10-30","Gwinnett (County)"
3616,"2024-09-26","GA","EM","Tropical Storm","HURRICANE HELENE","2024-09-24","2024-10-30","Habersham (County)"
3616,"2024-09-26","GA","EM","Tropical Storm","HURRICANE HELENE","2024-09-24","2024-10-30","Greene (County)"
3616,"2024-09-26","GA","EM","Tropical Storm","HURRICANE HELENE","2024-09-24","2024-10-30","Hall (County)"
3616,"2024-09-26","GA","EM","Tropical Storm","HURRICANE HELENE","2024-09-24","2024-10-30","Glynn (County)"
3616,"2024-09-26","GA","EM","Tropical Storm","HURRICANE HELENE","2024-09-24","2024-10-30","Lumpkin (County)"
3616,"2024-09-26","GA","EM","Tropical Storm","HURRICANE HELENE","2024-09-24","2024-10-30","Gordon (County)"
3616,"2024-09-26","GA","EM","Tropical Storm","HURRICANE HELENE","2024-09-24","2024-10-30","Hancock (County)"
3616,"2024-09-26","GA","EM","Tropical Storm","HURRICANE HELENE","2024-09-24","2024-10-30","Grady (County)"
3618,"2024-09-26","AL","EM","Hurricane","HURRICANE HELENE","2024-09-22","2024-09-29","Escambia (County)"
3616,"2024-09-26","GA","EM","Tropical Storm","HURRICANE HELENE","2024-09-24","2024-10-30","Franklin (County)"
3616,"2024-09-26","GA","EM","Tropical Storm","HURRICANE HELENE","2024-09-24","2024-10-30","Gilmer (County)"
3616,"2024-09-26","GA","EM","Tropical Storm","HURRICANE HELENE","2024-09-24","2024-10-30","Fulton (County)"
3617,"2024-09-26","NC","EM","Tropical Storm","HURRICANE HELENE","2024-09-25","2024-12-18","Montgomery (County)"
3616,"2024-09-26","GA","EM","Tropical Storm","HURRICANE HELENE","2024-09-24","2024-10-30","Forsyth (County)"
3616,"2024-09-26","GA","EM","Tropical Storm","HURRICANE HELENE","2024-09-24","2024-10-30","Long (County)"
3616,"2024-09-26","GA","EM","Tropical Storm","HURRICANE HELENE","2024-09-24","2024-10-30","Fayette (County)"
3616,"2024-09-26","GA","EM","Tropical Storm","HURRICANE HELENE","2024-09-24","2024-10-30","Floyd (County)"
3616,"2024-09-26","GA","EM","Tropical Storm","HURRICANE HELENE","2024-09-24","2024-10-30","Haralson (County)"
3616,"2024-09-26","GA","EM","Tropical Storm","HURRICANE HELENE","2024-09-24","2024-10-30","Glascock (County)"
3618,"2024-09-26","AL","EM","Hurricane","HURRICANE HELENE","2024-09-22","2024-09-29","Houston (County)"
3616,"2024-09-26","GA","EM","Tropical Storm","HURRICANE HELENE","2024-09-24","2024-10-30","Effingham (County)"
3616,"2024-09-26","GA","EM","Tropical Storm","HURRICANE HELENE","2024-09-24","2024-10-30","Elbert (County)"
3616,"2024-09-26","GA","EM","Tropical Storm","HURRICANE HELENE","2024-09-24","2024-10-30","Emanuel (County)"
3616,"2024-09-26","GA","EM","Tropical Storm","HURRICANE HELENE","2024-09-24","2024-10-30","Echols (County)"
3616,"2024-09-26","GA","EM","Tropical Storm","HURRICANE HELENE","2024-09-24","2024-10-30","Dougherty (County)"
3616,"2024-09-26","GA","EM","Tropical Storm","HURRICANE HELENE","2024-09-24","2024-10-30","Douglas (County)"
3616,"2024-09-26","GA","EM","Tropical Storm","HURRICANE HELENE","2024-09-24","2024-10-30","Evans (County)"
3616,"2024-09-26","GA","EM","Tropical Storm","HURRICANE HELENE","2024-09-24","2024-10-30","Early (County)"
3616,"2024-09-26","GA","EM","Tropical Storm","HURRICANE HELENE","2024-09-24","2024-10-30","Decatur (County)"
3616,"2024-09-26","GA","EM","Tropical Storm","HURRICANE HELENE","2024-09-24","2024-10-30","McDuffie (County)"
3616,"2024-09-26","GA","EM","Tropical Storm","HURRICANE HELENE","2024-09-24","2024-10-30","DeKalb (County)"
3616,"2024-09-26","GA","EM","Tropical Storm","HURRICANE HELENE","2024-09-24","2024-10-30","Dawson (County)"
3616,"2024-09-26","GA","EM","Tropical Storm","HURRICANE HELENE","2024-09-24","2024-10-30","Dodge (County)"
3616,"2024-09-26","GA","EM","Tropical Storm","HURRICANE HELENE","2024-09-24","2024-10-30","Dade (County)"
3616,"2024-09-26","GA","EM","Tropical Storm","HURRICANE HELENE","2024-09-24","2024-10-30","Fannin (County)"
3616,"2024-09-26","GA","EM","Tropical Storm","HURRICANE HELENE","2024-09-24","2024-10-30","Dooly (County)"
3616,"2024-09-26","GA","EM","Tropical Storm","HURRICANE HELENE","2024-09-24","2024-10-30","Harris (County)"
3616,"2024-09-26","GA","EM","Tropical Storm","HURRICANE HELENE","2024-09-24","2024-10-30","Lowndes (County)"
3616,"2024-09-26","GA","EM","Tropical Storm","HURRICANE HELENE","2024-09-24","2024-10-30","Colquitt (County)"
3616,"2024-09-26","GA","EM","Tropical Storm","HURRICANE HELENE","2024-09-24","2024-10-30","Columbia (County)"
3618,"2024-09-26","AL","EM","Hurricane","HURRICANE HELENE","2024-09-22","2024-09-29","Bibb (County)"
3618,"2024-09-26","AL","EM","Hurricane","HURRICANE HELENE","2024-09-22","2024-09-29","Barbour (County)"
3616,"2024-09-26","GA","EM","Tropical Storm","HURRICANE HELENE","2024-09-24","2024-10-30","Coffee (County)"
3616,"2024-09-26","GA","EM","Tropical Storm","HURRICANE HELENE","2024-09-24","2024-10-30","Cook (County)"
3616,"2024-09-26","GA","EM","Tropical Storm","HURRICANE HELENE","2024-09-24","2024-10-30","Clayton (County)"
3616,"2024-09-26","GA","EM","Tropical Storm","HURRICANE HELENE","2024-09-24","2024-10-30","McIntosh (County)"
3616,"2024-09-26","GA","EM","Tropical Storm","HURRICANE HELENE","2024-09-24","2024-10-30","Clinch (County)"
3616,"2024-09-26","GA","EM","Tropical Storm","HURRICANE HELENE","2024-09-24","2024-10-30","Cobb (County)"
3616,"2024-09-26","GA","EM","Tropical Storm","HURRICANE HELENE","2024-09-24","2024-10-30","Coweta (County)"
3618,"2024-09-26","AL","EM","Hurricane","HURRICANE HELENE","2024-09-22","2024-09-29","Colbert (County)"
3616,"2024-09-26","GA","EM","Tropical Storm","HURRICANE HELENE","2024-09-24","2024-10-30","Chattooga (County)"
3616,"2024-09-26","GA","EM","Tropical Storm","HURRICANE HELENE","2024-09-24","2024-10-30","Cherokee (County)"
3618,"2024-09-26","AL","EM","Hurricane","HURRICANE HELENE","2024-09-22","2024-09-29","Covington (County)"
3616,"2024-09-26","GA","EM","Tropical Storm","HURRICANE HELENE","2024-09-24","2024-10-30","Chattahoochee (County)"
3616,"2024-09-26","GA","EM","Tropical Storm","HURRICANE HELENE","2024-09-24","2024-10-30","Clarke (County)"
3616,"2024-09-26","GA","EM","Tropical Storm","HURRICANE HELENE","2024-09-24","2024-10-30","Charlton (County)"
3616,"2024-09-26","GA","EM","Tropical Storm","HURRICANE HELENE","2024-09-24","2024-10-30","Chatham (County)"
3616,"2024-09-26","GA","EM","Tropical Storm","HURRICANE HELENE","2024-09-24","2024-10-30","Seminole (County)"
3616,"2024-09-26","GA","EM","Tropical Storm","HURRICANE HELENE","2024-09-24","2024-10-30","Clay (County)"
3616,"2024-09-26","GA","EM","Tropical Storm","HURRICANE HELENE","2024-09-24","2024-10-30","Crawford (County)"
3618,"2024-09-26","AL","EM","Hurricane","HURRICANE HELENE","2024-09-22","2024-09-29","Chilton (County)"
3616,"2024-09-26","GA","EM","Tropical Storm","HURRICANE HELENE","2024-09-24","2024-10-30","Candler (County)"
3616,"2024-09-26","GA","EM","Tropical Storm","HURRICANE HELENE","2024-09-24","2024-10-30","Catoosa (County)"
3616,"2024-09-26","GA","EM","Tropical Storm","HURRICANE HELENE","2024-09-24","2024-10-30","Crisp (County)"
3616,"2024-09-26","GA","EM","Tropical Storm","HURRICANE HELENE","2024-09-24","2024-10-30","Hart (County)"
3616,"2024-09-26","GA","EM","Tropical Storm","HURRICANE HELENE","2024-09-24","2024-10-30","Carroll (County)"
3616,"2024-09-26","GA","EM","Tropical Storm","HURRICANE HELENE","2024-09-24","2024-10-30","Heard (County)"
3616,"2024-09-26","GA","EM","Tropical Storm","HURRICANE HELENE","2024-09-24","2024-10-30","Henry (County)"
3618,"2024-09-26","AL","EM","Hurricane","HURRICANE HELENE","2024-09-22","2024-09-29","Walker (County)"
3618,"2024-09-26","AL","EM","Hurricane","HURRICANE HELENE","2024-09-22","2024-09-29","St. Clair (County)"
3618,"2024-09-26","AL","EM","Hurricane","HURRICANE HELENE","2024-09-22","2024-09-29","Shelby (County)"
3617,"2024-09-26","NC","EM","Tropical Storm","HURRICANE HELENE","2024-09-25","2024-12-18","Harnett (County)"
3619,"2024-09-26","SC","EM","Tropical Storm","HURRICANE HELENE","2024-09-25","2024-10-07","Richland (County)"
3616,"2024-09-26","GA","EM","Tropical Storm","HURRICANE HELENE","2024-09-24","2024-10-30","Jones (County)"
3616,"2024-09-26","GA","EM","Tropical Storm","HURRICANE HELENE","2024-09-24","2024-10-30","Johnson (County)"
3616,"2024-09-26","GA","EM","Tropical Storm","HURRICANE HELENE","2024-09-24","2024-10-30","Butts (County)"
3617,"2024-09-26","NC","EM","Tropical Storm","HURRICANE HELENE","2024-09-25","2024-12-18","Halifax (County)"
3617,"2024-09-26","NC","EM","Tropical Storm","HURRICANE HELENE","2024-09-25","2024-12-18","Nash (County)"
3619,"2024-09-26","SC","EM","Tropical Storm","HURRICANE HELENE","2024-09-25","2024-10-07","Darlington (County)"
3619,"2024-09-26","SC","EM","Tropical Storm","HURRICANE HELENE","2024-09-25","2024-10-07","Saluda (County)"
3618,"2024-09-26","AL","EM","Hurricane","HURRICANE HELENE","2024-09-22","2024-09-29","Washington (County)"
3619,"2024-09-26","SC","EM","Tropical Storm","HURRICANE HELENE","2024-09-25","2024-10-07","Anderson (County)"
3619,"2024-09-26","SC","EM","Tropical Storm","HURRICANE HELENE","2024-09-25","2024-10-07","Bamberg (County)"
3617,"2024-09-26","NC","EM","Tropical Storm","HURRICANE HELENE","2024-09-25","2024-12-18","New Hanover (County)"
3617,"2024-09-26","NC","EM","Tropical Storm","HURRICANE HELENE","2024-09-25","2024-12-18","Wilkes (County)"
3617,"2024-09-26","NC","EM","Tropical Storm","HURRICANE HELENE","2024-09-25","2024-12-18","Wilson (County)"
3617,"2024-09-26","NC","EM","Tropical Storm","HURRICANE HELENE","2024-09-25","2024-12-18","Yadkin (County)"
3617,"2024-09-26","NC","EM","Tropical Storm","HURRICANE HELENE","2024-09-25","2024-12-18","Yancey (County)"
3619,"2024-09-26","SC","EM","Tropical Storm","HURRICANE HELENE","2024-09-25","2024-10-07","Calhoun (County)"
3619,"2024-09-26","SC","EM","Tropical Storm","HURRICANE HELENE","2024-09-25","2024-10-07","Cherokee (County)"
3617,"2024-09-26","NC","EM","Tropical Storm","HURRICANE HELENE","2024-09-25","2024-12-18","Wayne (County)"
3619,"2024-09-26","SC","EM","Tropical Storm","HURRICANE HELENE","2024-09-25","2024-10-07","Abbeville (County)"
3619,"2024-09-26","SC","EM","Tropical Storm","HURRICANE HELENE","2024-09-25","2024-10-07","Beaufort (County)"
3619,"2024-09-26","SC","EM","Tropical Storm","HURRICANE HELENE","2024-09-25","2024-10-07","Aiken (County)"
3616,"2024-09-26","GA","EM","Tropical Storm","HURRICANE HELENE","2024-09-24","2024-10-30","Lincoln (County)"
3616,"2024-09-26","GA","EM","Tropical Storm","HURRICANE HELENE","2024-09-24","2024-10-30","Spalding (County)"
3616,"2024-09-26","GA","EM","Tropical Storm","HURRICANE HELENE","2024-09-24","2024-10-30","Lee (County)"
3616,"2024-09-26","GA","EM","Tropical Storm","HURRICANE HELENE","2024-09-24","2024-10-30","Liberty (County)"
3616,"2024-09-26","GA","EM","Tropical Storm","HURRICANE HELENE","2024-09-24","2024-10-30","Stephens (County)"
3619,"2024-09-26","SC","EM","Tropical Storm","HURRICANE HELENE","2024-09-25","2024-10-07","Charleston (County)"
3617,"2024-09-26","NC","EM","Tropical Storm","HURRICANE HELENE","2024-09-25","2024-12-18","Warren (County)"
3616,"2024-09-26","GA","EM","Tropical Storm","HURRICANE HELENE","2024-09-24","2024-10-30","Laurens (County)"
3616,"2024-09-26","GA","EM","Tropical Storm","HURRICANE HELENE","2024-09-24","2024-10-30","Stewart (County)"
3616,"2024-09-26","GA","EM","Tropical Storm","HURRICANE HELENE","2024-09-24","2024-10-30","Wilkes (County)"
3616,"2024-09-26","GA","EM","Tropical Storm","HURRICANE HELENE","2024-09-24","2024-10-30","Wilkinson (County)"
3616,"2024-09-26","GA","EM","Tropical Storm","HURRICANE HELENE","2024-09-24","2024-10-30","Worth (County)"
3616,"2024-09-26","GA","EM","Tropical Storm","HURRICANE HELENE","2024-09-24","2024-10-30","Talbot (County)"
3616,"2024-09-26","GA","EM","Tropical Storm","HURRICANE HELENE","2024-09-24","2024-10-30","Sumter (County)"
3616,"2024-09-26","GA","EM","Tropical Storm","HURRICANE HELENE","2024-09-24","2024-10-30","Whitfield (County)"
3616,"2024-09-26","GA","EM","Tropical Storm","HURRICANE HELENE","2024-09-24","2024-10-30","Wilcox (County)"
3616,"2024-09-26","GA","EM","Tropical Storm","HURRICANE HELENE","2024-09-24","2024-10-30","Ware (County)"
3616,"2024-09-26","GA","EM","Tropical Storm","HURRICANE HELENE","2024-09-24","2024-10-30","Warren (County)"
3616,"2024-09-26","GA","EM","Tropical Storm","HURRICANE HELENE","2024-09-24","2024-10-30","Walton (County)"
3616,"2024-09-26","GA","EM","Tropical Storm","HURRICANE HELENE","2024-09-24","2024-10-30","Washington (County)"
3619,"2024-09-26","SC","EM","Tropical Storm","HURRICANE HELENE","2024-09-25","2024-10-07","Lexington (County)"
3616,"2024-09-26","GA","EM","Tropical Storm","HURRICANE HELENE","2024-09-24","2024-10-30","Upson (County)"
3616,"2024-09-26","GA","EM","Tropical Storm","HURRICANE HELENE","2024-09-24","2024-10-30","Walker (County)"
3616,"2024-09-26","GA","EM","Tropical Storm","HURRICANE HELENE","2024-09-24","2024-10-30","Wayne (County)"
3616,"2024-09-26","GA","EM","Tropical Storm","HURRICANE HELENE","2024-09-24","2024-10-30","Troup (County)"
3616,"2024-09-26","GA","EM","Tropical Storm","HURRICANE HELENE","2024-09-24","2024-10-30","Turner (County)"
3616,"2024-09-26","GA","EM","Tropical Storm","HURRICANE HELENE","2024-09-24","2024-10-30","Treutlen (County)"
3616,"2024-09-26","GA","EM","Tropical Storm","HURRICANE HELENE","2024-09-24","2024-10-30","Twiggs (County)"
3619,"2024-09-26","SC","EM","Tropical Storm","HURRICANE HELENE","2024-09-25","2024-10-07","McCormick (County)"
3616,"2024-09-26","GA","EM","Tropical Storm","HURRICANE HELENE","2024-09-24","2024-10-30","Toombs (County)"
3616,"2024-09-26","GA","EM","Tropical Storm","HURRICANE HELENE","2024-09-24","2024-10-30","Towns (County)"
3616,"2024-09-26","GA","EM","Tropical Storm","HURRICANE HELENE","2024-09-24","2024-10-30","Union (County)"
3616,"2024-09-26","GA","EM","Tropical Storm","HURRICANE HELENE","2024-09-24","2024-10-30","Webster (County)"
3616,"2024-09-26","GA","EM","Tropical Storm","HURRICANE HELENE","2024-09-24","2024-10-30","Taylor (County)"
3616,"2024-09-26","GA","EM","Tropical Storm","HURRICANE HELENE","2024-09-24","2024-10-30","Telfair (County)"
3616,"2024-09-26","GA","EM","Tropical Storm","HURRICANE HELENE","2024-09-24","2024-10-30","Tattnall (County)"
3616,"2024-09-26","GA","EM","Tropical Storm","HURRICANE HELENE","2024-09-24","2024-10-30","Terrell (County)"
3616,"2024-09-26","GA","EM","Tropical Storm","HURRICANE HELENE","2024-09-24","2024-10-30","Taliaferro (County)"
3616,"2024-09-26","GA","EM","Tropical Storm","HURRICANE HELENE","2024-09-24","2024-10-30","Thomas (County)"
3616,"2024-09-26","GA","EM","Tropical Storm","HURRICANE HELENE","2024-09-24","2024-10-30","Tift (County)"
3616,"2024-09-26","GA","EM","Tropical Storm","HURRICANE HELENE","2024-09-24","2024-10-30","Wheeler (County)"
3616,"2024-09-26","GA","EM","Tropical Storm","HURRICANE HELENE","2024-09-24","2024-10-30","White (County)"
3619,"2024-09-26","SC","EM","Tropical Storm","HURRICANE HELENE","2024-09-25","2024-10-07","Marion (County)"
3619,"2024-09-26","SC","EM","Tropical Storm","HURRICANE HELENE","2024-09-25","2024-10-07","Lee (County)"
3617,"2024-09-26","NC","EM","Tropical Storm","HURRICANE HELENE","2024-09-25","2024-12-18","Wake (County)"
3619,"2024-09-26","SC","EM","Tropical Storm","HURRICANE HELENE","2024-09-25","2024-10-07","Chester (County)"
3619,"2024-09-26","SC","EM","Tropical Storm","HURRICANE HELENE","2024-09-25","2024-10-07","Jasper (County)"
3619,"2024-09-26","SC","EM","Tropical Storm","HURRICANE HELENE","2024-09-25","2024-10-07","Kershaw (County)"
3619,"2024-09-26","SC","EM","Tropical Storm","HURRICANE HELENE","2024-09-25","2024-10-07","Lancaster (County)"
3619,"2024-09-26","SC","EM","Tropical Storm","HURRICANE HELENE","2024-09-25","2024-10-07","Laurens (County)"
3619,"2024-09-26","SC","EM","Tropical Storm","HURRICANE HELENE","2024-09-25","2024-10-07","Marlboro (County)"
3619,"2024-09-26","SC","EM","Tropical Storm","HURRICANE HELENE","2024-09-25","2024-10-07","Newberry (County)"
4826,"2024-09-26","VT","DR","Flood","SEVERE STORMS, FLOODING, LANDSLIDES, AND MUDSLIDES","2024-07-29","2024-07-31","Orleans (County)"
3619,"2024-09-26","SC","EM","Tropical Storm","HURRICANE HELENE","2024-09-25","2024-10-07","Greenville (County)"
3619,"2024-09-26","SC","EM","Tropical Storm","HURRICANE HELENE","2024-09-25","2024-10-07","Florence (County)"
3617,"2024-09-26","NC","EM","Tropical Storm","HURRICANE HELENE","2024-09-25","2024-12-18","Washington (County)"
3619,"2024-09-26","SC","EM","Tropical Storm","HURRICANE HELENE","2024-09-25","2024-10-07","Georgetown (County)"
3619,"2024-09-26","SC","EM","Tropical Storm","HURRICANE HELENE","2024-09-25","2024-10-07","Fairfield (County)"
3619,"2024-09-26","SC","EM","Tropical Storm","HURRICANE HELENE","2024-09-25","2024-10-07","Greenwood (County)"
3619,"2024-09-26","SC","EM","Tropical Storm","HURRICANE HELENE","2024-09-25","2024-10-07","Horry (County)"
3619,"2024-09-26","SC","EM","Tropical Storm","HURRICANE HELENE","2024-09-25","2024-10-07","Hampton (County)"
3619,"2024-09-26","SC","EM","Tropical Storm","HURRICANE HELENE","2024-09-25","2024-10-07","Dillon (County)"
3619,"2024-09-26","SC","EM","Tropical Storm","HURRICANE HELENE","2024-09-25","2024-10-07","Dorchester (County)"
3619,"2024-09-26","SC","EM","Tropical Storm","HURRICANE HELENE","2024-09-25","2024-10-07","Edgefield (County)"
3619,"2024-09-26","SC","EM","Tropical Storm","HURRICANE HELENE","2024-09-25","2024-10-07","Oconee (County)"
3619,"2024-09-26","SC","EM","Tropical Storm","HURRICANE HELENE","2024-09-25","2024-10-07","Chesterfield (County)"
4826,"2024-09-26","VT","DR","Flood","SEVERE STORMS, FLOODING, LANDSLIDES, AND MUDSLIDES","2024-07-29","2024-07-31","Caledonia (County)"
4826,"2024-09-26","VT","DR","Flood","SEVERE STORMS, FLOODING, LANDSLIDES, AND MUDSLIDES","2024-07-29","2024-07-31","Essex (County)"
3618,"2024-09-26","AL","EM","Hurricane","HURRICANE HELENE","2024-09-22","2024-09-29","Crenshaw (County)"
3619,"2024-09-26","SC","EM","Tropical Storm","HURRICANE HELENE","2024-09-25","2024-10-07","Clarendon (County)"
3617,"2024-09-26","NC","EM","Tropical Storm","HURRICANE HELENE","2024-09-25","2024-12-18","Union (County)"
3618,"2024-09-26","AL","EM","Hurricane","HURRICANE HELENE","2024-09-22","2024-09-29","Pickens (County)"
3616,"2024-09-26","GA","EM","Tropical Storm","HURRICANE HELENE","2024-09-24","2024-10-30","Calhoun (County)"
3617,"2024-09-26","NC","EM","Tropical Storm","HURRICANE HELENE","2024-09-25","2024-12-18","Alexander (County)"
3616,"2024-09-26","GA","EM","Tropical Storm","HURRICANE HELENE","2024-09-24","2024-10-30","Camden (County)"
3616,"2024-09-26","GA","EM","Tropical Storm","HURRICANE HELENE","2024-09-24","2024-10-30","Lamar (County)"
3616,"2024-09-26","GA","EM","Tropical Storm","HURRICANE HELENE","2024-09-24","2024-10-30","Lanier (County)"
3617,"2024-09-26","NC","EM","Tropical Storm","HURRICANE HELENE","2024-09-25","2024-12-18","Surry (County)"
3617,"2024-09-26","NC","EM","Tropical Storm","HURRICANE HELENE","2024-09-25","2024-12-18","Stokes (County)"
3617,"2024-09-26","NC","EM","Tropical Storm","HURRICANE HELENE","2024-09-25","2024-12-18","Transylvania (County)"
3617,"2024-09-26","NC","EM","Tropical Storm","HURRICANE HELENE","2024-09-25","2024-12-18","Tyrrell (County)"
3617,"2024-09-26","NC","EM","Tropical Storm","HURRICANE HELENE","2024-09-25","2024-12-18","Vance (County)"
3617,"2024-09-26","NC","EM","Tropical Storm","HURRICANE HELENE","2024-09-25","2024-12-18","Sampson (County)"
3617,"2024-09-26","NC","EM","Tropical Storm","HURRICANE HELENE","2024-09-25","2024-12-18","Swain (County)"
3617,"2024-09-26","NC","EM","Tropical Storm","HURRICANE HELENE","2024-09-25","2024-12-18","Rockingham (County)"
3617,"2024-09-26","NC","EM","Tropical Storm","HURRICANE HELENE","2024-09-25","2024-12-18","Richmond (County)"
3617,"2024-09-26","NC","EM","Tropical Storm","HURRICANE HELENE","2024-09-25","2024-12-18","Rowan (County)"
3617,"2024-09-26","NC","EM","Tropical Storm","HURRICANE HELENE","2024-09-25","2024-12-18","Randolph (County)"
3617,"2024-09-26","NC","EM","Tropical Storm","HURRICANE HELENE","2024-09-25","2024-12-18","Rutherford (County)"
3617,"2024-09-26","NC","EM","Tropical Storm","HURRICANE HELENE","2024-09-25","2024-12-18","Scotland (County)"
3617,"2024-09-26","NC","EM","Tropical Storm","HURRICANE HELENE","2024-09-25","2024-12-18","Watauga (County)"
3617,"2024-09-26","NC","EM","Tropical Storm","HURRICANE HELENE","2024-09-25","2024-12-18","Pender (County)"
3617,"2024-09-26","NC","EM","Tropical Storm","HURRICANE HELENE","2024-09-25","2024-12-18","Pamlico (County)"
3617,"2024-09-26","NC","EM","Tropical Storm","HURRICANE HELENE","2024-09-25","2024-12-18","Perquimans (County)"
3617,"2024-09-26","NC","EM","Tropical Storm","HURRICANE HELENE","2024-09-25","2024-12-18","Onslow (County)"
3617,"2024-09-26","NC","EM","Tropical Storm","HURRICANE HELENE","2024-09-25","2024-12-18","Orange (County)"
3617,"2024-09-26","NC","EM","Tropical Storm","HURRICANE HELENE","2024-09-25","2024-12-18","Person (County)"
3619,"2024-09-26","SC","EM","Tropical Storm","HURRICANE HELENE","2024-09-25","2024-10-07","Colleton (County)"
3619,"2024-09-26","SC","EM","Tropical Storm","HURRICANE HELENE","2024-09-25","2024-10-07","Orangeburg (County)"
3619,"2024-09-26","SC","EM","Tropical Storm","HURRICANE HELENE","2024-09-25","2024-10-07","Pickens (County)"
3617,"2024-09-26","NC","EM","Tropical Storm","HURRICANE HELENE","2024-09-25","2024-12-18","Pitt (County)"
3617,"2024-09-26","NC","EM","Tropical Storm","HURRICANE HELENE","2024-09-25","2024-12-18","Stanly (County)"
3615,"2024-09-24","FL","EM","Tropical Storm","TROPICAL STORM HELENE","2024-09-23","2024-10-07","Levy (County)"
3615,"2024-09-24","FL","EM","Tropical Storm","TROPICAL STORM HELENE","2024-09-23","2024-10-07","Liberty (County)"
3615,"2024-09-24","FL","EM","Tropical Storm","TROPICAL STORM HELENE","2024-09-23","2024-10-07","Madison (County)"
3615,"2024-09-24","FL","EM","Tropical Storm","TROPICAL STORM HELENE","2024-09-23","2024-10-07","Manatee (County)"
3615,"2024-09-24","FL","EM","Tropical Storm","TROPICAL STORM HELENE","2024-09-23","2024-10-07","Monroe (County)"
3615,"2024-09-24","FL","EM","Tropical Storm","TROPICAL STORM HELENE","2024-09-23","2024-10-07","Marion (County)"
3615,"2024-09-24","FL","EM","Tropical Storm","TROPICAL STORM HELENE","2024-09-23","2024-10-07","Okaloosa (County)"
3615,"2024-09-24","FL","EM","Tropical Storm","TROPICAL STORM HELENE","2024-09-23","2024-10-07","Lafayette (County)"
3615,"2024-09-24","FL","EM","Tropical Storm","TROPICAL STORM HELENE","2024-09-23","2024-10-07","Jackson (County)"
3615,"2024-09-24","FL","EM","Tropical Storm","TROPICAL STORM HELENE","2024-09-23","2024-10-07","Lee (County)"
3615,"2024-09-24","FL","EM","Tropical Storm","TROPICAL STORM HELENE","2024-09-23","2024-10-07","Hernando (County)"
3615,"2024-09-24","FL","EM","Tropical Storm","TROPICAL STORM HELENE","2024-09-23","2024-10-07","Hillsborough (County)"
3615,"2024-09-24","FL","EM","Tropical Storm","TROPICAL STORM HELENE","2024-09-23","2024-10-07","Holmes (County)"
3615,"2024-09-24","FL","EM","Tropical Storm","TROPICAL STORM HELENE","2024-09-23","2024-10-07","Jefferson (County)"
4821,"2024-09-24","GA","DR","Tropical Storm","TROPICAL STORM DEBBY","2024-08-04","2024-08-20","Ware (County)"
4821,"2024-09-24","GA","DR","Tropical Storm","TROPICAL STORM DEBBY","2024-08-04","2024-08-20","Tift (County)"
4821,"2024-09-24","GA","DR","Tropical Storm","TROPICAL STORM DEBBY","2024-08-04","2024-08-20","Toombs (County)"
4821,"2024-09-24","GA","DR","Tropical Storm","TROPICAL STORM DEBBY","2024-08-04","2024-08-20","Wayne (County)"
4821,"2024-09-24","GA","DR","Tropical Storm","TROPICAL STORM DEBBY","2024-08-04","2024-08-20","McIntosh (County)"
4821,"2024-09-24","GA","DR","Tropical Storm","TROPICAL STORM DEBBY","2024-08-04","2024-08-20","Lanier (County)"
4821,"2024-09-24","GA","DR","Tropical Storm","TROPICAL STORM DEBBY","2024-08-04","2024-08-20","Pierce (County)"
4821,"2024-09-24","GA","DR","Tropical Storm","TROPICAL STORM DEBBY","2024-08-04","2024-08-20","Jeff Davis (County)"
4821,"2024-09-24","GA","DR","Tropical Storm","TROPICAL STORM DEBBY","2024-08-04","2024-08-20","Jenkins (County)"
4821,"2024-09-24","GA","DR","Tropical Storm","TROPICAL STORM DEBBY","2024-08-04","2024-08-20","Tattnall (County)"
4821,"2024-09-24","GA","DR","Tropical Storm","TROPICAL STORM DEBBY","2024-08-04","2024-08-20","Liberty (County)"
4821,"2024-09-24","GA","DR","Tropical Storm","TROPICAL STORM DEBBY","2024-08-04","2024-08-20","Coffee (County)"
4821,"2024-09-24","GA","DR","Tropical Storm","TROPICAL STORM DEBBY","2024-08-04","2024-08-20","Colquitt (County)"
4821,"2024-09-24","GA","DR","Tropical Storm","TROPICAL STORM DEBBY","2024-08-04","2024-08-20","Cook (County)"
4821,"2024-09-24","GA","DR","Tropical Storm","TROPICAL STORM DEBBY","2024-08-04","2024-08-20","Echols (County)"
4821,"2024-09-24","GA","DR","Tropical Storm","TROPICAL STORM DEBBY","2024-08-04","2024-08-20","Bryan (County)"
4821,"2024-09-24","GA","DR","Tropical Storm","TROPICAL STORM DEBBY","2024-08-04","2024-08-20","Effingham (County)"
3615,"2024-09-24","FL","EM","Tropical Storm","TROPICAL STORM HELENE","2024-09-23","2024-10-07","Pasco (County)"
4821,"2024-09-24","GA","DR","Tropical Storm","TROPICAL STORM DEBBY","2024-08-04","2024-08-20","Bulloch (County)"
4821,"2024-09-24","GA","DR","Tropical Storm","TROPICAL STORM DEBBY","2024-08-04","2024-08-20","Chatham (County)"
3615,"2024-09-24","FL","EM","Tropical Storm","TROPICAL STORM HELENE","2024-09-23","2024-10-07","Leon (County)"
4821,"2024-09-24","GA","DR","Tropical Storm","TROPICAL STORM DEBBY","2024-08-04","2024-08-20","Berrien (County)"
4821,"2024-09-24","GA","DR","Tropical Storm","TROPICAL STORM DEBBY","2024-08-04","2024-08-20","Brantley (County)"
4821,"2024-09-24","GA","DR","Tropical Storm","TROPICAL STORM DEBBY","2024-08-04","2024-08-20","Brooks (County)"
4821,"2024-09-24","GA","DR","Tropical Storm","TROPICAL STORM DEBBY","2024-08-04","2024-08-20","Burke (County)"
4821,"2024-09-24","GA","DR","Tropical Storm","TROPICAL STORM DEBBY","2024-08-04","2024-08-20","Camden (County)"
4821,"2024-09-24","GA","DR","Tropical Storm","TROPICAL STORM DEBBY","2024-08-04","2024-08-20","Appling (County)"
4821,"2024-09-24","GA","DR","Tropical Storm","TROPICAL STORM DEBBY","2024-08-04","2024-08-20","Candler (County)"
4821,"2024-09-24","GA","DR","Tropical Storm","TROPICAL STORM DEBBY","2024-08-04","2024-08-20","Atkinson (County)"
4821,"2024-09-24","GA","DR","Tropical Storm","TROPICAL STORM DEBBY","2024-08-04","2024-08-20","Charlton (County)"
3615,"2024-09-24","FL","EM","Tropical Storm","TROPICAL STORM HELENE","2024-09-23","2024-10-07","Pinellas (County)"
4821,"2024-09-24","GA","DR","Tropical Storm","TROPICAL STORM DEBBY","2024-08-04","2024-08-20","Clinch (County)"
4821,"2024-09-24","GA","DR","Tropical Storm","TROPICAL STORM DEBBY","2024-08-04","2024-08-20","Evans (County)"
4821,"2024-09-24","GA","DR","Tropical Storm","TROPICAL STORM DEBBY","2024-08-04","2024-08-20","Long (County)"
4825,"2024-09-24","NY","DR","Tropical Storm","REMNANTS OF TROPICAL STORM DEBBY","2024-08-08","2024-08-10","Broome (County)"
4825,"2024-09-24","NY","DR","Tropical Storm","REMNANTS OF TROPICAL STORM DEBBY","2024-08-08","2024-08-10","Steuben (County)"
4825,"2024-09-24","NY","DR","Tropical Storm","REMNANTS OF TROPICAL STORM DEBBY","2024-08-08","2024-08-10","Franklin (County)"
4821,"2024-09-24","GA","DR","Tropical Storm","TROPICAL STORM DEBBY","2024-08-04","2024-08-20","Thomas (County)"
4821,"2024-09-24","GA","DR","Tropical Storm","TROPICAL STORM DEBBY","2024-08-04","2024-08-20","Lowndes (County)"
4822,"2024-09-24","NE","DR","Severe Storm","SEVERE STORMS, STRAIGHT-LINE WINDS, TORNADOES, AND FLOODING","2024-06-19","2024-07-08","Douglas (County)"
3615,"2024-09-24","FL","EM","Tropical Storm","TROPICAL STORM HELENE","2024-09-23","2024-10-07","Gilchrist (County)"
3615,"2024-09-24","FL","EM","Tropical Storm","TROPICAL STORM HELENE","2024-09-23","2024-10-07","Gadsden (County)"
4822,"2024-09-24","NE","DR","Severe Storm","SEVERE STORMS, STRAIGHT-LINE WINDS, TORNADOES, AND FLOODING","2024-06-19","2024-07-08","Richardson (County)"
3615,"2024-09-24","FL","EM","Tropical Storm","TROPICAL STORM HELENE","2024-09-23","2024-10-07","Franklin (County)"
3615,"2024-09-24","FL","EM","Tropical Storm","TROPICAL STORM HELENE","2024-09-23","2024-10-07","Gulf (County)"
3615,"2024-09-24","FL","EM","Tropical Storm","TROPICAL STORM HELENE","2024-09-23","2024-10-07","Hamilton (County)"
3615,"2024-09-24","FL","EM","Tropical Storm","TROPICAL STORM HELENE","2024-09-23","2024-10-07","Santa Rosa (County)"
3615,"2024-09-24","FL","EM","Tropical Storm","TROPICAL STORM HELENE","2024-09-23","2024-10-07","Wakulla (County)"
3615,"2024-09-24","FL","EM","Tropical Storm","TROPICAL STORM HELENE","2024-09-23","2024-10-07","Citrus (County)"
3615,"2024-09-24","FL","EM","Tropical Storm","TROPICAL STORM HELENE","2024-09-23","2024-10-07","Collier (County)"
3615,"2024-09-24","FL","EM","Tropical Storm","TROPICAL STORM HELENE","2024-09-23","2024-10-07","Bradford (County)"
3615,"2024-09-24","FL","EM","Tropical Storm","TROPICAL STORM HELENE","2024-09-23","2024-10-07","Calhoun (County)"
3615,"2024-09-24","FL","EM","Tropical Storm","TROPICAL STORM HELENE","2024-09-23","2024-10-07","Dixie (County)"
3615,"2024-09-24","FL","EM","Tropical Storm","TROPICAL STORM HELENE","2024-09-23","2024-10-07","Columbia (County)"
4821,"2024-09-24","GA","DR","Tropical Storm","TROPICAL STORM DEBBY","2024-08-04","2024-08-20","Bacon (County)"
3615,"2024-09-24","FL","EM","Tropical Storm","TROPICAL STORM HELENE","2024-09-23","2024-10-07","Charlotte (County)"
3615,"2024-09-24","FL","EM","Tropical Storm","TROPICAL STORM HELENE","2024-09-23","2024-10-07","Sarasota (County)"
3615,"2024-09-24","FL","EM","Tropical Storm","TROPICAL STORM HELENE","2024-09-23","2024-10-07","Alachua (County)"
3615,"2024-09-24","FL","EM","Tropical Storm","TROPICAL STORM HELENE","2024-09-23","2024-10-07","Sumter (County)"
3615,"2024-09-24","FL","EM","Tropical Storm","TROPICAL STORM HELENE","2024-09-23","2024-10-07","Bay (County)"
4823,"2024-09-24","WA","DR","Fire","WILDFIRES","2024-06-22","2024-07-08","Yakama Reservation"
4824,"2024-09-24","KS","DR","Severe Storm","SEVERE STORMS, STRAIGHT-LINE WINDS, TORNADOES, AND FLOODING","2024-06-26","2024-07-07","Hamilton (County)"
4824,"2024-09-24","KS","DR","Severe Storm","SEVERE STORMS, STRAIGHT-LINE WINDS, TORNADOES, AND FLOODING","2024-06-26","2024-07-07","Finney (County)"
4824,"2024-09-24","KS","DR","Severe Storm","SEVERE STORMS, STRAIGHT-LINE WINDS, TORNADOES, AND FLOODING","2024-06-26","2024-07-07","Geary (County)"
4824,"2024-09-24","KS","DR","Severe Storm","SEVERE STORMS, STRAIGHT-LINE WINDS, TORNADOES, AND FLOODING","2024-06-26","2024-07-07","Gray (County)"
4824,"2024-09-24","KS","DR","Severe Storm","SEVERE STORMS, STRAIGHT-LINE WINDS, TORNADOES, AND FLOODING","2024-06-26","2024-07-07","Greeley (County)"
4825,"2024-09-24","NY","DR","Tropical Storm","REMNANTS OF TROPICAL STORM DEBBY","2024-08-08","2024-08-10","Yates (County)"
4825,"2024-09-24","NY","DR","Tropical Storm","REMNANTS OF TROPICAL STORM DEBBY","2024-08-08","2024-08-10","St. Lawrence (County)"
4824,"2024-09-24","KS","DR","Severe Storm","SEVERE STORMS, STRAIGHT-LINE WINDS, TORNADOES, AND FLOODING","2024-06-26","2024-07-07","Chase (County)"
4825,"2024-09-24","NY","DR","Tropical Storm","REMNANTS OF TROPICAL STORM DEBBY","2024-08-08","2024-08-10","Jefferson (County)"
4825,"2024-09-24","NY","DR","Tropical Storm","REMNANTS OF TROPICAL STORM DEBBY","2024-08-08","2024-08-10","Ontario (County)"
4824,"2024-09-24","KS","DR","Severe Storm","SEVERE STORMS, STRAIGHT-LINE WINDS, TORNADOES, AND FLOODING","2024-06-26","2024-07-07","Clark (County)"
4825,"2024-09-24","NY","DR","Tropical Storm","REMNANTS OF TROPICAL STORM DEBBY","2024-08-08","2024-08-10","Chenango (County)"
4825,"2024-09-24","NY","DR","Tropical Storm","REMNANTS OF TROPICAL STORM DEBBY","2024-08-08","2024-08-10","Allegany (County)"
4825,"2024-09-24","NY","DR","Tropical Storm","REMNANTS OF TROPICAL STORM DEBBY","2024-08-08","2024-08-10","Delaware (County)"
4825,"2024-09-24","NY","DR","Tropical Storm","REMNANTS OF TROPICAL STORM DEBBY","2024-08-08","2024-08-10","Essex (County)"
4824,"2024-09-24","KS","DR","Severe Storm","SEVERE STORMS, STRAIGHT-LINE WINDS, TORNADOES, AND FLOODING","2024-06-26","2024-07-07","Comanche (County)"
4824,"2024-09-24","KS","DR","Severe Storm","SEVERE STORMS, STRAIGHT-LINE WINDS, TORNADOES, AND FLOODING","2024-06-26","2024-07-07","Kearny (County)"
4824,"2024-09-24","KS","DR","Severe Storm","SEVERE STORMS, STRAIGHT-LINE WINDS, TORNADOES, AND FLOODING","2024-06-26","2024-07-07","Doniphan (County)"
4824,"2024-09-24","KS","DR","Severe Storm","SEVERE STORMS, STRAIGHT-LINE WINDS, TORNADOES, AND FLOODING","2024-06-26","2024-07-07","Logan (County)"
4824,"2024-09-24","KS","DR","Severe Storm","SEVERE STORMS, STRAIGHT-LINE WINDS, TORNADOES, AND FLOODING","2024-06-26","2024-07-07","Meade (County)"
4824,"2024-09-24","KS","DR","Severe Storm","SEVERE STORMS, STRAIGHT-LINE WINDS, TORNADOES, AND FLOODING","2024-06-26","2024-07-07","Pawnee (County)"
4824,"2024-09-24","KS","DR","Severe Storm","SEVERE STORMS, STRAIGHT-LINE WINDS, TORNADOES, AND FLOODING","2024-06-26","2024-07-07","Scott (County)"
4824,"2024-09-24","KS","DR","Severe Storm","SEVERE STORMS, STRAIGHT-LINE WINDS, TORNADOES, AND FLOODING","2024-06-26","2024-07-07","Wabaunsee (County)"
4824,"2024-09-24","KS","DR","Severe Storm","SEVERE STORMS, STRAIGHT-LINE WINDS, TORNADOES, AND FLOODING","2024-06-26","2024-07-07","Wallace (County)"
4822,"2024-09-24","NE","DR","Severe Storm","SEVERE STORMS, STRAIGHT-LINE WINDS, TORNADOES, AND FLOODING","2024-06-19","2024-07-08","Washington (County)"
4822,"2024-09-24","NE","DR","Severe Storm","SEVERE STORMS, STRAIGHT-LINE WINDS, TORNADOES, AND FLOODING","2024-06-19","2024-07-08","Saunders (County)"
4822,"2024-09-24","NE","DR","Severe Storm","SEVERE STORMS, STRAIGHT-LINE WINDS, TORNADOES, AND FLOODING","2024-06-19","2024-07-08","Nemaha (County)"
4822,"2024-09-24","NE","DR","Severe Storm","SEVERE STORMS, STRAIGHT-LINE WINDS, TORNADOES, AND FLOODING","2024-06-19","2024-07-08","Scotts Bluff (County)"
4822,"2024-09-24","NE","DR","Severe Storm","SEVERE STORMS, STRAIGHT-LINE WINDS, TORNADOES, AND FLOODING","2024-06-19","2024-07-08","Thomas (County)"
4822,"2024-09-24","NE","DR","Severe Storm","SEVERE STORMS, STRAIGHT-LINE WINDS, TORNADOES, AND FLOODING","2024-06-19","2024-07-08","Fillmore (County)"
4822,"2024-09-24","NE","DR","Severe Storm","SEVERE STORMS, STRAIGHT-LINE WINDS, TORNADOES, AND FLOODING","2024-06-19","2024-07-08","Dawson (County)"
4822,"2024-09-24","NE","DR","Severe Storm","SEVERE STORMS, STRAIGHT-LINE WINDS, TORNADOES, AND FLOODING","2024-06-19","2024-07-08","Holt (County)"
4822,"2024-09-24","NE","DR","Severe Storm","SEVERE STORMS, STRAIGHT-LINE WINDS, TORNADOES, AND FLOODING","2024-06-19","2024-07-08","Clay (County)"
4822,"2024-09-24","NE","DR","Severe Storm","SEVERE STORMS, STRAIGHT-LINE WINDS, TORNADOES, AND FLOODING","2024-06-19","2024-07-08","Howard (County)"
4822,"2024-09-24","NE","DR","Severe Storm","SEVERE STORMS, STRAIGHT-LINE WINDS, TORNADOES, AND FLOODING","2024-06-19","2024-07-08","Dakota (County)"
4822,"2024-09-24","NE","DR","Severe Storm","SEVERE STORMS, STRAIGHT-LINE WINDS, TORNADOES, AND FLOODING","2024-06-19","2024-07-08","Lincoln (County)"
4822,"2024-09-24","NE","DR","Severe Storm","SEVERE STORMS, STRAIGHT-LINE WINDS, TORNADOES, AND FLOODING","2024-06-19","2024-07-08","McPherson (County)"
4822,"2024-09-24","NE","DR","Severe Storm","SEVERE STORMS, STRAIGHT-LINE WINDS, TORNADOES, AND FLOODING","2024-06-19","2024-07-08","Nance (County)"
4821,"2024-09-24","GA","DR","Tropical Storm","TROPICAL STORM DEBBY","2024-08-04","2024-08-20","Screven (County)"
4822,"2024-09-24","NE","DR","Severe Storm","SEVERE STORMS, STRAIGHT-LINE WINDS, TORNADOES, AND FLOODING","2024-06-19","2024-07-08","Boyd (County)"
4824,"2024-09-24","KS","DR","Severe Storm","SEVERE STORMS, STRAIGHT-LINE WINDS, TORNADOES, AND FLOODING","2024-06-26","2024-07-07","Thomas (County)"
3615,"2024-09-24","FL","EM","Tropical Storm","TROPICAL STORM HELENE","2024-09-23","2024-10-07","Walton (County)"
3615,"2024-09-24","FL","EM","Tropical Storm","TROPICAL STORM HELENE","2024-09-23","2024-10-07","Washington (County)"
3615,"2024-09-24","FL","EM","Tropical Storm","TROPICAL STORM HELENE","2024-09-23","2024-10-07","Suwannee (County)"
3615,"2024-09-24","FL","EM","Tropical Storm","TROPICAL STORM HELENE","2024-09-23","2024-10-07","Escambia (County)"
3615,"2024-09-24","FL","EM","Tropical Storm","TROPICAL STORM HELENE","2024-09-23","2024-10-07","Taylor (County)"
3615,"2024-09-24","FL","EM","Tropical Storm","TROPICAL STORM HELENE","2024-09-23","2024-10-07","Union (County)"
4820,"2024-09-20","CT","DR","Severe Storm","SEVERE STORM, FLOODING, LANDSLIDES, AND MUDSLIDES","2024-08-18","2024-08-19","Fairfield (County)(in PMSA 1160,1930,5760,8040)"
4819,"2024-09-20","IL","DR","Flood","SEVERE STORMS, TORNADOES, STRAIGHT-LINE WINDS, AND FLOODNG","2024-07-13","2024-07-16","St. Clair (County)"
4820,"2024-09-20","CT","DR","Severe Storm","SEVERE STORM, FLOODING, LANDSLIDES, AND MUDSLIDES","2024-08-18","2024-08-19","Litchfield (County)(in (P)MSA 1170,1930,3280,8880)"
4820,"2024-09-20","CT","DR","Severe Storm","SEVERE STORM, FLOODING, LANDSLIDES, AND MUDSLIDES","2024-08-18","2024-08-19","New Haven (County)(in (P)MSA 1160,5480,8880)"
4819,"2024-09-20","IL","DR","Flood","SEVERE STORMS, TORNADOES, STRAIGHT-LINE WINDS, AND FLOODNG","2024-07-13","2024-07-16","Cook (County)"
4819,"2024-09-20","IL","DR","Flood","SEVERE STORMS, TORNADOES, STRAIGHT-LINE WINDS, AND FLOODNG","2024-07-13","2024-07-16","Henry (County)"
4819,"2024-09-20","IL","DR","Flood","SEVERE STORMS, TORNADOES, STRAIGHT-LINE WINDS, AND FLOODNG","2024-07-13","2024-07-16","Fulton (County)"
4819,"2024-09-20","IL","DR","Flood","SEVERE STORMS, TORNADOES, STRAIGHT-LINE WINDS, AND FLOODNG","2024-07-13","2024-07-16","Winnebago (County)"
4818,"2024-09-20","NY","DR","Tropical Storm","SEVERE STORM AND FLOODING","2024-08-08","2024-08-10","St. Regis Mohawk Indian Reservation"
4819,"2024-09-20","IL","DR","Flood","SEVERE STORMS, TORNADOES, STRAIGHT-LINE WINDS, AND FLOODNG","2024-07-13","2024-07-16","Washington (County)"
4819,"2024-09-20","IL","DR","Flood","SEVERE STORMS, TORNADOES, STRAIGHT-LINE WINDS, AND FLOODNG","2024-07-13","2024-07-16","Will (County)"
4817,"2024-09-16","LA","DR","Hurricane","HURRICANE FRANCINE","2024-09-09","2024-09-12","St. Tammany (Parish)"
4817,"2024-09-16","LA","DR","Hurricane","HURRICANE FRANCINE","2024-09-09","2024-09-12","Lafourche (Parish)"
4817,"2024-09-16","LA","DR","Hurricane","HURRICANE FRANCINE","2024-09-09","2024-09-12","St. Charles (Parish)"
4817,"2024-09-16","LA","DR","Hurricane","HURRICANE FRANCINE","2024-09-09","2024-09-12","Jefferson (Parish)"
4817,"2024-09-16","LA","DR","Hurricane","HURRICANE FRANCINE","2024-09-09","2024-09-12","St. James (Parish)"
4817,"2024-09-16","LA","DR","Hurricane","HURRICANE FRANCINE","2024-09-09","2024-09-12","West Feliciana (Parish)"
4817,"2024-09-16","LA","DR","Hurricane","HURRICANE FRANCINE","2024-09-09","2024-09-12","Ascension (Parish)"
4817,"2024-09-16","LA","DR","Hurricane","HURRICANE FRANCINE","2024-09-09","2024-09-12","Assumption (Parish)"
4817,"2024-09-16","LA","DR","Hurricane","HURRICANE FRANCINE","2024-09-09","2024-09-12","St. John the Baptist (Parish)"
4817,"2024-09-16","LA","DR","Hurricane","HURRICANE FRANCINE","2024-09-09","2024-09-12","Tangipahoa (Parish)"
4817,"2024-09-16","LA","DR","Hurricane","HURRICANE FRANCINE","2024-09-09","2024-09-12","St. Mary (Parish)"
4817,"2024-09-16","LA","DR","Hurricane","HURRICANE FRANCINE","2024-09-09","2024-09-12","Washington (Parish)"
4817,"2024-09-16","LA","DR","Hurricane","HURRICANE FRANCINE","2024-09-09","2024-09-12","Terrebonne (Parish)"
4817,"2024-09-16","LA","DR","Hurricane","HURRICANE FRANCINE","2024-09-09","2024-09-12","East Baton Rouge (Parish)"
4817,"2024-09-16","LA","DR","Hurricane","HURRICANE FRANCINE","2024-09-09","2024-09-12","Iberville (Parish)"
4817,"2024-09-16","LA","DR","Hurricane","HURRICANE FRANCINE","2024-09-09","2024-09-12","Livingston (Parish)"
4817,"2024-09-16","LA","DR","Hurricane","HURRICANE FRANCINE","2024-09-09","2024-09-12","Orleans (Parish)"
4817,"2024-09-16","LA","DR","Hurricane","HURRICANE FRANCINE","2024-09-09","2024-09-12","East Feliciana (Parish)"
4817,"2024-09-16","LA","DR","Hurricane","HURRICANE FRANCINE","2024-09-09","2024-09-12","Plaquemines (Parish)"
4817,"2024-09-16","LA","DR","Hurricane","HURRICANE FRANCINE","2024-09-09","2024-09-12","St. Martin (Parish)"
4817,"2024-09-16","LA","DR","Hurricane","HURRICANE FRANCINE","2024-09-09","2024-09-12","St. Helena (Parish)"
4817,"2024-09-16","LA","DR","Hurricane","HURRICANE FRANCINE","2024-09-09","2024-09-12","St. Bernard (Parish)"
4816,"2024-09-11","VT","DR","Flood","SEVERE STORMS AND FLOODING","2024-08-22","2024-08-24","Lamoille (County)"
5538,"2024-09-11","CA","FM","Fire","AIRPORT FIRE","2024-09-11","2024-09-21","Riverside (County)"
5537,"2024-09-11","CA","FM","Fire","BRIDGE FIRE","2024-09-10","2024-09-24","Los Angeles (County)"
5537,"2024-09-11","CA","FM","Fire","BRIDGE FIRE","2024-09-10","2024-09-24","San Bernardino (County)"
4815,"2024-09-11","PA","DR","Tropical Storm","TROPICAL STORM DEBBY","2024-08-09","2024-08-10","Sullivan (County)"
4815,"2024-09-11","PA","DR","Tropical Storm","TROPICAL STORM DEBBY","2024-08-09","2024-08-10","Tioga (County)"
4815,"2024-09-11","PA","DR","Tropical Storm","TROPICAL STORM DEBBY","2024-08-09","2024-08-10","Union (County)"
4815,"2024-09-11","PA","DR","Tropical Storm","TROPICAL STORM DEBBY","2024-08-09","2024-08-10","Susquehanna (County)"
4815,"2024-09-11","PA","DR","Tropical Storm","TROPICAL STORM DEBBY","2024-08-09","2024-08-10","Wyoming (County)"
4815,"2024-09-11","PA","DR","Tropical Storm","TROPICAL STORM DEBBY","2024-08-09","2024-08-10","Wayne (County)"
4815,"2024-09-11","PA","DR","Tropical Storm","TROPICAL STORM DEBBY","2024-08-09","2024-08-10","Elk (County)"
4815,"2024-09-11","PA","DR","Tropical Storm","TROPICAL STORM DEBBY","2024-08-09","2024-08-10","Cameron (County)"
4815,"2024-09-11","PA","DR","Tropical Storm","TROPICAL STORM DEBBY","2024-08-09","2024-08-10","Clearfield (County)"
4815,"2024-09-11","PA","DR","Tropical Storm","TROPICAL STORM DEBBY","2024-08-09","2024-08-10","Indiana (County)"
4815,"2024-09-11","PA","DR","Tropical Storm","TROPICAL STORM DEBBY","2024-08-09","2024-08-10","Lycoming (County)"
4815,"2024-09-11","PA","DR","Tropical Storm","TROPICAL STORM DEBBY","2024-08-09","2024-08-10","Potter (County)"
4815,"2024-09-11","PA","DR","Tropical Storm","TROPICAL STORM DEBBY","2024-08-09","2024-08-10","Cambria (County)"
3614,"2024-09-10","LA","EM","Hurricane","TROPICAL STORM FRANCINE","2024-09-10","2024-09-12","Webster (Parish)"
3614,"2024-09-10","LA","EM","Hurricane","TROPICAL STORM FRANCINE","2024-09-10","2024-09-12","West Baton Rouge (Parish)"
3614,"2024-09-10","LA","EM","Hurricane","TROPICAL STORM FRANCINE","2024-09-10","2024-09-12","Washington (Parish)"
3614,"2024-09-10","LA","EM","Hurricane","TROPICAL STORM FRANCINE","2024-09-10","2024-09-12","West Carroll (Parish)"
3614,"2024-09-10","LA","EM","Hurricane","TROPICAL STORM FRANCINE","2024-09-10","2024-09-12","Union (Parish)"
3614,"2024-09-10","LA","EM","Hurricane","TROPICAL STORM FRANCINE","2024-09-10","2024-09-12","Vermilion (Parish)"
3614,"2024-09-10","LA","EM","Hurricane","TROPICAL STORM FRANCINE","2024-09-10","2024-09-12","Vernon (Parish)"
3614,"2024-09-10","LA","EM","Hurricane","TROPICAL STORM FRANCINE","2024-09-10","2024-09-12","West Feliciana (Parish)"
3614,"2024-09-10","LA","EM","Hurricane","TROPICAL STORM FRANCINE","2024-09-10","2024-09-12","St. Tammany (Parish)"
3614,"2024-09-10","LA","EM","Hurricane","TROPICAL STORM FRANCINE","2024-09-10","2024-09-12","Tangipahoa (Parish)"
3614,"2024-09-10","LA","EM","Hurricane","TROPICAL STORM FRANCINE","2024-09-10","2024-09-12","St. Mary (Parish)"
3614,"2024-09-10","LA","EM","Hurricane","TROPICAL STORM FRANCINE","2024-09-10","2024-09-12","Tensas (Parish)"
3614,"2024-09-10","LA","EM","Hurricane","TROPICAL STORM FRANCINE","2024-09-10","2024-09-12","St. Landry (Parish)"
3614,"2024-09-10","LA","EM","Hurricane","TROPICAL STORM FRANCINE","2024-09-10","2024-09-12","Terrebonne (Parish)"
3614,"2024-09-10","LA","EM","Hurricane","TROPICAL STORM FRANCINE","2024-09-10","2024-09-12","St. Martin (Parish)"
3614,"2024-09-10","LA","EM","Hurricane","TROPICAL STORM FRANCINE","2024-09-10","2024-09-12","Winn (Parish)"
3614,"2024-09-10","LA","EM","Hurricane","TROPICAL STORM FRANCINE","2024-09-10","2024-09-12","St. Bernard (Parish)"
3614,"2024-09-10","LA","EM","Hurricane","TROPICAL STORM FRANCINE","2024-09-10","2024-09-12","St. Charles (Parish)"
3614,"2024-09-10","LA","EM","Hurricane","TROPICAL STORM FRANCINE","2024-09-10","2024-09-12","Sabine (Parish)"
3614,"2024-09-10","LA","EM","Hurricane","TROPICAL STORM FRANCINE","2024-09-10","2024-09-12","St. Helena (Parish)"
3614,"2024-09-10","LA","EM","Hurricane","TROPICAL STORM FRANCINE","2024-09-10","2024-09-12","Rapides (Parish)"
3614,"2024-09-10","LA","EM","Hurricane","TROPICAL STORM FRANCINE","2024-09-10","2024-09-12","Red River (Parish)"
3614,"2024-09-10","LA","EM","Hurricane","TROPICAL STORM FRANCINE","2024-09-10","2024-09-12","Richland (Parish)"
3614,"2024-09-10","LA","EM","Hurricane","TROPICAL STORM FRANCINE","2024-09-10","2024-09-12","St. James (Parish)"
3614,"2024-09-10","LA","EM","Hurricane","TROPICAL STORM FRANCINE","2024-09-10","2024-09-12","Plaquemines (Parish)"
3614,"2024-09-10","LA","EM","Hurricane","TROPICAL STORM FRANCINE","2024-09-10","2024-09-12","St. John the Baptist (Parish)"
3614,"2024-09-10","LA","EM","Hurricane","TROPICAL STORM FRANCINE","2024-09-10","2024-09-12","Pointe Coupee (Parish)"
3614,"2024-09-10","LA","EM","Hurricane","TROPICAL STORM FRANCINE","2024-09-10","2024-09-12","Natchitoches (Parish)"
3614,"2024-09-10","LA","EM","Hurricane","TROPICAL STORM FRANCINE","2024-09-10","2024-09-12","La Salle (Parish)"
3614,"2024-09-10","LA","EM","Hurricane","TROPICAL STORM FRANCINE","2024-09-10","2024-09-12","Lincoln (Parish)"
3614,"2024-09-10","LA","EM","Hurricane","TROPICAL STORM FRANCINE","2024-09-10","2024-09-12","Orleans (Parish)"
3614,"2024-09-10","LA","EM","Hurricane","TROPICAL STORM FRANCINE","2024-09-10","2024-09-12","Livingston (Parish)"
3614,"2024-09-10","LA","EM","Hurricane","TROPICAL STORM FRANCINE","2024-09-10","2024-09-12","Ouachita (Parish)"
3614,"2024-09-10","LA","EM","Hurricane","TROPICAL STORM FRANCINE","2024-09-10","2024-09-12","Madison (Parish)"
3614,"2024-09-10","LA","EM","Hurricane","TROPICAL STORM FRANCINE","2024-09-10","2024-09-12","Lafayette (Parish)"
3614,"2024-09-10","LA","EM","Hurricane","TROPICAL STORM FRANCINE","2024-09-10","2024-09-12","Lafourche (Parish)"
3614,"2024-09-10","LA","EM","Hurricane","TROPICAL STORM FRANCINE","2024-09-10","2024-09-12","Jefferson Davis (Parish)"
3614,"2024-09-10","LA","EM","Hurricane","TROPICAL STORM FRANCINE","2024-09-10","2024-09-12","Morehouse (Parish)"
3614,"2024-09-10","LA","EM","Hurricane","TROPICAL STORM FRANCINE","2024-09-10","2024-09-12","East Carroll (Parish)"
3614,"2024-09-10","LA","EM","Hurricane","TROPICAL STORM FRANCINE","2024-09-10","2024-09-12","East Feliciana (Parish)"
3614,"2024-09-10","LA","EM","Hurricane","TROPICAL STORM FRANCINE","2024-09-10","2024-09-12","Evangeline (Parish)"
3614,"2024-09-10","LA","EM","Hurricane","TROPICAL STORM FRANCINE","2024-09-10","2024-09-12","Iberville (Parish)"
3614,"2024-09-10","LA","EM","Hurricane","TROPICAL STORM FRANCINE","2024-09-10","2024-09-12","Grant (Parish)"
3614,"2024-09-10","LA","EM","Hurricane","TROPICAL STORM FRANCINE","2024-09-10","2024-09-12","Iberia (Parish)"
3614,"2024-09-10","LA","EM","Hurricane","TROPICAL STORM FRANCINE","2024-09-10","2024-09-12","Franklin (Parish)"
3614,"2024-09-10","LA","EM","Hurricane","TROPICAL STORM FRANCINE","2024-09-10","2024-09-12","East Baton Rouge (Parish)"
3614,"2024-09-10","LA","EM","Hurricane","TROPICAL STORM FRANCINE","2024-09-10","2024-09-12","Concordia (Parish)"
3614,"2024-09-10","LA","EM","Hurricane","TROPICAL STORM FRANCINE","2024-09-10","2024-09-12","Claiborne (Parish)"
3614,"2024-09-10","LA","EM","Hurricane","TROPICAL STORM FRANCINE","2024-09-10","2024-09-12","Cameron (Parish)"
3614,"2024-09-10","LA","EM","Hurricane","TROPICAL STORM FRANCINE","2024-09-10","2024-09-12","De Soto (Parish)"
3614,"2024-09-10","LA","EM","Hurricane","TROPICAL STORM FRANCINE","2024-09-10","2024-09-12","Catahoula (Parish)"
3614,"2024-09-10","LA","EM","Hurricane","TROPICAL STORM FRANCINE","2024-09-10","2024-09-12","Jackson (Parish)"
3614,"2024-09-10","LA","EM","Hurricane","TROPICAL STORM FRANCINE","2024-09-10","2024-09-12","Caddo (Parish)"
3614,"2024-09-10","LA","EM","Hurricane","TROPICAL STORM FRANCINE","2024-09-10","2024-09-12","Acadia (Parish)"
3614,"2024-09-10","LA","EM","Hurricane","TROPICAL STORM FRANCINE","2024-09-10","2024-09-12","Allen (Parish)"
3614,"2024-09-10","LA","EM","Hurricane","TROPICAL STORM FRANCINE","2024-09-10","2024-09-12","Ascension (Parish)"
3614,"2024-09-10","LA","EM","Hurricane","TROPICAL STORM FRANCINE","2024-09-10","2024-09-12","Assumption (Parish)"
3614,"2024-09-10","LA","EM","Hurricane","TROPICAL STORM FRANCINE","2024-09-10","2024-09-12","Avoyelles (Parish)"
3614,"2024-09-10","LA","EM","Hurricane","TROPICAL STORM FRANCINE","2024-09-10","2024-09-12","Beauregard (Parish)"
3614,"2024-09-10","LA","EM","Hurricane","TROPICAL STORM FRANCINE","2024-09-10","2024-09-12","Bossier (Parish)"
3614,"2024-09-10","LA","EM","Hurricane","TROPICAL STORM FRANCINE","2024-09-10","2024-09-12","Calcasieu (Parish)"
3614,"2024-09-10","LA","EM","Hurricane","TROPICAL STORM FRANCINE","2024-09-10","2024-09-12","Caldwell (Parish)"
3614,"2024-09-10","LA","EM","Hurricane","TROPICAL STORM FRANCINE","2024-09-10","2024-09-12","Jefferson (Parish)"
3614,"2024-09-10","LA","EM","Hurricane","TROPICAL STORM FRANCINE","2024-09-10","2024-09-12","Bienville (Parish)"
5536,"2024-09-08","CA","FM","Fire","BOYLES FIRE","2024-09-08","2024-09-11","Lake (County)"
5534,"2024-09-07","OR","FM","Fire","RAIL RIDGE FIRE","2024-09-02","","Wheeler (County)"
5534,"2024-09-07","OR","FM","Fire","RAIL RIDGE FIRE","2024-09-02","","Grant (County)"
5534,"2024-09-07","OR","FM","Fire","RAIL RIDGE FIRE","2024-09-02","","Crook (County)"
5533,"2024-09-07","NV","FM","Fire","DAVIS FIRE","2024-09-07","2024-09-15","Washoe (County)"
5535,"2024-09-07","CA","FM","Fire","LINE FIRE","2024-09-07","2024-10-12","San Bernardino (County)"
5532,"2024-09-02","OR","FM","Fire","COPPERFIELD FIRE","2024-09-01","","Klamath (County)"
4814,"2024-08-29","NY","DR","Flood","SEVERE STORM, TORNADOES, AND FLOODING","2024-07-10","2024-07-11","Essex (County)"
4814,"2024-08-29","NY","DR","Flood","SEVERE STORM, TORNADOES, AND FLOODING","2024-07-10","2024-07-11","Hamilton (County)"
4814,"2024-08-29","NY","DR","Flood","SEVERE STORM, TORNADOES, AND FLOODING","2024-07-10","2024-07-11","Cortland (County)"
4814,"2024-08-29","NY","DR","Flood","SEVERE STORM, TORNADOES, AND FLOODING","2024-07-10","2024-07-11","Lewis (County)"
4814,"2024-08-29","NY","DR","Flood","SEVERE STORM, TORNADOES, AND FLOODING","2024-07-10","2024-07-11","St. Lawrence (County)"
3613,"2024-08-25","NY","EM","Severe Storm","SEVERE STORM AND FLOODING","2024-08-18","2024-08-19","Suffolk (County)"
4813,"2024-08-23","MT","DR","Straight-Line Winds","STRAIGHT-LINE WINDS","2024-07-24","2024-07-24","Powell (County)"
4813,"2024-08-23","MT","DR","Straight-Line Winds","STRAIGHT-LINE WINDS","2024-07-24","2024-07-24","Missoula (County)"
5531,"2024-08-22","WY","FM","Fire","HOUSE DRAW FIRE","2024-08-22","2024-08-31","Johnson (County)"
3612,"2024-08-21","CT","EM","Severe Storm","SEVERE STORMS, FLOODING, LANDSLIDES, AND MUDSLIDES","2024-08-18","2024-08-19","New Haven (County)(in (P)MSA 1160,5480,8880)"
3612,"2024-08-21","CT","EM","Severe Storm","SEVERE STORMS, FLOODING, LANDSLIDES, AND MUDSLIDES","2024-08-18","2024-08-19","Litchfield (County)(in (P)MSA 1170,1930,3280,8880)"
3612,"2024-08-21","CT","EM","Severe Storm","SEVERE STORMS, FLOODING, LANDSLIDES, AND MUDSLIDES","2024-08-18","2024-08-19","Fairfield (County)(in PMSA 1160,1930,5760,8040)"
4808,"2024-08-20","NE","DR","Severe Storm","SEVERE STORMS, STRAIGHT-LINE WINDS, TORNADOES, AND FLOODING","2024-05-20","2024-06-03","Sarpy (County)"
4808,"2024-08-20","NE","DR","Severe Storm","SEVERE STORMS, STRAIGHT-LINE WINDS, TORNADOES, AND FLOODING","2024-05-20","2024-06-03","Saunders (County)"
4808,"2024-08-20","NE","DR","Severe Storm","SEVERE STORMS, STRAIGHT-LINE WINDS, TORNADOES, AND FLOODING","2024-05-20","2024-06-03","Washington (County)"
4808,"2024-08-20","NE","DR","Severe Storm","SEVERE STORMS, STRAIGHT-LINE WINDS, TORNADOES, AND FLOODING","2024-05-20","2024-06-03","Lincoln (County)"
4808,"2024-08-20","NE","DR","Severe Storm","SEVERE STORMS, STRAIGHT-LINE WINDS, TORNADOES, AND FLOODING","2024-05-20","2024-06-03","Platte (County)"
4808,"2024-08-20","NE","DR","Severe Storm","SEVERE STORMS, STRAIGHT-LINE WINDS, TORNADOES, AND FLOODING","2024-05-20","2024-06-03","Hitchcock (County)"
4808,"2024-08-20","NE","DR","Severe Storm","SEVERE STORMS, STRAIGHT-LINE WINDS, TORNADOES, AND FLOODING","2024-05-20","2024-06-03","Howard (County)"
4808,"2024-08-20","NE","DR","Severe Storm","SEVERE STORMS, STRAIGHT-LINE WINDS, TORNADOES, AND FLOODING","2024-05-20","2024-06-03","Polk (County)"
4808,"2024-08-20","NE","DR","Severe Storm","SEVERE STORMS, STRAIGHT-LINE WINDS, TORNADOES, AND FLOODING","2024-05-20","2024-06-03","Keith (County)"
4808,"2024-08-20","NE","DR","Severe Storm","SEVERE STORMS, STRAIGHT-LINE WINDS, TORNADOES, AND FLOODING","2024-05-20","2024-06-03","Dundy (County)"
4808,"2024-08-20","NE","DR","Severe Storm","SEVERE STORMS, STRAIGHT-LINE WINDS, TORNADOES, AND FLOODING","2024-05-20","2024-06-03","Fillmore (County)"
4808,"2024-08-20","NE","DR","Severe Storm","SEVERE STORMS, STRAIGHT-LINE WINDS, TORNADOES, AND FLOODING","2024-05-20","2024-06-03","Douglas (County)"
4808,"2024-08-20","NE","DR","Severe Storm","SEVERE STORMS, STRAIGHT-LINE WINDS, TORNADOES, AND FLOODING","2024-05-20","2024-06-03","Hamilton (County)"
4808,"2024-08-20","NE","DR","Severe Storm","SEVERE STORMS, STRAIGHT-LINE WINDS, TORNADOES, AND FLOODING","2024-05-20","2024-06-03","Hayes (County)"
4808,"2024-08-20","NE","DR","Severe Storm","SEVERE STORMS, STRAIGHT-LINE WINDS, TORNADOES, AND FLOODING","2024-05-20","2024-06-03","Red Willow (County)"
4810,"2024-08-20","VT","DR","Severe Storm","SEVERE STORM, FLOODING, LANDSLIDES, AND MUDSLIDES","2024-07-09","2024-07-11","Orleans (County)"
4810,"2024-08-20","VT","DR","Severe Storm","SEVERE STORM, FLOODING, LANDSLIDES, AND MUDSLIDES","2024-07-09","2024-07-11","Washington (County)"
4810,"2024-08-20","VT","DR","Severe Storm","SEVERE STORM, FLOODING, LANDSLIDES, AND MUDSLIDES","2024-07-09","2024-07-11","Lamoille (County)"
4809,"2024-08-20","NM","DR","Flood","SEVERE STORMS AND FLOODING","2024-06-20","2024-06-21","Pueblo of Santa Clara"
4810,"2024-08-20","VT","DR","Severe Storm","SEVERE STORM, FLOODING, LANDSLIDES, AND MUDSLIDES","2024-07-09","2024-07-11","Caledonia (County)"
4810,"2024-08-20","VT","DR","Severe Storm","SEVERE STORM, FLOODING, LANDSLIDES, AND MUDSLIDES","2024-07-09","2024-07-11","Chittenden (County)"
4808,"2024-08-20","NE","DR","Severe Storm","SEVERE STORMS, STRAIGHT-LINE WINDS, TORNADOES, AND FLOODING","2024-05-20","2024-06-03","Burt (County)"
4810,"2024-08-20","VT","DR","Severe Storm","SEVERE STORM, FLOODING, LANDSLIDES, AND MUDSLIDES","2024-07-09","2024-07-11","Essex (County)"
4811,"2024-08-20","KS","DR","Severe Storm","SEVERE STORM, STRAIGHT-LINE WINDS, TORNADOES, AND FLOODING","2024-05-19","2024-05-19","Wabaunsee (County)"
4811,"2024-08-20","KS","DR","Severe Storm","SEVERE STORM, STRAIGHT-LINE WINDS, TORNADOES, AND FLOODING","2024-05-19","2024-05-19","Wyandotte (County)"
4811,"2024-08-20","KS","DR","Severe Storm","SEVERE STORM, STRAIGHT-LINE WINDS, TORNADOES, AND FLOODING","2024-05-19","2024-05-19","Stafford (County)"
4810,"2024-08-20","VT","DR","Severe Storm","SEVERE STORM, FLOODING, LANDSLIDES, AND MUDSLIDES","2024-07-09","2024-07-11","Orange (County)"
4811,"2024-08-20","KS","DR","Severe Storm","SEVERE STORM, STRAIGHT-LINE WINDS, TORNADOES, AND FLOODING","2024-05-19","2024-05-19","Russell (County)"
4810,"2024-08-20","VT","DR","Severe Storm","SEVERE STORM, FLOODING, LANDSLIDES, AND MUDSLIDES","2024-07-09","2024-07-11","Addison (County)"
4808,"2024-08-20","NE","DR","Severe Storm","SEVERE STORMS, STRAIGHT-LINE WINDS, TORNADOES, AND FLOODING","2024-05-20","2024-06-03","Colfax (County)"
4808,"2024-08-20","NE","DR","Severe Storm","SEVERE STORMS, STRAIGHT-LINE WINDS, TORNADOES, AND FLOODING","2024-05-20","2024-06-03","Butler (County)"
4811,"2024-08-20","KS","DR","Severe Storm","SEVERE STORM, STRAIGHT-LINE WINDS, TORNADOES, AND FLOODING","2024-05-19","2024-05-19","Morris (County)"
4811,"2024-08-20","KS","DR","Severe Storm","SEVERE STORM, STRAIGHT-LINE WINDS, TORNADOES, AND FLOODING","2024-05-19","2024-05-19","Ottawa (County)"
4811,"2024-08-20","KS","DR","Severe Storm","SEVERE STORM, STRAIGHT-LINE WINDS, TORNADOES, AND FLOODING","2024-05-19","2024-05-19","Lincoln (County)"
4811,"2024-08-20","KS","DR","Severe Storm","SEVERE STORM, STRAIGHT-LINE WINDS, TORNADOES, AND FLOODING","2024-05-19","2024-05-19","Pawnee (County)"
4811,"2024-08-20","KS","DR","Severe Storm","SEVERE STORM, STRAIGHT-LINE WINDS, TORNADOES, AND FLOODING","2024-05-19","2024-05-19","Ellsworth (County)"
4811,"2024-08-20","KS","DR","Severe Storm","SEVERE STORM, STRAIGHT-LINE WINDS, TORNADOES, AND FLOODING","2024-05-19","2024-05-19","Harvey (County)"
4811,"2024-08-20","KS","DR","Severe Storm","SEVERE STORM, STRAIGHT-LINE WINDS, TORNADOES, AND FLOODING","2024-05-19","2024-05-19","Reno (County)"
4811,"2024-08-20","KS","DR","Severe Storm","SEVERE STORM, STRAIGHT-LINE WINDS, TORNADOES, AND FLOODING","2024-05-19","2024-05-19","Hodgeman (County)"
4811,"2024-08-20","KS","DR","Severe Storm","SEVERE STORM, STRAIGHT-LINE WINDS, TORNADOES, AND FLOODING","2024-05-19","2024-05-19","Rush (County)"
4808,"2024-08-20","NE","DR","Severe Storm","SEVERE STORMS, STRAIGHT-LINE WINDS, TORNADOES, AND FLOODING","2024-05-20","2024-06-03","Dodge (County)"
4812,"2024-08-20","NH","DR","Severe Storm","SEVERE STORM AND FLOODING","2024-07-10","2024-07-13","Grafton (County)"
4811,"2024-08-20","KS","DR","Severe Storm","SEVERE STORM, STRAIGHT-LINE WINDS, TORNADOES, AND FLOODING","2024-05-19","2024-05-19","Barton (County)"
4812,"2024-08-20","NH","DR","Severe Storm","SEVERE STORM AND FLOODING","2024-07-10","2024-07-13","Coos (County)"
3611,"2024-08-18","VI","EM","Tropical Storm","TROPICAL STORM ERNESTO","2024-08-13","2024-08-16","St. John (Island) (County-equivalent)"
3611,"2024-08-18","VI","EM","Tropical Storm","TROPICAL STORM ERNESTO","2024-08-13","2024-08-16","St. Thomas (Island) (County-equivalent)"
3611,"2024-08-18","VI","EM","Tropical Storm","TROPICAL STORM ERNESTO","2024-08-13","2024-08-16","St. Croix (Island) (County-equivalent)"
4807,"2024-08-15","SD","DR","Flood","SEVERE STORMS, STRAIGHT-LINE WINDS, AND FLOODING","2024-06-16","2024-07-08","Union (County)"
4807,"2024-08-15","SD","DR","Flood","SEVERE STORMS, STRAIGHT-LINE WINDS, AND FLOODING","2024-06-16","2024-07-08","Yankton (County)"
4807,"2024-08-15","SD","DR","Flood","SEVERE STORMS, STRAIGHT-LINE WINDS, AND FLOODING","2024-06-16","2024-07-08","Davison (County)"
4807,"2024-08-15","SD","DR","Flood","SEVERE STORMS, STRAIGHT-LINE WINDS, AND FLOODING","2024-06-16","2024-07-08","Tripp (County)"
4807,"2024-08-15","SD","DR","Flood","SEVERE STORMS, STRAIGHT-LINE WINDS, AND FLOODING","2024-06-16","2024-07-08","Lincoln (County)"
4807,"2024-08-15","SD","DR","Flood","SEVERE STORMS, STRAIGHT-LINE WINDS, AND FLOODING","2024-06-16","2024-07-08","Moody (County)"
4807,"2024-08-15","SD","DR","Flood","SEVERE STORMS, STRAIGHT-LINE WINDS, AND FLOODING","2024-06-16","2024-07-08","Sanborn (County)"
4807,"2024-08-15","SD","DR","Flood","SEVERE STORMS, STRAIGHT-LINE WINDS, AND FLOODING","2024-06-16","2024-07-08","Turner (County)"
4807,"2024-08-15","SD","DR","Flood","SEVERE STORMS, STRAIGHT-LINE WINDS, AND FLOODING","2024-06-16","2024-07-08","Jackson (County)"
4807,"2024-08-15","SD","DR","Flood","SEVERE STORMS, STRAIGHT-LINE WINDS, AND FLOODING","2024-06-16","2024-07-08","Lake (County)"
4807,"2024-08-15","SD","DR","Flood","SEVERE STORMS, STRAIGHT-LINE WINDS, AND FLOODING","2024-06-16","2024-07-08","Hutchinson (County)"
4807,"2024-08-15","SD","DR","Flood","SEVERE STORMS, STRAIGHT-LINE WINDS, AND FLOODING","2024-06-16","2024-07-08","McCook (County)"
4807,"2024-08-15","SD","DR","Flood","SEVERE STORMS, STRAIGHT-LINE WINDS, AND FLOODING","2024-06-16","2024-07-08","Gregory (County)"
4807,"2024-08-15","SD","DR","Flood","SEVERE STORMS, STRAIGHT-LINE WINDS, AND FLOODING","2024-06-16","2024-07-08","Hand (County)"
4807,"2024-08-15","SD","DR","Flood","SEVERE STORMS, STRAIGHT-LINE WINDS, AND FLOODING","2024-06-16","2024-07-08","Miner (County)"
4807,"2024-08-15","SD","DR","Flood","SEVERE STORMS, STRAIGHT-LINE WINDS, AND FLOODING","2024-06-16","2024-07-08","Hanson (County)"
4807,"2024-08-15","SD","DR","Flood","SEVERE STORMS, STRAIGHT-LINE WINDS, AND FLOODING","2024-06-16","2024-07-08","Buffalo (County)"
4807,"2024-08-15","SD","DR","Flood","SEVERE STORMS, STRAIGHT-LINE WINDS, AND FLOODING","2024-06-16","2024-07-08","Charles Mix (County)"
4807,"2024-08-15","SD","DR","Flood","SEVERE STORMS, STRAIGHT-LINE WINDS, AND FLOODING","2024-06-16","2024-07-08","Brule (County)"
4807,"2024-08-15","SD","DR","Flood","SEVERE STORMS, STRAIGHT-LINE WINDS, AND FLOODING","2024-06-16","2024-07-08","Clay (County)"
4807,"2024-08-15","SD","DR","Flood","SEVERE STORMS, STRAIGHT-LINE WINDS, AND FLOODING","2024-06-16","2024-07-08","Douglas (County)"
4807,"2024-08-15","SD","DR","Flood","SEVERE STORMS, STRAIGHT-LINE WINDS, AND FLOODING","2024-06-16","2024-07-08","Bon Homme (County)"
4807,"2024-08-15","SD","DR","Flood","SEVERE STORMS, STRAIGHT-LINE WINDS, AND FLOODING","2024-06-16","2024-07-08","Minnehaha (County)"
4807,"2024-08-15","SD","DR","Flood","SEVERE STORMS, STRAIGHT-LINE WINDS, AND FLOODING","2024-06-16","2024-07-08","Aurora (County)"
4807,"2024-08-15","SD","DR","Flood","SEVERE STORMS, STRAIGHT-LINE WINDS, AND FLOODING","2024-06-16","2024-07-08","Bennett (County)"
3610,"2024-08-13","PR","EM","Severe Storm","TROPICAL STORM ERNESTO","2024-08-13","2024-08-16","Luquillo (Municipio)"
3610,"2024-08-13","PR","EM","Severe Storm","TROPICAL STORM ERNESTO","2024-08-13","2024-08-16","Humacao (Municipio)"
3610,"2024-08-13","PR","EM","Severe Storm","TROPICAL STORM ERNESTO","2024-08-13","2024-08-16","Isabela (Municipio)"
3610,"2024-08-13","PR","EM","Severe Storm","TROPICAL STORM ERNESTO","2024-08-13","2024-08-16","Hormigueros (Municipio)"
3610,"2024-08-13","PR","EM","Severe Storm","TROPICAL STORM ERNESTO","2024-08-13","2024-08-16","Gurabo (Municipio)"
3610,"2024-08-13","PR","EM","Severe Storm","TROPICAL STORM ERNESTO","2024-08-13","2024-08-16","Guaynabo (Municipio)"
3610,"2024-08-13","PR","EM","Severe Storm","TROPICAL STORM ERNESTO","2024-08-13","2024-08-16","Hatillo (Municipio)"
3610,"2024-08-13","PR","EM","Severe Storm","TROPICAL STORM ERNESTO","2024-08-13","2024-08-16","Corozal (Municipio)"
3610,"2024-08-13","PR","EM","Severe Storm","TROPICAL STORM ERNESTO","2024-08-13","2024-08-16","Culebra (Municipio)"
3610,"2024-08-13","PR","EM","Severe Storm","TROPICAL STORM ERNESTO","2024-08-13","2024-08-16","Dorado (Municipio)"
3610,"2024-08-13","PR","EM","Severe Storm","TROPICAL STORM ERNESTO","2024-08-13","2024-08-16","Comerio (Municipio)"
3610,"2024-08-13","PR","EM","Severe Storm","TROPICAL STORM ERNESTO","2024-08-13","2024-08-16","Ciales (Municipio)"
3610,"2024-08-13","PR","EM","Severe Storm","TROPICAL STORM ERNESTO","2024-08-13","2024-08-16","Cidra (Municipio)"
3610,"2024-08-13","PR","EM","Severe Storm","TROPICAL STORM ERNESTO","2024-08-13","2024-08-16","Coamo (Municipio)"
3610,"2024-08-13","PR","EM","Severe Storm","TROPICAL STORM ERNESTO","2024-08-13","2024-08-16","Fajardo (Municipio)"
3610,"2024-08-13","PR","EM","Severe Storm","TROPICAL STORM ERNESTO","2024-08-13","2024-08-16","Carolina (Municipio)"
3610,"2024-08-13","PR","EM","Severe Storm","TROPICAL STORM ERNESTO","2024-08-13","2024-08-16","Catano (Municipio)"
3610,"2024-08-13","PR","EM","Severe Storm","TROPICAL STORM ERNESTO","2024-08-13","2024-08-16","Canovanas (Municipio)"
3610,"2024-08-13","PR","EM","Severe Storm","TROPICAL STORM ERNESTO","2024-08-13","2024-08-16","Cayey (Municipio)"
3610,"2024-08-13","PR","EM","Severe Storm","TROPICAL STORM ERNESTO","2024-08-13","2024-08-16","Caguas (Municipio)"
3610,"2024-08-13","PR","EM","Severe Storm","TROPICAL STORM ERNESTO","2024-08-13","2024-08-16","Ceiba (Municipio)"
3610,"2024-08-13","PR","EM","Severe Storm","TROPICAL STORM ERNESTO","2024-08-13","2024-08-16","Camuy (Municipio)"
3610,"2024-08-13","PR","EM","Severe Storm","TROPICAL STORM ERNESTO","2024-08-13","2024-08-16","Florida (Municipio)"
3610,"2024-08-13","PR","EM","Severe Storm","TROPICAL STORM ERNESTO","2024-08-13","2024-08-16","Arroyo (Municipio)"
3610,"2024-08-13","PR","EM","Severe Storm","TROPICAL STORM ERNESTO","2024-08-13","2024-08-16","Barceloneta (Municipio)"
3610,"2024-08-13","PR","EM","Severe Storm","TROPICAL STORM ERNESTO","2024-08-13","2024-08-16","Arecibo (Municipio)"
3610,"2024-08-13","PR","EM","Severe Storm","TROPICAL STORM ERNESTO","2024-08-13","2024-08-16","Barranquitas (Municipio)"
3610,"2024-08-13","PR","EM","Severe Storm","TROPICAL STORM ERNESTO","2024-08-13","2024-08-16","Aguas Buenas (Municipio)"
3610,"2024-08-13","PR","EM","Severe Storm","TROPICAL STORM ERNESTO","2024-08-13","2024-08-16","Aibonito (Municipio)"
3610,"2024-08-13","PR","EM","Severe Storm","TROPICAL STORM ERNESTO","2024-08-13","2024-08-16","Anasco (Municipio)"
3610,"2024-08-13","PR","EM","Severe Storm","TROPICAL STORM ERNESTO","2024-08-13","2024-08-16","Bayamon (Municipio)"
3610,"2024-08-13","PR","EM","Severe Storm","TROPICAL STORM ERNESTO","2024-08-13","2024-08-16","Adjuntas (Municipio)"
3610,"2024-08-13","PR","EM","Severe Storm","TROPICAL STORM ERNESTO","2024-08-13","2024-08-16","Aguada (Municipio)"
3610,"2024-08-13","PR","EM","Severe Storm","TROPICAL STORM ERNESTO","2024-08-13","2024-08-16","Aguadilla (Municipio)"
3610,"2024-08-13","PR","EM","Severe Storm","TROPICAL STORM ERNESTO","2024-08-13","2024-08-16","Cabo Rojo (Municipio)"
3610,"2024-08-13","PR","EM","Severe Storm","TROPICAL STORM ERNESTO","2024-08-13","2024-08-16","Guanica (Municipio)"
3610,"2024-08-13","PR","EM","Severe Storm","TROPICAL STORM ERNESTO","2024-08-13","2024-08-16","Guayama (Municipio)"
3610,"2024-08-13","PR","EM","Severe Storm","TROPICAL STORM ERNESTO","2024-08-13","2024-08-16","Jayuya (Municipio)"
3610,"2024-08-13","PR","EM","Severe Storm","TROPICAL STORM ERNESTO","2024-08-13","2024-08-16","Juana Diaz (Municipio)"
3610,"2024-08-13","PR","EM","Severe Storm","TROPICAL STORM ERNESTO","2024-08-13","2024-08-16","Guayanilla (Municipio)"
3610,"2024-08-13","PR","EM","Severe Storm","TROPICAL STORM ERNESTO","2024-08-13","2024-08-16","Juncos (Municipio)"
3610,"2024-08-13","PR","EM","Severe Storm","TROPICAL STORM ERNESTO","2024-08-13","2024-08-16","Lajas (Municipio)"
3610,"2024-08-13","PR","EM","Severe Storm","TROPICAL STORM ERNESTO","2024-08-13","2024-08-16","Las Marias (Municipio)"
3610,"2024-08-13","PR","EM","Severe Storm","TROPICAL STORM ERNESTO","2024-08-13","2024-08-16","Lares (Municipio)"
3610,"2024-08-13","PR","EM","Severe Storm","TROPICAL STORM ERNESTO","2024-08-13","2024-08-16","Las Piedras (Municipio)"
3610,"2024-08-13","PR","EM","Severe Storm","TROPICAL STORM ERNESTO","2024-08-13","2024-08-16","Loiza (Municipio)"
3610,"2024-08-13","PR","EM","Severe Storm","TROPICAL STORM ERNESTO","2024-08-13","2024-08-16","Manati (Municipio)"
3610,"2024-08-13","PR","EM","Severe Storm","TROPICAL STORM ERNESTO","2024-08-13","2024-08-16","Vieques (Municipio)"
3610,"2024-08-13","PR","EM","Severe Storm","TROPICAL STORM ERNESTO","2024-08-13","2024-08-16","Villalba (Municipio)"
3610,"2024-08-13","PR","EM","Severe Storm","TROPICAL STORM ERNESTO","2024-08-13","2024-08-16","Vega Baja (Municipio)"
3610,"2024-08-13","PR","EM","Severe Storm","TROPICAL STORM ERNESTO","2024-08-13","2024-08-16","Yabucoa (Municipio)"
3610,"2024-08-13","PR","EM","Severe Storm","TROPICAL STORM ERNESTO","2024-08-13","2024-08-16","Yauco (Municipio)"
3610,"2024-08-13","PR","EM","Severe Storm","TROPICAL STORM ERNESTO","2024-08-13","2024-08-16","Santa Isabel (Municipio)"
3610,"2024-08-13","PR","EM","Severe Storm","TROPICAL STORM ERNESTO","2024-08-13","2024-08-16","San Lorenzo (Municipio)"
3610,"2024-08-13","PR","EM","Severe Storm","TROPICAL STORM ERNESTO","2024-08-13","2024-08-16","Toa Alta (Municipio)"
3610,"2024-08-13","PR","EM","Severe Storm","TROPICAL STORM ERNESTO","2024-08-13","2024-08-16","San German (Municipio)"
3610,"2024-08-13","PR","EM","Severe Storm","TROPICAL STORM ERNESTO","2024-08-13","2024-08-16","San Juan (Municipio)"
3610,"2024-08-13","PR","EM","Severe Storm","TROPICAL STORM ERNESTO","2024-08-13","2024-08-16","Toa Baja (Municipio)"
3610,"2024-08-13","PR","EM","Severe Storm","TROPICAL STORM ERNESTO","2024-08-13","2024-08-16","Rincon (Municipio)"
3610,"2024-08-13","PR","EM","Severe Storm","TROPICAL STORM ERNESTO","2024-08-13","2024-08-16","Ponce (Municipio)"
3610,"2024-08-13","PR","EM","Severe Storm","TROPICAL STORM ERNESTO","2024-08-13","2024-08-16","Rio Grande (Municipio)"
3610,"2024-08-13","PR","EM","Severe Storm","TROPICAL STORM ERNESTO","2024-08-13","2024-08-16","Trujillo Alto (Municipio)"
3610,"2024-08-13","PR","EM","Severe Storm","TROPICAL STORM ERNESTO","2024-08-13","2024-08-16","Orocovis (Municipio)"
3610,"2024-08-13","PR","EM","Severe Storm","TROPICAL STORM ERNESTO","2024-08-13","2024-08-16","Patillas (Municipio)"
3610,"2024-08-13","PR","EM","Severe Storm","TROPICAL STORM ERNESTO","2024-08-13","2024-08-16","Penuelas (Municipio)"
3610,"2024-08-13","PR","EM","Severe Storm","TROPICAL STORM ERNESTO","2024-08-13","2024-08-16","Sabana Grande (Municipio)"
3610,"2024-08-13","PR","EM","Severe Storm","TROPICAL STORM ERNESTO","2024-08-13","2024-08-16","Moca (Municipio)"
3610,"2024-08-13","PR","EM","Severe Storm","TROPICAL STORM ERNESTO","2024-08-13","2024-08-16","Morovis (Municipio)"
3610,"2024-08-13","PR","EM","Severe Storm","TROPICAL STORM ERNESTO","2024-08-13","2024-08-16","Maricao (Municipio)"
3610,"2024-08-13","PR","EM","Severe Storm","TROPICAL STORM ERNESTO","2024-08-13","2024-08-16","Quebradillas (Municipio)"
3610,"2024-08-13","PR","EM","Severe Storm","TROPICAL STORM ERNESTO","2024-08-13","2024-08-16","Maunabo (Municipio)"
3610,"2024-08-13","PR","EM","Severe Storm","TROPICAL STORM ERNESTO","2024-08-13","2024-08-16","Mayaguez (Municipio)"
3610,"2024-08-13","PR","EM","Severe Storm","TROPICAL STORM ERNESTO","2024-08-13","2024-08-16","Naguabo (Municipio)"
3610,"2024-08-13","PR","EM","Severe Storm","TROPICAL STORM ERNESTO","2024-08-13","2024-08-16","Salinas (Municipio)"
3610,"2024-08-13","PR","EM","Severe Storm","TROPICAL STORM ERNESTO","2024-08-13","2024-08-16","Utuado (Municipio)"
3610,"2024-08-13","PR","EM","Severe Storm","TROPICAL STORM ERNESTO","2024-08-13","2024-08-16","Naranjito (Municipio)"
3610,"2024-08-13","PR","EM","Severe Storm","TROPICAL STORM ERNESTO","2024-08-13","2024-08-16","Vega Alta (Municipio)"
3610,"2024-08-13","PR","EM","Severe Storm","TROPICAL STORM ERNESTO","2024-08-13","2024-08-16","San Sebastian (Municipio)"
5530,"2024-08-12","NV","FM","Fire","GOLD RANCH FIRE","2024-08-11","2024-08-13","Washoe (County)"
4806,"2024-08-10","FL","DR","Tropical Storm","HURRICANE DEBBY","2024-08-01","2024-08-27","Madison (County)"
4806,"2024-08-10","FL","DR","Tropical Storm","HURRICANE DEBBY","2024-08-01","2024-08-27","Manatee (County)"
4806,"2024-08-10","FL","DR","Tropical Storm","HURRICANE DEBBY","2024-08-01","2024-08-27","Levy (County)"
4806,"2024-08-10","FL","DR","Tropical Storm","HURRICANE DEBBY","2024-08-01","2024-08-27","Pinellas (County)"
4806,"2024-08-10","FL","DR","Tropical Storm","HURRICANE DEBBY","2024-08-01","2024-08-27","Hillsborough (County)"
4806,"2024-08-10","FL","DR","Tropical Storm","HURRICANE DEBBY","2024-08-01","2024-08-27","Jefferson (County)"
4806,"2024-08-10","FL","DR","Tropical Storm","HURRICANE DEBBY","2024-08-01","2024-08-27","Sarasota (County)"
4806,"2024-08-10","FL","DR","Tropical Storm","HURRICANE DEBBY","2024-08-01","2024-08-27","Lafayette (County)"
4806,"2024-08-10","FL","DR","Tropical Storm","HURRICANE DEBBY","2024-08-01","2024-08-27","Columbia (County)"
4806,"2024-08-10","FL","DR","Tropical Storm","HURRICANE DEBBY","2024-08-01","2024-08-27","Dixie (County)"
4806,"2024-08-10","FL","DR","Tropical Storm","HURRICANE DEBBY","2024-08-01","2024-08-27","Citrus (County)"
4806,"2024-08-10","FL","DR","Tropical Storm","HURRICANE DEBBY","2024-08-01","2024-08-27","Gilchrist (County)"
4806,"2024-08-10","FL","DR","Tropical Storm","HURRICANE DEBBY","2024-08-01","2024-08-27","Suwannee (County)"
4806,"2024-08-10","FL","DR","Tropical Storm","HURRICANE DEBBY","2024-08-01","2024-08-27","Baker (County)"
4806,"2024-08-10","FL","DR","Tropical Storm","HURRICANE DEBBY","2024-08-01","2024-08-27","Hamilton (County)"
4806,"2024-08-10","FL","DR","Tropical Storm","HURRICANE DEBBY","2024-08-01","2024-08-27","Walton (County)"
4806,"2024-08-10","FL","DR","Tropical Storm","HURRICANE DEBBY","2024-08-01","2024-08-27","Washington (County)"
4806,"2024-08-10","FL","DR","Tropical Storm","HURRICANE DEBBY","2024-08-01","2024-08-27","Alachua (County)"
4806,"2024-08-10","FL","DR","Tropical Storm","HURRICANE DEBBY","2024-08-01","2024-08-27","Wakulla (County)"
4806,"2024-08-10","FL","DR","Tropical Storm","HURRICANE DEBBY","2024-08-01","2024-08-27","Volusia (County)"
4806,"2024-08-10","FL","DR","Tropical Storm","HURRICANE DEBBY","2024-08-01","2024-08-27","Taylor (County)"
4806,"2024-08-10","FL","DR","Tropical Storm","HURRICANE DEBBY","2024-08-01","2024-08-27","Putnam (County)"
4806,"2024-08-10","FL","DR","Tropical Storm","HURRICANE DEBBY","2024-08-01","2024-08-27","Orange (County)"
4806,"2024-08-10","FL","DR","Tropical Storm","HURRICANE DEBBY","2024-08-01","2024-08-27","Osceola (County)"
4806,"2024-08-10","FL","DR","Tropical Storm","HURRICANE DEBBY","2024-08-01","2024-08-27","Pasco (County)"
4806,"2024-08-10","FL","DR","Tropical Storm","HURRICANE DEBBY","2024-08-01","2024-08-27","Monroe (County)"
4806,"2024-08-10","FL","DR","Tropical Storm","HURRICANE DEBBY","2024-08-01","2024-08-27","Nassau (County)"
4806,"2024-08-10","FL","DR","Tropical Storm","HURRICANE DEBBY","2024-08-01","2024-08-27","Okaloosa (County)"
4806,"2024-08-10","FL","DR","Tropical Storm","HURRICANE DEBBY","2024-08-01","2024-08-27","Polk (County)"
4806,"2024-08-10","FL","DR","Tropical Storm","HURRICANE DEBBY","2024-08-01","2024-08-27","St. Johns (County)"
4806,"2024-08-10","FL","DR","Tropical Storm","HURRICANE DEBBY","2024-08-01","2024-08-27","Okeechobee (County)"
4806,"2024-08-10","FL","DR","Tropical Storm","HURRICANE DEBBY","2024-08-01","2024-08-27","Lake (County)"
4806,"2024-08-10","FL","DR","Tropical Storm","HURRICANE DEBBY","2024-08-01","2024-08-27","Lee (County)"
4806,"2024-08-10","FL","DR","Tropical Storm","HURRICANE DEBBY","2024-08-01","2024-08-27","Santa Rosa (County)"
4806,"2024-08-10","FL","DR","Tropical Storm","HURRICANE DEBBY","2024-08-01","2024-08-27","Leon (County)"
4806,"2024-08-10","FL","DR","Tropical Storm","HURRICANE DEBBY","2024-08-01","2024-08-27","Liberty (County)"
4806,"2024-08-10","FL","DR","Tropical Storm","HURRICANE DEBBY","2024-08-01","2024-08-27","Hendry (County)"
4806,"2024-08-10","FL","DR","Tropical Storm","HURRICANE DEBBY","2024-08-01","2024-08-27","Hernando (County)"
4806,"2024-08-10","FL","DR","Tropical Storm","HURRICANE DEBBY","2024-08-01","2024-08-27","Hardee (County)"
4806,"2024-08-10","FL","DR","Tropical Storm","HURRICANE DEBBY","2024-08-01","2024-08-27","Highlands (County)"
4806,"2024-08-10","FL","DR","Tropical Storm","HURRICANE DEBBY","2024-08-01","2024-08-27","Gulf (County)"
4806,"2024-08-10","FL","DR","Tropical Storm","HURRICANE DEBBY","2024-08-01","2024-08-27","Holmes (County)"
4806,"2024-08-10","FL","DR","Tropical Storm","HURRICANE DEBBY","2024-08-01","2024-08-27","Marion (County)"
4806,"2024-08-10","FL","DR","Tropical Storm","HURRICANE DEBBY","2024-08-01","2024-08-27","Jackson (County)"
4806,"2024-08-10","FL","DR","Tropical Storm","HURRICANE DEBBY","2024-08-01","2024-08-27","Escambia (County)"
4806,"2024-08-10","FL","DR","Tropical Storm","HURRICANE DEBBY","2024-08-01","2024-08-27","DeSoto (County)"
4806,"2024-08-10","FL","DR","Tropical Storm","HURRICANE DEBBY","2024-08-01","2024-08-27","Duval (County)"
4806,"2024-08-10","FL","DR","Tropical Storm","HURRICANE DEBBY","2024-08-01","2024-08-27","Flagler (County)"
4806,"2024-08-10","FL","DR","Tropical Storm","HURRICANE DEBBY","2024-08-01","2024-08-27","Calhoun (County)"
4806,"2024-08-10","FL","DR","Tropical Storm","HURRICANE DEBBY","2024-08-01","2024-08-27","Charlotte (County)"
4806,"2024-08-10","FL","DR","Tropical Storm","HURRICANE DEBBY","2024-08-01","2024-08-27","Brevard (County)"
4806,"2024-08-10","FL","DR","Tropical Storm","HURRICANE DEBBY","2024-08-01","2024-08-27","Clay (County)"
4806,"2024-08-10","FL","DR","Tropical Storm","HURRICANE DEBBY","2024-08-01","2024-08-27","Collier (County)"
4806,"2024-08-10","FL","DR","Tropical Storm","HURRICANE DEBBY","2024-08-01","2024-08-27","Franklin (County)"
4806,"2024-08-10","FL","DR","Tropical Storm","HURRICANE DEBBY","2024-08-01","2024-08-27","Bradford (County)"
4806,"2024-08-10","FL","DR","Tropical Storm","HURRICANE DEBBY","2024-08-01","2024-08-27","Bay (County)"
4806,"2024-08-10","FL","DR","Tropical Storm","HURRICANE DEBBY","2024-08-01","2024-08-27","Gadsden (County)"
4806,"2024-08-10","FL","DR","Tropical Storm","HURRICANE DEBBY","2024-08-01","2024-08-27","Glades (County)"
4806,"2024-08-10","FL","DR","Tropical Storm","HURRICANE DEBBY","2024-08-01","2024-08-27","Seminole (County)"
4806,"2024-08-10","FL","DR","Tropical Storm","HURRICANE DEBBY","2024-08-01","2024-08-27","Sumter (County)"
4806,"2024-08-10","FL","DR","Tropical Storm","HURRICANE DEBBY","2024-08-01","2024-08-27","Union (County)"
5529,"2024-08-09","OR","FM","Fire","LEE FALLS FIRE","2024-08-08","","Washington (County)"
3609,"2024-08-08","VT","EM","Tropical Storm","TROPICAL DEPRESSION DEBBY","2024-08-08","2024-08-10","Chittenden (County)"
3609,"2024-08-08","VT","EM","Tropical Storm","TROPICAL DEPRESSION DEBBY","2024-08-08","2024-08-10","Lamoille (County)"
3609,"2024-08-08","VT","EM","Tropical Storm","TROPICAL DEPRESSION DEBBY","2024-08-08","2024-08-10","Washington (County)"
3609,"2024-08-08","VT","EM","Tropical Storm","TROPICAL DEPRESSION DEBBY","2024-08-08","2024-08-10","Windham (County)"
3609,"2024-08-08","VT","EM","Tropical Storm","TROPICAL DEPRESSION DEBBY","2024-08-08","2024-08-10","Rutland (County)"
3609,"2024-08-08","VT","EM","Tropical Storm","TROPICAL DEPRESSION DEBBY","2024-08-08","2024-08-10","Windsor (County)"
3609,"2024-08-08","VT","EM","Tropical Storm","TROPICAL DEPRESSION DEBBY","2024-08-08","2024-08-10","Orange (County)"
3609,"2024-08-08","VT","EM","Tropical Storm","TROPICAL DEPRESSION DEBBY","2024-08-08","2024-08-10","Orleans (County)"
3609,"2024-08-08","VT","EM","Tropical Storm","TROPICAL DEPRESSION DEBBY","2024-08-08","2024-08-10","Essex (County)"
3609,"2024-08-08","VT","EM","Tropical Storm","TROPICAL DEPRESSION DEBBY","2024-08-08","2024-08-10","Caledonia (County)"
3609,"2024-08-08","VT","EM","Tropical Storm","TROPICAL DEPRESSION DEBBY","2024-08-08","2024-08-10","Franklin (County)"
3609,"2024-08-08","VT","EM","Tropical Storm","TROPICAL DEPRESSION DEBBY","2024-08-08","2024-08-10","Bennington (County)"
3609,"2024-08-08","VT","EM","Tropical Storm","TROPICAL DEPRESSION DEBBY","2024-08-08","2024-08-10","Grand Isle (County)"
3609,"2024-08-08","VT","EM","Tropical Storm","TROPICAL DEPRESSION DEBBY","2024-08-08","2024-08-10","Addison (County)"
